-- MySQL dump 10.13  Distrib 5.7.28, for Win64 (x86_64)
--
-- Host: localhost    Database: icredit
-- ------------------------------------------------------
-- Server version	5.7.28-log

/*!40101 SET @OLD_CHARACTER_SET_CLIENT=@@CHARACTER_SET_CLIENT */;
/*!40101 SET @OLD_CHARACTER_SET_RESULTS=@@CHARACTER_SET_RESULTS */;
/*!40101 SET @OLD_COLLATION_CONNECTION=@@COLLATION_CONNECTION */;
/*!40101 SET NAMES utf8 */;
/*!40103 SET @OLD_TIME_ZONE=@@TIME_ZONE */;
/*!40103 SET TIME_ZONE='+00:00' */;
/*!40014 SET @OLD_UNIQUE_CHECKS=@@UNIQUE_CHECKS, UNIQUE_CHECKS=0 */;
/*!40014 SET @OLD_FOREIGN_KEY_CHECKS=@@FOREIGN_KEY_CHECKS, FOREIGN_KEY_CHECKS=0 */;
/*!40101 SET @OLD_SQL_MODE=@@SQL_MODE, SQL_MODE='NO_AUTO_VALUE_ON_ZERO' */;
/*!40111 SET @OLD_SQL_NOTES=@@SQL_NOTES, SQL_NOTES=0 */;

--
-- Table structure for table `__migrationhistory`
--

DROP TABLE IF EXISTS `__migrationhistory`;
/*!40101 SET @saved_cs_client     = @@character_set_client */;
/*!40101 SET character_set_client = utf8 */;
CREATE TABLE `__migrationhistory` (
  `MigrationId` varchar(255) NOT NULL,
  `CreatedOn` datetime NOT NULL,
  `Model` longblob NOT NULL,
  `ProductVersion` varchar(32) NOT NULL,
  PRIMARY KEY (`MigrationId`)
) ENGINE=InnoDB DEFAULT CHARSET=utf8;
/*!40101 SET character_set_client = @saved_cs_client */;

--
-- Dumping data for table `__migrationhistory`
--

LOCK TABLES `__migrationhistory` WRITE;
/*!40000 ALTER TABLE `__migrationhistory` DISABLE KEYS */;
/*!40000 ALTER TABLE `__migrationhistory` ENABLE KEYS */;
UNLOCK TABLES;

--
-- Table structure for table `abono`
--

DROP TABLE IF EXISTS `abono`;
/*!40101 SET @saved_cs_client     = @@character_set_client */;
/*!40101 SET character_set_client = utf8 */;
CREATE TABLE `abono` (
  `AbonoId` int(11) NOT NULL AUTO_INCREMENT,
  `CuotaId` int(11) NOT NULL,
  `Fecha` datetime NOT NULL,
  `Valor` decimal(10,2) DEFAULT NULL,
  `Paga` decimal(10,2) DEFAULT NULL,
  `Devolucion` decimal(10,2) DEFAULT NULL,
  `Observacion` text,
  `CreadoPor` varchar(128) DEFAULT NULL,
  `FechaCreacion` datetime DEFAULT NULL,
  `ModificadoPor` varchar(128) DEFAULT NULL,
  `FechaModificacion` datetime DEFAULT NULL,
  `AbonoNro` int(11) DEFAULT NULL,
  `FechaEnvio` datetime DEFAULT NULL,
  `Estado` bit(1) NOT NULL DEFAULT b'1',
  PRIMARY KEY (`AbonoId`),
  KEY `IX_CuotaId` (`CuotaId`),
  CONSTRAINT `FK_Abono_Cuota_CuotaId` FOREIGN KEY (`CuotaId`) REFERENCES `cuota` (`CuotaId`) ON DELETE CASCADE ON UPDATE NO ACTION
) ENGINE=InnoDB AUTO_INCREMENT=418 DEFAULT CHARSET=utf8;
/*!40101 SET character_set_client = @saved_cs_client */;

--
-- Dumping data for table `abono`
--

LOCK TABLES `abono` WRITE;
/*!40000 ALTER TABLE `abono` DISABLE KEYS */;
INSERT INTO `abono` VALUES (38,397,'2016-02-11 10:39:02',91679.99,91679.99,0.00,NULL,'6efe93b6-f004-4f42-956f-35013aad9140','2016-02-11 10:39:20',NULL,NULL,1,'2016-02-11 21:39:28',_binary ''),(39,409,'2016-02-19 20:04:48',73.34,73.34,0.00,NULL,'db856a4c-88dd-4888-8eb6-59171ad9ac17','2016-02-19 20:04:52','db856a4c-88dd-4888-8eb6-59171ad9ac17','2016-03-12 20:59:08',1,NULL,_binary ''),(40,439,'2016-02-21 18:12:02',1800.00,1800.00,0.00,NULL,'c10563cf-c8f1-4e23-b9c1-e773f58db58f','2016-02-21 18:12:47',NULL,NULL,1,NULL,_binary ''),(41,457,'2016-03-09 23:47:39',1150000.00,1150000.00,0.00,NULL,'1d401696-e6fa-4843-88ee-5a2df8f484ec','2016-03-09 23:47:54',NULL,NULL,1,NULL,_binary ''),(42,458,'2016-05-10 21:08:39',151517.52,151517.52,0.00,NULL,'97f27fc9-1061-4355-b689-206de7790f54','2016-05-10 21:08:42',NULL,NULL,7,'2016-05-10 21:09:37',_binary ''),(43,482,'2016-05-10 21:11:04',151517.52,151517.52,0.00,NULL,'97f27fc9-1061-4355-b689-206de7790f54','2016-05-10 21:11:06',NULL,NULL,8,NULL,_binary ''),(44,459,'2016-05-23 15:04:03',151517.52,151517.52,0.00,NULL,'97f27fc9-1061-4355-b689-206de7790f54','2016-05-23 15:04:16',NULL,NULL,9,NULL,_binary ''),(45,483,'2016-05-23 15:04:54',151517.52,151517.52,0.00,NULL,'97f27fc9-1061-4355-b689-206de7790f54','2016-05-23 15:04:57',NULL,NULL,10,NULL,_binary ''),(46,506,'2016-05-24 09:06:02',540103.65,540103.65,0.00,NULL,'97f27fc9-1061-4355-b689-206de7790f54','2016-05-24 09:06:08',NULL,NULL,11,NULL,_binary ''),(47,578,'2016-07-05 15:01:52',27276.33,27276.33,0.00,NULL,'97f27fc9-1061-4355-b689-206de7790f54','2016-07-05 15:05:41',NULL,NULL,12,NULL,_binary ''),(48,507,'2016-07-05 15:06:24',540103.65,540103.65,0.00,NULL,'97f27fc9-1061-4355-b689-206de7790f54','2016-07-05 15:06:27',NULL,NULL,13,NULL,_binary ''),(49,579,'2016-08-03 12:34:47',27276.33,27276.33,0.00,NULL,'97f27fc9-1061-4355-b689-206de7790f54','2016-08-03 12:35:17',NULL,NULL,14,NULL,_binary ''),(50,508,'2016-08-03 12:35:30',540103.64,540103.64,0.00,NULL,'97f27fc9-1061-4355-b689-206de7790f54','2016-08-03 12:35:31',NULL,NULL,15,NULL,_binary ''),(51,484,'2016-08-03 12:35:45',151517.52,151517.52,0.00,NULL,'97f27fc9-1061-4355-b689-206de7790f54','2016-08-03 12:35:47',NULL,NULL,16,NULL,_binary ''),(52,460,'2016-08-03 12:35:59',151517.52,151517.52,0.00,NULL,'97f27fc9-1061-4355-b689-206de7790f54','2016-08-03 12:36:00',NULL,NULL,17,NULL,_binary ''),(53,626,'2016-09-07 16:10:43',40909.73,40909.73,0.00,NULL,'97f27fc9-1061-4355-b689-206de7790f54','2016-09-07 16:10:46',NULL,NULL,18,NULL,_binary ''),(54,580,'2016-09-07 16:11:05',27276.33,27276.33,0.00,NULL,'97f27fc9-1061-4355-b689-206de7790f54','2016-09-07 16:11:06',NULL,NULL,19,NULL,_binary ''),(55,509,'2016-09-07 16:11:30',540103.65,540103.65,0.00,NULL,'97f27fc9-1061-4355-b689-206de7790f54','2016-09-07 16:11:32',NULL,NULL,20,NULL,_binary ''),(56,485,'2016-09-07 16:11:48',151517.52,151517.52,0.00,NULL,'97f27fc9-1061-4355-b689-206de7790f54','2016-09-07 16:11:50',NULL,NULL,21,NULL,_binary ''),(57,461,'2016-09-07 16:12:02',151517.52,151517.52,0.00,NULL,'97f27fc9-1061-4355-b689-206de7790f54','2016-09-07 16:12:03',NULL,NULL,22,NULL,_binary ''),(58,627,'2016-10-04 08:02:16',40909.73,40909.73,0.00,NULL,'97f27fc9-1061-4355-b689-206de7790f54','2016-10-04 08:02:37',NULL,NULL,23,NULL,_binary ''),(59,581,'2016-10-04 08:02:59',27276.33,27276.33,0.00,NULL,'97f27fc9-1061-4355-b689-206de7790f54','2016-10-04 08:03:02',NULL,NULL,24,NULL,_binary ''),(60,510,'2016-10-04 08:03:12',540103.65,540103.65,0.00,NULL,'97f27fc9-1061-4355-b689-206de7790f54','2016-10-04 08:03:14',NULL,NULL,25,NULL,_binary ''),(61,486,'2016-10-04 08:03:24',151517.52,151517.52,0.00,NULL,'97f27fc9-1061-4355-b689-206de7790f54','2016-10-04 08:03:26',NULL,NULL,26,NULL,_binary ''),(62,462,'2016-10-04 08:03:36',151517.52,151517.52,0.00,NULL,'97f27fc9-1061-4355-b689-206de7790f54','2016-10-04 08:03:38',NULL,NULL,27,NULL,_binary ''),(63,582,'2016-11-03 07:45:12',27276.33,27276.33,0.00,NULL,'97f27fc9-1061-4355-b689-206de7790f54','2016-11-03 07:45:46',NULL,NULL,28,NULL,_binary ''),(64,487,'2016-11-03 07:45:59',151517.52,151517.52,0.00,NULL,'97f27fc9-1061-4355-b689-206de7790f54','2016-11-03 07:46:00',NULL,NULL,29,NULL,_binary ''),(65,463,'2016-11-03 07:46:11',151517.52,151517.52,0.00,NULL,'97f27fc9-1061-4355-b689-206de7790f54','2016-11-03 07:46:12',NULL,NULL,30,NULL,_binary ''),(66,674,'2016-11-03 08:23:34',63283.82,63283.82,0.00,NULL,'97f27fc9-1061-4355-b689-206de7790f54','2016-11-03 08:23:38',NULL,NULL,31,NULL,_binary ''),(67,628,'2016-11-03 08:24:36',40909.73,40909.73,0.00,NULL,'97f27fc9-1061-4355-b689-206de7790f54','2016-11-03 08:24:38',NULL,NULL,32,NULL,_binary ''),(68,511,'2016-11-03 08:25:53',540103.64,540103.64,0.00,NULL,'97f27fc9-1061-4355-b689-206de7790f54','2016-11-03 08:25:55',NULL,NULL,33,NULL,_binary ''),(69,675,'2016-11-30 00:00:00',63283.82,63283.82,0.00,NULL,'97f27fc9-1061-4355-b689-206de7790f54','2016-12-05 09:03:13',NULL,NULL,34,NULL,_binary ''),(70,629,'2016-11-30 00:00:00',40909.73,40909.73,0.00,NULL,'97f27fc9-1061-4355-b689-206de7790f54','2016-12-05 09:03:30',NULL,NULL,35,NULL,_binary ''),(71,512,'2016-11-30 00:00:00',540103.65,540103.65,0.00,NULL,'97f27fc9-1061-4355-b689-206de7790f54','2016-12-05 09:03:43',NULL,NULL,36,NULL,_binary ''),(72,583,'2016-11-30 00:00:00',27276.33,27276.33,0.00,NULL,'97f27fc9-1061-4355-b689-206de7790f54','2016-12-05 09:47:31',NULL,NULL,37,NULL,_binary ''),(73,488,'2016-11-30 00:00:00',151517.52,151517.52,0.00,NULL,'97f27fc9-1061-4355-b689-206de7790f54','2016-12-05 09:47:40',NULL,NULL,38,NULL,_binary ''),(74,464,'2016-11-30 00:00:00',151517.52,151517.52,0.00,NULL,'97f27fc9-1061-4355-b689-206de7790f54','2016-12-05 09:47:47',NULL,NULL,39,NULL,_binary ''),(75,698,'2016-12-24 00:00:00',57892.62,57892.62,0.00,NULL,'97f27fc9-1061-4355-b689-206de7790f54','2016-12-24 11:50:10',NULL,NULL,40,NULL,_binary ''),(76,676,'2016-12-24 00:00:00',63283.82,63283.82,0.00,NULL,'97f27fc9-1061-4355-b689-206de7790f54','2016-12-24 11:51:13',NULL,NULL,41,NULL,_binary ''),(77,630,'2016-12-24 00:00:00',40909.73,40909.73,0.00,NULL,'97f27fc9-1061-4355-b689-206de7790f54','2016-12-24 11:51:21',NULL,NULL,42,NULL,_binary ''),(78,513,'2016-12-24 00:00:00',540103.65,540103.65,0.00,NULL,'97f27fc9-1061-4355-b689-206de7790f54','2016-12-24 11:51:28',NULL,NULL,43,NULL,_binary ''),(79,584,'2016-12-31 00:00:00',27276.33,27276.33,0.00,NULL,'97f27fc9-1061-4355-b689-206de7790f54','2017-01-03 21:36:11',NULL,NULL,44,NULL,_binary ''),(80,489,'2016-12-31 00:00:00',151517.53,151517.53,0.00,NULL,'97f27fc9-1061-4355-b689-206de7790f54','2017-01-03 21:36:21',NULL,NULL,45,NULL,_binary ''),(81,465,'2016-12-31 00:00:00',151517.53,151517.53,0.00,NULL,'97f27fc9-1061-4355-b689-206de7790f54','2017-01-03 21:36:31',NULL,NULL,46,NULL,_binary ''),(82,699,'2017-02-04 00:00:00',57892.62,57892.62,0.00,NULL,'97f27fc9-1061-4355-b689-206de7790f54','2017-02-04 18:43:08',NULL,NULL,47,NULL,_binary ''),(83,677,'2017-02-04 00:00:00',63283.82,63283.82,0.00,NULL,'97f27fc9-1061-4355-b689-206de7790f54','2017-02-04 18:43:21',NULL,NULL,48,NULL,_binary ''),(84,631,'2017-02-04 00:00:00',40909.73,40909.73,0.00,NULL,'97f27fc9-1061-4355-b689-206de7790f54','2017-02-04 18:43:28',NULL,NULL,49,NULL,_binary ''),(85,585,'2017-02-04 00:00:00',27276.33,27276.33,0.00,NULL,'97f27fc9-1061-4355-b689-206de7790f54','2017-02-04 18:43:33',NULL,NULL,50,NULL,_binary ''),(86,514,'2017-02-04 00:00:00',540103.65,540103.65,0.00,NULL,'97f27fc9-1061-4355-b689-206de7790f54','2017-02-04 18:43:39',NULL,NULL,51,NULL,_binary ''),(87,490,'2017-02-04 00:00:00',151517.52,151517.52,0.00,NULL,'97f27fc9-1061-4355-b689-206de7790f54','2017-02-04 18:43:47',NULL,NULL,52,NULL,_binary ''),(88,466,'2017-02-04 00:00:00',151517.52,151517.52,0.00,NULL,'97f27fc9-1061-4355-b689-206de7790f54','2017-02-04 18:43:56',NULL,NULL,53,NULL,_binary ''),(89,770,'2017-02-28 00:00:00',7351.44,7351.44,0.00,NULL,'97f27fc9-1061-4355-b689-206de7790f54','2017-03-04 10:28:51',NULL,NULL,54,NULL,_binary ''),(90,700,'2017-03-04 00:00:00',57892.62,57892.62,0.00,NULL,'97f27fc9-1061-4355-b689-206de7790f54','2017-03-04 10:30:13',NULL,NULL,55,NULL,_binary ''),(91,678,'2017-03-04 00:00:00',63283.82,63283.82,0.00,NULL,'97f27fc9-1061-4355-b689-206de7790f54','2017-03-04 10:30:19',NULL,NULL,56,NULL,_binary ''),(92,632,'2017-03-04 00:00:00',40909.73,40909.73,0.00,NULL,'97f27fc9-1061-4355-b689-206de7790f54','2017-03-04 10:30:24',NULL,NULL,57,NULL,_binary ''),(93,586,'2017-03-04 00:00:00',27276.33,27276.33,0.00,NULL,'97f27fc9-1061-4355-b689-206de7790f54','2017-03-04 10:30:29',NULL,NULL,58,NULL,_binary ''),(94,515,'2017-03-04 00:00:00',540103.64,540103.64,0.00,NULL,'97f27fc9-1061-4355-b689-206de7790f54','2017-03-04 10:30:39',NULL,NULL,59,NULL,_binary ''),(95,491,'2017-03-04 00:00:00',151517.52,151517.52,0.00,NULL,'97f27fc9-1061-4355-b689-206de7790f54','2017-03-04 10:30:48',NULL,NULL,60,NULL,_binary ''),(96,467,'2017-03-04 00:00:00',151517.52,151517.52,0.00,NULL,'97f27fc9-1061-4355-b689-206de7790f54','2017-03-04 10:30:57',NULL,NULL,61,NULL,_binary ''),(97,878,'2017-03-31 00:00:00',78954.50,78954.50,0.00,NULL,'97f27fc9-1061-4355-b689-206de7790f54','2017-04-06 21:27:42',NULL,NULL,62,NULL,_binary ''),(98,771,'2017-03-31 00:00:00',7351.45,7351.45,0.00,NULL,'97f27fc9-1061-4355-b689-206de7790f54','2017-04-06 21:27:56',NULL,NULL,63,NULL,_binary ''),(99,701,'2017-03-31 00:00:00',57892.62,57892.62,0.00,NULL,'97f27fc9-1061-4355-b689-206de7790f54','2017-04-06 21:28:06',NULL,NULL,64,NULL,_binary ''),(100,679,'2017-03-31 00:00:00',63283.82,63283.82,0.00,NULL,'97f27fc9-1061-4355-b689-206de7790f54','2017-04-06 21:28:16',NULL,NULL,65,NULL,_binary ''),(101,633,'2017-03-31 00:00:00',40909.73,40909.73,0.00,NULL,'97f27fc9-1061-4355-b689-206de7790f54','2017-04-06 21:28:25',NULL,NULL,66,NULL,_binary ''),(102,587,'2017-03-31 00:00:00',27276.33,27276.33,0.00,NULL,'97f27fc9-1061-4355-b689-206de7790f54','2017-04-06 21:28:38',NULL,NULL,67,NULL,_binary ''),(103,516,'2017-03-31 00:00:00',540103.65,540103.65,0.00,NULL,'97f27fc9-1061-4355-b689-206de7790f54','2017-04-06 21:28:52',NULL,NULL,68,NULL,_binary ''),(104,492,'2017-03-31 00:00:00',151517.52,151517.52,0.00,NULL,'97f27fc9-1061-4355-b689-206de7790f54','2017-04-06 21:29:11',NULL,NULL,69,NULL,_binary ''),(105,468,'2017-03-31 00:00:00',151517.52,151517.52,0.00,NULL,'97f27fc9-1061-4355-b689-206de7790f54','2017-04-06 21:29:23',NULL,NULL,70,NULL,_binary ''),(106,588,'2017-05-03 00:00:00',27276.33,27276.33,0.00,NULL,'97f27fc9-1061-4355-b689-206de7790f54','2017-05-03 21:41:18',NULL,NULL,71,NULL,_binary ''),(107,493,'2017-05-03 00:00:00',151517.52,151517.52,0.00,NULL,'97f27fc9-1061-4355-b689-206de7790f54','2017-05-03 21:41:32',NULL,NULL,72,NULL,_binary ''),(108,469,'2017-05-03 00:00:00',151517.52,151517.52,0.00,NULL,'97f27fc9-1061-4355-b689-206de7790f54','2017-05-03 21:41:39',NULL,NULL,73,NULL,_binary ''),(109,879,'2017-05-03 00:00:00',78954.51,78954.51,0.00,NULL,'97f27fc9-1061-4355-b689-206de7790f54','2017-05-03 21:42:52',NULL,NULL,74,NULL,_binary ''),(110,772,'2017-05-03 00:00:00',7351.44,7351.44,0.00,NULL,'97f27fc9-1061-4355-b689-206de7790f54','2017-05-03 21:42:57',NULL,NULL,75,NULL,_binary ''),(111,702,'2017-05-03 00:00:00',57892.62,57892.62,0.00,NULL,'97f27fc9-1061-4355-b689-206de7790f54','2017-05-03 21:43:02',NULL,NULL,76,NULL,_binary ''),(112,680,'2017-05-03 00:00:00',63283.82,63283.82,0.00,NULL,'97f27fc9-1061-4355-b689-206de7790f54','2017-05-03 21:43:08',NULL,NULL,77,NULL,_binary ''),(113,634,'2017-05-03 00:00:00',40909.73,40909.73,0.00,NULL,'97f27fc9-1061-4355-b689-206de7790f54','2017-05-03 21:43:13',NULL,NULL,78,NULL,_binary ''),(114,517,'2017-05-03 00:00:00',540103.65,540103.65,0.00,NULL,'97f27fc9-1061-4355-b689-206de7790f54','2017-05-03 21:43:18',NULL,NULL,79,NULL,_binary ''),(115,914,'2017-06-06 00:00:00',215021.80,215021.80,0.00,NULL,'97f27fc9-1061-4355-b689-206de7790f54','2017-06-06 21:57:36','97f27fc9-1061-4355-b689-206de7790f54','2017-06-06 22:04:17',80,NULL,_binary '\0'),(116,915,'2017-06-06 00:00:00',215021.81,215021.81,0.00,NULL,'97f27fc9-1061-4355-b689-206de7790f54','2017-06-06 21:58:16','97f27fc9-1061-4355-b689-206de7790f54','2017-06-06 22:00:32',81,NULL,_binary '\0'),(117,881,'2017-06-06 00:00:00',78954.50,78954.50,0.00,NULL,'97f27fc9-1061-4355-b689-206de7790f54','2017-06-06 21:58:29','97f27fc9-1061-4355-b689-206de7790f54','2017-06-06 22:03:00',82,NULL,_binary '\0'),(118,880,'2017-06-06 00:00:00',78954.51,78954.51,0.00,NULL,'97f27fc9-1061-4355-b689-206de7790f54','2017-06-06 21:58:38','97f27fc9-1061-4355-b689-206de7790f54','2017-06-06 22:02:45',83,NULL,_binary '\0'),(119,773,'2017-06-06 00:00:00',7351.45,7351.45,0.00,NULL,'97f27fc9-1061-4355-b689-206de7790f54','2017-06-06 21:58:45','97f27fc9-1061-4355-b689-206de7790f54','2017-06-06 22:03:48',84,NULL,_binary '\0'),(120,774,'2017-06-06 00:00:00',7351.44,7351.44,0.00,NULL,'97f27fc9-1061-4355-b689-206de7790f54','2017-06-06 21:58:53','97f27fc9-1061-4355-b689-206de7790f54','2017-06-06 22:01:12',85,NULL,_binary '\0'),(121,703,'2017-06-06 00:00:00',57892.62,57892.62,0.00,NULL,'97f27fc9-1061-4355-b689-206de7790f54','2017-06-06 21:59:02','97f27fc9-1061-4355-b689-206de7790f54','2017-06-06 22:04:41',86,NULL,_binary '\0'),(122,704,'2017-06-06 00:00:00',57892.62,57892.62,0.00,NULL,'97f27fc9-1061-4355-b689-206de7790f54','2017-06-06 21:59:09','97f27fc9-1061-4355-b689-206de7790f54','2017-06-06 22:01:54',87,NULL,_binary '\0'),(123,681,'2017-06-06 00:00:00',63283.81,63283.81,0.00,NULL,'97f27fc9-1061-4355-b689-206de7790f54','2017-06-06 21:59:16','97f27fc9-1061-4355-b689-206de7790f54','2017-06-06 22:05:01',88,NULL,_binary '\0'),(124,914,'2017-06-06 00:00:00',215021.80,215021.80,0.00,NULL,'97f27fc9-1061-4355-b689-206de7790f54','2017-06-06 22:05:20',NULL,NULL,89,NULL,_binary ''),(125,880,'2017-06-06 00:00:00',78954.51,78954.51,0.00,NULL,'97f27fc9-1061-4355-b689-206de7790f54','2017-06-06 22:05:41',NULL,NULL,90,NULL,_binary ''),(126,773,'2017-06-06 00:00:00',7351.45,7351.45,0.00,NULL,'97f27fc9-1061-4355-b689-206de7790f54','2017-06-06 22:05:49',NULL,NULL,91,NULL,_binary ''),(127,703,'2017-06-06 00:00:00',57892.62,57892.62,0.00,NULL,'97f27fc9-1061-4355-b689-206de7790f54','2017-06-06 22:06:05',NULL,NULL,92,NULL,_binary ''),(128,681,'2017-06-06 00:00:00',63283.81,63283.81,0.00,NULL,'97f27fc9-1061-4355-b689-206de7790f54','2017-06-06 22:06:17',NULL,NULL,93,NULL,_binary ''),(129,635,'2017-06-06 00:00:00',40909.73,40909.73,0.00,NULL,'97f27fc9-1061-4355-b689-206de7790f54','2017-06-06 22:06:26',NULL,NULL,94,NULL,_binary ''),(130,589,'2017-06-06 00:00:00',27276.33,27276.33,0.00,NULL,'97f27fc9-1061-4355-b689-206de7790f54','2017-06-06 22:06:33',NULL,NULL,95,NULL,_binary ''),(131,518,'2017-06-06 00:00:00',540103.65,540103.65,0.00,NULL,'97f27fc9-1061-4355-b689-206de7790f54','2017-06-06 22:06:49',NULL,NULL,96,NULL,_binary ''),(132,494,'2017-06-06 00:00:00',151517.53,151517.53,0.00,NULL,'97f27fc9-1061-4355-b689-206de7790f54','2017-06-06 22:06:55',NULL,NULL,97,NULL,_binary ''),(133,470,'2017-06-06 00:00:00',151517.53,151517.53,0.00,NULL,'97f27fc9-1061-4355-b689-206de7790f54','2017-06-06 22:07:01',NULL,NULL,98,NULL,_binary ''),(134,471,'2017-07-01 00:00:00',151517.52,151517.52,0.00,NULL,'97f27fc9-1061-4355-b689-206de7790f54','2017-07-01 21:10:53',NULL,NULL,99,NULL,_binary ''),(135,495,'2017-07-01 00:00:00',151517.52,151517.52,0.00,NULL,'97f27fc9-1061-4355-b689-206de7790f54','2017-07-01 21:11:14',NULL,NULL,100,NULL,_binary ''),(136,590,'2017-07-01 00:00:00',27276.33,27276.33,0.00,NULL,'97f27fc9-1061-4355-b689-206de7790f54','2017-07-01 21:11:24',NULL,NULL,101,NULL,_binary ''),(138,926,'2017-07-01 00:00:00',880000.00,880000.00,0.00,NULL,'97f27fc9-1061-4355-b689-206de7790f54','2017-07-01 21:12:12','97f27fc9-1061-4355-b689-206de7790f54','2017-07-03 20:43:02',103,NULL,_binary '\0'),(139,519,'2017-07-01 00:00:00',540103.65,540103.65,0.00,NULL,'97f27fc9-1061-4355-b689-206de7790f54','2017-07-01 21:18:10',NULL,NULL,104,NULL,_binary ''),(140,636,'2017-07-01 00:00:00',40909.73,40909.73,0.00,NULL,'97f27fc9-1061-4355-b689-206de7790f54','2017-07-01 21:18:16',NULL,NULL,105,NULL,_binary ''),(141,682,'2017-07-01 00:00:00',63283.82,63283.82,0.00,NULL,'97f27fc9-1061-4355-b689-206de7790f54','2017-07-01 21:18:22',NULL,NULL,106,NULL,_binary ''),(142,704,'2017-07-01 00:00:00',57892.62,57892.62,0.00,NULL,'97f27fc9-1061-4355-b689-206de7790f54','2017-07-01 21:18:28',NULL,NULL,107,NULL,_binary ''),(143,774,'2017-07-01 00:00:00',7351.44,7351.44,0.00,NULL,'97f27fc9-1061-4355-b689-206de7790f54','2017-07-01 21:18:35',NULL,NULL,108,NULL,_binary ''),(144,881,'2017-07-01 00:00:00',78954.50,78954.50,0.00,NULL,'97f27fc9-1061-4355-b689-206de7790f54','2017-07-01 21:18:46',NULL,NULL,109,NULL,_binary ''),(145,915,'2017-07-01 00:00:00',215021.81,215021.81,0.00,NULL,'97f27fc9-1061-4355-b689-206de7790f54','2017-07-01 21:18:51',NULL,NULL,110,NULL,_binary ''),(146,926,'2017-07-03 00:00:00',1080000.00,1080000.00,0.00,NULL,'97f27fc9-1061-4355-b689-206de7790f54','2017-07-03 20:59:43',NULL,NULL,111,NULL,_binary ''),(147,472,'2017-08-11 00:00:00',151517.52,151517.52,0.00,NULL,'97f27fc9-1061-4355-b689-206de7790f54','2017-08-11 21:36:36',NULL,NULL,112,NULL,_binary ''),(148,496,'2017-08-11 00:00:00',151517.52,151517.52,0.00,NULL,'97f27fc9-1061-4355-b689-206de7790f54','2017-08-11 21:36:46',NULL,NULL,113,NULL,_binary ''),(149,591,'2017-08-11 00:00:00',27276.33,27276.33,0.00,NULL,'97f27fc9-1061-4355-b689-206de7790f54','2017-08-11 21:36:55',NULL,NULL,114,NULL,_binary ''),(150,520,'2017-08-11 00:00:00',540103.64,540103.64,0.00,NULL,'97f27fc9-1061-4355-b689-206de7790f54','2017-08-11 21:37:46',NULL,NULL,115,NULL,_binary ''),(151,637,'2017-08-11 00:00:00',40909.73,40909.73,0.00,NULL,'97f27fc9-1061-4355-b689-206de7790f54','2017-08-11 21:37:53',NULL,NULL,116,NULL,_binary ''),(152,683,'2017-08-11 00:00:00',63283.82,63283.82,0.00,NULL,'97f27fc9-1061-4355-b689-206de7790f54','2017-08-11 21:37:59',NULL,NULL,117,NULL,_binary ''),(153,705,'2017-08-11 00:00:00',57892.62,57892.62,0.00,NULL,'97f27fc9-1061-4355-b689-206de7790f54','2017-08-11 21:38:05',NULL,NULL,118,NULL,_binary ''),(154,775,'2017-08-11 00:00:00',7351.45,7351.45,0.00,NULL,'97f27fc9-1061-4355-b689-206de7790f54','2017-08-11 21:38:13',NULL,NULL,119,NULL,_binary ''),(155,882,'2017-08-11 00:00:00',78954.51,78954.51,0.00,NULL,'97f27fc9-1061-4355-b689-206de7790f54','2017-08-11 21:38:19',NULL,NULL,120,NULL,_binary ''),(156,916,'2017-08-11 00:00:00',215021.81,215021.81,0.00,NULL,'97f27fc9-1061-4355-b689-206de7790f54','2017-08-11 21:38:26',NULL,NULL,121,NULL,_binary ''),(157,927,'2017-08-12 00:00:00',2064000.00,2064000.00,0.00,NULL,'97f27fc9-1061-4355-b689-206de7790f54','2017-08-12 01:53:48',NULL,NULL,122,NULL,_binary ''),(158,928,'2017-08-31 00:00:00',2032000.00,2032000.00,0.00,NULL,'97f27fc9-1061-4355-b689-206de7790f54','2017-09-06 22:13:08',NULL,NULL,123,NULL,_binary ''),(159,1010,'2017-08-31 00:00:00',421717.74,421717.74,0.00,NULL,'97f27fc9-1061-4355-b689-206de7790f54','2017-09-06 22:13:40',NULL,NULL,124,NULL,_binary ''),(160,473,'2017-08-31 00:00:00',151517.52,151517.52,0.00,NULL,'97f27fc9-1061-4355-b689-206de7790f54','2017-09-06 22:14:35',NULL,NULL,125,NULL,_binary ''),(161,497,'2017-08-31 00:00:00',151517.52,151517.52,0.00,NULL,'97f27fc9-1061-4355-b689-206de7790f54','2017-09-06 22:14:47',NULL,NULL,126,NULL,_binary ''),(162,592,'2017-08-31 00:00:00',27276.33,27276.33,0.00,NULL,'97f27fc9-1061-4355-b689-206de7790f54','2017-09-06 22:14:57',NULL,NULL,127,NULL,_binary ''),(163,917,'2017-08-31 00:00:00',215021.81,215021.81,0.00,NULL,'97f27fc9-1061-4355-b689-206de7790f54','2017-09-24 08:48:17',NULL,NULL,128,NULL,_binary ''),(164,521,'2017-08-31 00:00:00',540103.65,540103.65,0.00,NULL,'97f27fc9-1061-4355-b689-206de7790f54','2017-09-24 08:58:33',NULL,NULL,129,NULL,_binary ''),(165,638,'2017-08-31 00:00:00',40909.73,40909.73,0.00,NULL,'97f27fc9-1061-4355-b689-206de7790f54','2017-09-24 08:58:46',NULL,NULL,130,NULL,_binary ''),(166,684,'2017-08-31 00:00:00',63283.81,63283.81,0.00,NULL,'97f27fc9-1061-4355-b689-206de7790f54','2017-09-24 08:58:59',NULL,NULL,131,NULL,_binary ''),(167,706,'2017-08-31 00:00:00',57892.62,57892.62,0.00,NULL,'97f27fc9-1061-4355-b689-206de7790f54','2017-09-24 08:59:09',NULL,NULL,132,NULL,_binary ''),(168,776,'2017-08-31 00:00:00',7351.45,7351.45,0.00,NULL,'97f27fc9-1061-4355-b689-206de7790f54','2017-09-24 08:59:21',NULL,NULL,133,NULL,_binary ''),(169,883,'2017-08-31 00:00:00',78954.51,78954.51,0.00,NULL,'97f27fc9-1061-4355-b689-206de7790f54','2017-09-24 08:59:32',NULL,NULL,134,NULL,_binary ''),(170,474,'2017-10-11 00:00:00',151517.53,151517.53,0.00,NULL,'97f27fc9-1061-4355-b689-206de7790f54','2017-10-11 12:33:01',NULL,NULL,135,NULL,_binary ''),(171,498,'2017-10-11 00:00:00',151517.53,151517.53,0.00,NULL,'97f27fc9-1061-4355-b689-206de7790f54','2017-10-11 12:33:25',NULL,NULL,136,NULL,_binary ''),(172,593,'2017-10-11 00:00:00',27276.33,27276.33,0.00,NULL,'97f27fc9-1061-4355-b689-206de7790f54','2017-10-11 12:33:33',NULL,NULL,137,NULL,_binary ''),(173,1011,'2017-10-11 00:00:00',421717.74,421717.74,0.00,NULL,'97f27fc9-1061-4355-b689-206de7790f54','2017-10-11 12:33:43',NULL,NULL,138,NULL,_binary ''),(174,522,'2017-10-11 00:00:00',540103.65,540103.65,0.00,NULL,'97f27fc9-1061-4355-b689-206de7790f54','2017-10-11 12:59:00',NULL,NULL,139,NULL,_binary ''),(175,639,'2017-10-11 00:00:00',40909.74,40909.74,0.00,NULL,'97f27fc9-1061-4355-b689-206de7790f54','2017-10-11 12:59:07',NULL,NULL,140,NULL,_binary ''),(176,685,'2017-10-11 00:00:00',63283.82,63283.82,0.00,NULL,'97f27fc9-1061-4355-b689-206de7790f54','2017-10-11 12:59:12',NULL,NULL,141,NULL,_binary ''),(177,707,'2017-10-11 00:00:00',57892.62,57892.62,0.00,NULL,'97f27fc9-1061-4355-b689-206de7790f54','2017-10-11 12:59:19',NULL,NULL,142,NULL,_binary ''),(178,777,'2017-10-11 00:00:00',7351.45,7351.45,0.00,NULL,'97f27fc9-1061-4355-b689-206de7790f54','2017-10-11 12:59:23',NULL,NULL,143,NULL,_binary ''),(179,884,'2017-10-11 00:00:00',78954.51,78954.51,0.00,NULL,'97f27fc9-1061-4355-b689-206de7790f54','2017-10-11 12:59:28',NULL,NULL,144,NULL,_binary ''),(180,918,'2017-10-11 00:00:00',215021.81,215021.81,0.00,NULL,'97f27fc9-1061-4355-b689-206de7790f54','2017-10-11 12:59:32',NULL,NULL,145,NULL,_binary ''),(181,523,'2017-10-31 00:00:00',540103.65,540103.65,0.00,NULL,'97f27fc9-1061-4355-b689-206de7790f54','2017-10-31 15:11:09',NULL,NULL,146,NULL,_binary ''),(182,640,'2017-10-31 00:00:00',40909.73,40909.73,0.00,NULL,'97f27fc9-1061-4355-b689-206de7790f54','2017-10-31 15:11:21',NULL,NULL,147,NULL,_binary ''),(183,686,'2017-10-31 00:00:00',63283.82,63283.82,0.00,NULL,'97f27fc9-1061-4355-b689-206de7790f54','2017-10-31 15:11:28',NULL,NULL,148,NULL,_binary ''),(184,708,'2017-10-31 00:00:00',57892.61,57892.61,0.00,NULL,'97f27fc9-1061-4355-b689-206de7790f54','2017-10-31 15:11:34',NULL,NULL,149,NULL,_binary ''),(185,778,'2017-10-31 00:00:00',7351.45,7351.45,0.00,NULL,'97f27fc9-1061-4355-b689-206de7790f54','2017-10-31 15:11:40',NULL,NULL,150,NULL,_binary ''),(186,885,'2017-10-31 00:00:00',78954.51,78954.51,0.00,NULL,'97f27fc9-1061-4355-b689-206de7790f54','2017-10-31 15:11:46',NULL,NULL,151,NULL,_binary ''),(187,919,'2017-10-31 00:00:00',215021.81,215021.81,0.00,NULL,'97f27fc9-1061-4355-b689-206de7790f54','2017-10-31 15:11:57',NULL,NULL,152,NULL,_binary ''),(188,475,'2017-10-31 00:00:00',151517.52,151517.52,0.00,NULL,'97f27fc9-1061-4355-b689-206de7790f54','2017-11-03 12:17:35',NULL,NULL,153,NULL,_binary ''),(189,499,'2017-10-31 00:00:00',151517.52,151517.52,0.00,NULL,'97f27fc9-1061-4355-b689-206de7790f54','2017-11-03 12:17:45',NULL,NULL,154,NULL,_binary ''),(190,594,'2017-10-31 00:00:00',27276.33,27276.33,0.00,NULL,'97f27fc9-1061-4355-b689-206de7790f54','2017-11-03 12:17:54',NULL,NULL,155,NULL,_binary ''),(191,1012,'2017-10-31 00:00:00',421717.74,421717.74,0.00,NULL,'97f27fc9-1061-4355-b689-206de7790f54','2017-11-03 12:18:05',NULL,NULL,156,NULL,_binary ''),(192,476,'2017-11-30 00:00:00',151517.53,151517.53,0.00,NULL,'97f27fc9-1061-4355-b689-206de7790f54','2017-12-04 14:21:56',NULL,NULL,157,NULL,_binary ''),(193,500,'2017-11-30 00:00:00',151517.53,151517.53,0.00,NULL,'97f27fc9-1061-4355-b689-206de7790f54','2017-12-04 14:22:06',NULL,NULL,158,NULL,_binary ''),(194,595,'2017-11-30 00:00:00',27276.33,27276.33,0.00,NULL,'97f27fc9-1061-4355-b689-206de7790f54','2017-12-04 14:22:19',NULL,NULL,159,NULL,_binary ''),(195,1013,'2017-12-04 00:00:00',421717.75,421717.75,0.00,NULL,'97f27fc9-1061-4355-b689-206de7790f54','2017-12-04 14:32:41',NULL,NULL,160,NULL,_binary ''),(196,524,'2017-12-05 00:00:00',540103.65,540103.65,0.00,NULL,'97f27fc9-1061-4355-b689-206de7790f54','2017-12-05 17:27:22',NULL,NULL,161,NULL,_binary ''),(197,641,'2017-12-05 00:00:00',40909.74,40909.74,0.00,NULL,'97f27fc9-1061-4355-b689-206de7790f54','2017-12-05 17:27:27',NULL,NULL,162,NULL,_binary ''),(198,687,'2017-12-05 00:00:00',63283.82,63283.82,0.00,NULL,'97f27fc9-1061-4355-b689-206de7790f54','2017-12-05 17:27:31',NULL,NULL,163,NULL,_binary ''),(199,709,'2017-12-05 00:00:00',57892.62,57892.62,0.00,NULL,'97f27fc9-1061-4355-b689-206de7790f54','2017-12-05 17:27:35',NULL,NULL,164,NULL,_binary ''),(200,779,'2017-12-05 00:00:00',7351.44,7351.44,0.00,NULL,'97f27fc9-1061-4355-b689-206de7790f54','2017-12-05 17:27:40',NULL,NULL,165,NULL,_binary ''),(201,886,'2017-12-05 00:00:00',78954.51,78954.51,0.00,NULL,'97f27fc9-1061-4355-b689-206de7790f54','2017-12-05 17:27:44',NULL,NULL,166,NULL,_binary ''),(202,920,'2017-12-05 00:00:00',215021.81,215021.81,0.00,NULL,'97f27fc9-1061-4355-b689-206de7790f54','2017-12-05 17:27:48',NULL,NULL,167,NULL,_binary ''),(204,477,'2018-01-04 00:00:00',151517.52,151517.52,0.00,NULL,'97f27fc9-1061-4355-b689-206de7790f54','2018-01-04 19:21:02',NULL,NULL,169,NULL,_binary ''),(205,501,'2018-01-04 00:00:00',151517.52,151517.52,0.00,NULL,'97f27fc9-1061-4355-b689-206de7790f54','2018-01-04 19:21:11',NULL,NULL,170,NULL,_binary ''),(206,596,'2018-01-04 00:00:00',27276.33,27276.33,0.00,NULL,'97f27fc9-1061-4355-b689-206de7790f54','2018-01-04 19:21:21',NULL,NULL,171,NULL,_binary ''),(207,1014,'2018-01-04 00:00:00',421717.74,421717.74,0.00,NULL,'97f27fc9-1061-4355-b689-206de7790f54','2018-01-04 19:21:27',NULL,NULL,172,NULL,_binary ''),(209,525,'2018-01-11 00:00:00',540103.65,540103.65,0.00,NULL,'97f27fc9-1061-4355-b689-206de7790f54','2018-01-11 00:26:27',NULL,NULL,174,NULL,_binary ''),(210,642,'2018-01-11 00:00:00',40909.73,40909.73,0.00,NULL,'97f27fc9-1061-4355-b689-206de7790f54','2018-01-11 00:26:37',NULL,NULL,175,NULL,_binary ''),(211,688,'2018-01-11 00:00:00',63283.82,63283.82,0.00,NULL,'97f27fc9-1061-4355-b689-206de7790f54','2018-01-11 00:26:42',NULL,NULL,176,NULL,_binary ''),(212,710,'2018-01-11 00:00:00',57892.61,57892.61,0.00,NULL,'97f27fc9-1061-4355-b689-206de7790f54','2018-01-11 00:26:48',NULL,NULL,177,NULL,_binary ''),(213,780,'2018-01-11 00:00:00',7351.45,7351.45,0.00,NULL,'97f27fc9-1061-4355-b689-206de7790f54','2018-01-11 00:26:55',NULL,NULL,178,NULL,_binary ''),(214,887,'2018-01-11 00:00:00',78954.51,78954.51,0.00,NULL,'97f27fc9-1061-4355-b689-206de7790f54','2018-01-11 00:27:00',NULL,NULL,179,NULL,_binary ''),(215,921,'2018-01-11 00:00:00',215021.81,215021.81,0.00,NULL,'97f27fc9-1061-4355-b689-206de7790f54','2018-01-11 00:27:05',NULL,NULL,180,NULL,_binary ''),(216,478,'2018-02-05 00:00:00',151517.52,151517.52,0.00,NULL,'97f27fc9-1061-4355-b689-206de7790f54','2018-02-05 13:06:33',NULL,NULL,181,NULL,_binary ''),(217,502,'2018-02-05 00:00:00',151517.52,151517.52,0.00,NULL,'97f27fc9-1061-4355-b689-206de7790f54','2018-02-05 13:06:54',NULL,NULL,182,NULL,_binary ''),(218,597,'2018-02-05 00:00:00',27276.33,27276.33,0.00,NULL,'97f27fc9-1061-4355-b689-206de7790f54','2018-02-05 13:07:00',NULL,NULL,183,NULL,_binary ''),(219,1015,'2018-02-05 00:00:00',421717.74,421717.74,0.00,NULL,'97f27fc9-1061-4355-b689-206de7790f54','2018-02-05 13:07:07',NULL,NULL,184,NULL,_binary ''),(220,526,'2018-02-05 00:00:00',540103.64,540103.64,0.00,NULL,'97f27fc9-1061-4355-b689-206de7790f54','2018-02-05 15:25:25',NULL,NULL,185,NULL,_binary ''),(221,643,'2018-02-05 00:00:00',40909.73,40909.73,0.00,NULL,'97f27fc9-1061-4355-b689-206de7790f54','2018-02-05 15:25:31',NULL,NULL,186,NULL,_binary ''),(222,689,'2018-02-05 00:00:00',63283.82,63283.82,0.00,NULL,'97f27fc9-1061-4355-b689-206de7790f54','2018-02-05 15:25:36',NULL,NULL,187,NULL,_binary ''),(223,711,'2018-02-05 00:00:00',57892.61,57892.61,0.00,NULL,'97f27fc9-1061-4355-b689-206de7790f54','2018-02-05 15:25:40',NULL,NULL,188,NULL,_binary ''),(224,781,'2018-02-05 00:00:00',7351.45,7351.45,0.00,NULL,'97f27fc9-1061-4355-b689-206de7790f54','2018-02-05 15:25:45',NULL,NULL,189,NULL,_binary ''),(225,888,'2018-02-05 00:00:00',78954.50,78954.50,0.00,NULL,'97f27fc9-1061-4355-b689-206de7790f54','2018-02-05 15:25:49',NULL,NULL,190,NULL,_binary ''),(226,922,'2018-02-05 00:00:00',215021.81,215021.81,0.00,NULL,'97f27fc9-1061-4355-b689-206de7790f54','2018-02-05 15:25:54',NULL,NULL,191,NULL,_binary ''),(227,527,'2018-03-01 00:00:00',540103.64,540103.64,0.00,NULL,'97f27fc9-1061-4355-b689-206de7790f54','2018-03-01 15:14:05',NULL,NULL,192,NULL,_binary ''),(228,644,'2018-03-01 00:00:00',40909.73,40909.73,0.00,NULL,'97f27fc9-1061-4355-b689-206de7790f54','2018-03-01 15:14:16',NULL,NULL,193,NULL,_binary ''),(229,690,'2018-03-01 00:00:00',63283.82,63283.82,0.00,NULL,'97f27fc9-1061-4355-b689-206de7790f54','2018-03-01 15:14:23',NULL,NULL,194,NULL,_binary ''),(230,712,'2018-03-01 00:00:00',57892.62,57892.62,0.00,NULL,'97f27fc9-1061-4355-b689-206de7790f54','2018-03-01 15:14:28',NULL,NULL,195,NULL,_binary ''),(231,782,'2018-03-01 00:00:00',7351.44,7351.44,0.00,NULL,'97f27fc9-1061-4355-b689-206de7790f54','2018-03-01 15:14:33',NULL,NULL,196,NULL,_binary ''),(232,889,'2018-03-01 00:00:00',78954.51,78954.51,0.00,NULL,'97f27fc9-1061-4355-b689-206de7790f54','2018-03-01 15:14:39',NULL,NULL,197,NULL,_binary ''),(233,923,'2018-03-01 00:00:00',215021.81,215021.81,0.00,NULL,'97f27fc9-1061-4355-b689-206de7790f54','2018-03-01 15:14:44',NULL,NULL,198,NULL,_binary ''),(234,890,'2018-03-02 00:00:00',997000.00,997000.00,0.00,NULL,'97f27fc9-1061-4355-b689-206de7790f54','2018-03-02 10:21:33',NULL,NULL,199,NULL,_binary ''),(235,479,'2018-03-05 00:00:00',151517.52,151517.52,0.00,NULL,'97f27fc9-1061-4355-b689-206de7790f54','2018-03-05 09:18:37',NULL,NULL,200,NULL,_binary ''),(236,503,'2018-03-05 00:00:00',151517.52,151517.52,0.00,NULL,'97f27fc9-1061-4355-b689-206de7790f54','2018-03-05 09:18:43',NULL,NULL,201,NULL,_binary ''),(237,598,'2018-03-05 00:00:00',27276.33,27276.33,0.00,NULL,'97f27fc9-1061-4355-b689-206de7790f54','2018-03-05 09:18:50',NULL,NULL,202,NULL,_binary ''),(238,1016,'2018-03-05 00:00:00',421717.74,421717.74,0.00,NULL,'97f27fc9-1061-4355-b689-206de7790f54','2018-03-05 09:24:29',NULL,NULL,203,NULL,_binary ''),(239,691,'2018-03-05 00:00:00',63283.82,63283.82,0.00,NULL,'97f27fc9-1061-4355-b689-206de7790f54','2018-03-05 09:30:55',NULL,NULL,204,NULL,_binary ''),(240,783,'2018-03-05 00:00:00',7351.44,7351.44,0.00,NULL,'97f27fc9-1061-4355-b689-206de7790f54','2018-03-05 09:31:02',NULL,NULL,205,NULL,_binary ''),(241,480,'2018-04-03 00:00:00',151517.52,151517.52,0.00,NULL,'97f27fc9-1061-4355-b689-206de7790f54','2018-04-03 21:05:09',NULL,NULL,206,NULL,_binary ''),(242,504,'2018-04-03 00:00:00',151517.52,151517.52,0.00,NULL,'97f27fc9-1061-4355-b689-206de7790f54','2018-04-03 21:05:18',NULL,NULL,207,NULL,_binary ''),(243,599,'2018-04-03 00:00:00',27276.33,27276.33,0.00,NULL,'97f27fc9-1061-4355-b689-206de7790f54','2018-04-03 21:05:38',NULL,NULL,208,NULL,_binary ''),(244,1017,'2018-04-03 00:00:00',421717.74,421717.74,0.00,NULL,'97f27fc9-1061-4355-b689-206de7790f54','2018-04-03 21:06:39',NULL,NULL,209,NULL,_binary ''),(245,1085,'2018-04-03 00:00:00',948557.94,948557.94,0.00,NULL,'97f27fc9-1061-4355-b689-206de7790f54','2018-04-03 21:24:58',NULL,NULL,210,NULL,_binary ''),(246,528,'2018-04-03 00:00:00',540103.65,540103.65,0.00,NULL,'97f27fc9-1061-4355-b689-206de7790f54','2018-04-03 21:36:54',NULL,NULL,211,NULL,_binary ''),(247,645,'2018-04-03 00:00:00',40909.73,40909.73,0.00,NULL,'97f27fc9-1061-4355-b689-206de7790f54','2018-04-03 21:36:59',NULL,NULL,212,NULL,_binary ''),(248,713,'2018-04-03 00:00:00',57892.62,57892.62,0.00,NULL,'97f27fc9-1061-4355-b689-206de7790f54','2018-04-03 21:37:04',NULL,NULL,213,NULL,_binary ''),(249,924,'2018-04-03 00:00:00',215021.80,215021.80,0.00,NULL,'97f27fc9-1061-4355-b689-206de7790f54','2018-04-03 21:37:08',NULL,NULL,214,NULL,_binary ''),(250,891,'2018-04-28 00:00:00',675000.00,675000.00,0.00,NULL,'97f27fc9-1061-4355-b689-206de7790f54','2018-04-28 13:54:51',NULL,NULL,215,NULL,_binary ''),(251,925,'2018-04-28 00:00:00',215021.81,215021.81,0.00,NULL,'97f27fc9-1061-4355-b689-206de7790f54','2018-04-28 13:58:36',NULL,NULL,216,NULL,_binary ''),(252,784,'2018-04-28 00:00:00',140615.00,140615.00,0.00,NULL,'97f27fc9-1061-4355-b689-206de7790f54','2018-04-28 13:59:47',NULL,NULL,217,NULL,_binary ''),(253,714,'2018-04-28 00:00:00',1026353.00,1026353.00,0.00,NULL,'97f27fc9-1061-4355-b689-206de7790f54','2018-04-28 14:05:09',NULL,NULL,218,NULL,_binary ''),(254,692,'2018-04-28 00:00:00',416849.00,416849.00,0.00,NULL,'97f27fc9-1061-4355-b689-206de7790f54','2018-04-28 14:10:39',NULL,NULL,219,NULL,_binary ''),(255,646,'2018-04-28 00:00:00',159813.00,159813.00,0.00,NULL,'97f27fc9-1061-4355-b689-206de7790f54','2018-04-28 14:13:53','97f27fc9-1061-4355-b689-206de7790f54','2018-04-28 14:18:22',220,NULL,_binary '\0'),(256,646,'2018-04-28 00:00:00',195689.00,195689.00,0.00,NULL,'97f27fc9-1061-4355-b689-206de7790f54','2018-04-28 14:21:41',NULL,NULL,221,NULL,_binary ''),(257,529,'2018-04-28 00:00:00',2181088.00,2181088.00,0.00,NULL,'97f27fc9-1061-4355-b689-206de7790f54','2018-04-28 14:25:29',NULL,NULL,222,NULL,_binary ''),(258,1109,'2018-05-01 00:00:00',150000.00,150000.00,0.00,NULL,'97f27fc9-1061-4355-b689-206de7790f54','2018-05-01 17:53:05',NULL,NULL,223,NULL,_binary ''),(259,481,'2018-05-02 00:00:00',151517.52,151517.52,0.00,NULL,'97f27fc9-1061-4355-b689-206de7790f54','2018-05-02 21:15:12',NULL,NULL,224,NULL,_binary ''),(260,505,'2018-05-02 00:00:00',151517.52,151517.52,0.00,NULL,'97f27fc9-1061-4355-b689-206de7790f54','2018-05-02 21:15:21',NULL,NULL,225,NULL,_binary ''),(261,600,'2018-05-02 00:00:00',27276.33,27276.33,0.00,NULL,'97f27fc9-1061-4355-b689-206de7790f54','2018-05-02 21:15:27',NULL,NULL,226,NULL,_binary ''),(262,1018,'2018-05-02 00:00:00',421717.75,421717.75,0.00,NULL,'97f27fc9-1061-4355-b689-206de7790f54','2018-05-02 21:42:03',NULL,NULL,227,NULL,_binary ''),(263,892,'2018-05-02 00:00:00',1.19,1.19,0.00,NULL,'97f27fc9-1061-4355-b689-206de7790f54','2018-05-02 22:06:30','97f27fc9-1061-4355-b689-206de7790f54','2018-07-25 16:35:04',228,NULL,_binary '\0'),(264,1086,'2018-05-09 00:00:00',948557.94,948557.94,0.00,NULL,'97f27fc9-1061-4355-b689-206de7790f54','2018-05-09 18:12:14',NULL,NULL,229,NULL,_binary ''),(265,530,'2018-05-09 00:00:00',1300000.00,1300000.00,0.00,NULL,'97f27fc9-1061-4355-b689-206de7790f54','2018-05-09 18:19:22',NULL,NULL,230,NULL,_binary ''),(266,601,'2018-06-02 00:00:00',27276.33,27276.33,0.00,NULL,'97f27fc9-1061-4355-b689-206de7790f54','2018-06-02 08:27:06',NULL,NULL,231,NULL,_binary ''),(267,1019,'2018-06-02 00:00:00',421717.75,421717.75,0.00,NULL,'97f27fc9-1061-4355-b689-206de7790f54','2018-06-02 08:27:15',NULL,NULL,232,NULL,_binary ''),(268,1087,'2018-06-02 00:00:00',948557.94,948557.94,0.00,NULL,'97f27fc9-1061-4355-b689-206de7790f54','2018-06-02 08:28:15',NULL,NULL,233,NULL,_binary ''),(269,893,'2018-06-02 00:00:00',1.20,1.20,0.00,NULL,'97f27fc9-1061-4355-b689-206de7790f54','2018-06-02 08:40:29','97f27fc9-1061-4355-b689-206de7790f54','2018-07-25 16:34:51',234,NULL,_binary '\0'),(270,1110,'2018-06-16 00:00:00',150000.00,150000.00,0.00,'me los pago cuando almorzamos en mayday','97f27fc9-1061-4355-b689-206de7790f54','2018-06-16 17:04:39',NULL,NULL,235,NULL,_binary ''),(271,894,'2018-07-03 00:00:00',1.19,1.19,0.00,NULL,'97f27fc9-1061-4355-b689-206de7790f54','2018-07-03 23:05:22','97f27fc9-1061-4355-b689-206de7790f54','2018-07-25 16:34:33',236,NULL,_binary '\0'),(272,1111,'2018-07-04 00:00:00',150000.00,150000.00,0.00,'me los pago el dia del partido en el cable','97f27fc9-1061-4355-b689-206de7790f54','2018-07-04 13:06:32','97f27fc9-1061-4355-b689-206de7790f54','2018-07-04 13:06:53',237,NULL,_binary ''),(273,1088,'2018-07-04 00:00:00',948557.94,948557.94,0.00,NULL,'97f27fc9-1061-4355-b689-206de7790f54','2018-07-04 13:10:31',NULL,NULL,238,NULL,_binary ''),(274,1020,'2018-07-04 00:00:00',421717.74,421717.74,0.00,NULL,'97f27fc9-1061-4355-b689-206de7790f54','2018-07-04 13:11:33',NULL,NULL,239,NULL,_binary ''),(275,531,'2018-07-20 00:00:00',740050.00,740050.00,0.00,NULL,'97f27fc9-1061-4355-b689-206de7790f54','2018-07-20 19:08:37',NULL,NULL,240,NULL,_binary ''),(276,892,'2018-07-25 00:00:00',22.84,22.84,0.00,NULL,'97f27fc9-1061-4355-b689-206de7790f54','2018-07-25 16:37:11',NULL,NULL,241,NULL,_binary ''),(277,785,'2018-07-25 00:00:00',0.43,0.43,0.00,NULL,'97f27fc9-1061-4355-b689-206de7790f54','2018-07-25 17:06:39',NULL,NULL,242,NULL,_binary ''),(278,715,'2018-07-25 00:00:00',0.43,0.43,0.00,NULL,'97f27fc9-1061-4355-b689-206de7790f54','2018-07-25 17:07:35',NULL,NULL,243,NULL,_binary ''),(279,693,'2018-07-25 00:00:00',1.09,1.09,0.00,NULL,'97f27fc9-1061-4355-b689-206de7790f54','2018-07-25 17:08:16',NULL,NULL,244,NULL,_binary ''),(280,647,'2018-07-25 00:00:00',1.46,1.46,0.00,NULL,'97f27fc9-1061-4355-b689-206de7790f54','2018-07-25 17:08:43',NULL,NULL,245,NULL,_binary ''),(281,1121,'2018-08-02 00:00:00',10150000.00,10150000.00,0.00,NULL,'97f27fc9-1061-4355-b689-206de7790f54','2018-08-02 14:52:08',NULL,NULL,246,NULL,_binary ''),(282,532,'2018-08-02 00:00:00',2775000.00,2775000.00,0.00,NULL,'97f27fc9-1061-4355-b689-206de7790f54','2018-08-02 15:00:28',NULL,NULL,247,NULL,_binary ''),(283,1112,'2018-08-02 00:00:00',150000.00,150000.00,0.00,'me los consigno en davivienda','97f27fc9-1061-4355-b689-206de7790f54','2018-08-02 15:01:26',NULL,NULL,248,NULL,_binary ''),(284,1122,'2018-08-03 00:00:00',225000.00,225000.00,0.00,NULL,'97f27fc9-1061-4355-b689-206de7790f54','2018-08-03 12:41:25',NULL,NULL,249,NULL,_binary ''),(285,1021,'2018-08-06 00:00:00',421717.74,421717.74,0.00,NULL,'97f27fc9-1061-4355-b689-206de7790f54','2018-08-06 10:31:21',NULL,NULL,250,NULL,_binary ''),(286,1089,'2018-08-06 00:00:00',948557.94,948557.94,0.00,NULL,'97f27fc9-1061-4355-b689-206de7790f54','2018-08-06 10:34:13',NULL,NULL,251,NULL,_binary ''),(287,533,'2018-08-27 00:00:00',1300000.00,1300000.00,0.00,NULL,'97f27fc9-1061-4355-b689-206de7790f54','2018-08-27 16:52:33',NULL,NULL,252,NULL,_binary ''),(288,1113,'2018-09-05 00:00:00',150000.00,150000.00,0.00,NULL,'97f27fc9-1061-4355-b689-206de7790f54','2018-09-05 09:38:55',NULL,NULL,253,NULL,_binary ''),(289,1123,'2018-09-05 00:00:00',225000.00,225000.00,0.00,NULL,'97f27fc9-1061-4355-b689-206de7790f54','2018-09-05 09:39:07',NULL,NULL,254,NULL,_binary ''),(290,534,'2018-09-05 00:00:00',1093000.00,1093000.00,0.00,NULL,'97f27fc9-1061-4355-b689-206de7790f54','2018-09-05 19:43:34',NULL,NULL,255,NULL,_binary ''),(291,1022,'2018-09-05 00:00:00',421717.74,421717.74,0.00,NULL,'97f27fc9-1061-4355-b689-206de7790f54','2018-09-05 19:49:54',NULL,NULL,256,NULL,_binary ''),(292,1090,'2018-09-05 00:00:00',948557.94,948557.94,0.00,NULL,'97f27fc9-1061-4355-b689-206de7790f54','2018-09-05 19:50:02',NULL,NULL,257,NULL,_binary ''),(293,1114,'2018-10-02 00:00:00',150000.00,150000.00,0.00,NULL,'97f27fc9-1061-4355-b689-206de7790f54','2018-10-02 16:23:47',NULL,NULL,258,NULL,_binary ''),(294,1124,'2018-10-02 00:00:00',225000.00,225000.00,0.00,NULL,'97f27fc9-1061-4355-b689-206de7790f54','2018-10-02 16:23:54',NULL,NULL,259,NULL,_binary ''),(295,535,'2018-10-03 00:00:00',821000.00,821000.00,0.00,NULL,'97f27fc9-1061-4355-b689-206de7790f54','2018-10-03 16:14:51',NULL,NULL,260,NULL,_binary ''),(296,1023,'2018-10-03 00:00:00',421717.74,421717.74,0.00,NULL,'97f27fc9-1061-4355-b689-206de7790f54','2018-10-03 16:15:01',NULL,NULL,261,NULL,_binary ''),(297,1091,'2018-10-03 00:00:00',948557.94,948557.94,0.00,NULL,'97f27fc9-1061-4355-b689-206de7790f54','2018-10-03 16:15:08',NULL,NULL,262,NULL,_binary ''),(298,536,'2018-10-12 00:00:00',2316436.05,2316436.05,0.00,NULL,'97f27fc9-1061-4355-b689-206de7790f54','2018-10-12 23:45:55',NULL,NULL,263,NULL,_binary ''),(299,1115,'2018-11-05 00:00:00',150000.00,150000.00,0.00,NULL,'97f27fc9-1061-4355-b689-206de7790f54','2018-11-05 09:59:08',NULL,NULL,264,NULL,_binary ''),(300,1125,'2018-11-05 00:00:00',225000.00,225000.00,0.00,NULL,'97f27fc9-1061-4355-b689-206de7790f54','2018-11-05 09:59:17',NULL,NULL,265,NULL,_binary ''),(301,1024,'2018-11-06 00:00:00',421717.74,421717.74,0.00,NULL,'97f27fc9-1061-4355-b689-206de7790f54','2018-11-06 20:50:43',NULL,NULL,266,NULL,_binary ''),(302,1092,'2018-11-06 00:00:00',948557.94,948557.94,0.00,NULL,'97f27fc9-1061-4355-b689-206de7790f54','2018-11-06 20:50:48',NULL,NULL,267,NULL,_binary ''),(303,1116,'2018-12-03 00:00:00',150000.00,150000.00,0.00,NULL,'97f27fc9-1061-4355-b689-206de7790f54','2018-12-03 17:11:54',NULL,NULL,268,NULL,_binary ''),(304,1126,'2018-12-03 00:00:00',225000.00,225000.00,0.00,NULL,'97f27fc9-1061-4355-b689-206de7790f54','2018-12-03 17:12:02',NULL,NULL,269,NULL,_binary ''),(305,1093,'2018-12-03 00:00:00',948557.94,948557.94,0.00,NULL,'97f27fc9-1061-4355-b689-206de7790f54','2018-12-03 18:26:48',NULL,NULL,270,NULL,_binary ''),(306,1182,'2018-11-26 00:00:00',37500.00,37500.00,0.00,'la pago pero se va a dar de regalo a mi papa','97f27fc9-1061-4355-b689-206de7790f54','2018-12-16 17:24:00',NULL,NULL,271,NULL,_binary ''),(307,1094,'2019-01-04 00:00:00',948557.93,948557.93,0.00,NULL,'97f27fc9-1061-4355-b689-206de7790f54','2019-01-04 20:56:49',NULL,NULL,272,NULL,_binary ''),(308,1117,'2019-02-05 00:00:00',150000.00,150000.00,0.00,NULL,'97f27fc9-1061-4355-b689-206de7790f54','2019-02-05 20:30:02',NULL,NULL,273,NULL,_binary ''),(309,1127,'2019-02-05 00:00:00',225000.00,225000.00,0.00,NULL,'97f27fc9-1061-4355-b689-206de7790f54','2019-02-05 20:30:23',NULL,NULL,274,NULL,_binary ''),(310,1183,'2019-02-05 00:00:00',37500.00,37500.00,0.00,NULL,'97f27fc9-1061-4355-b689-206de7790f54','2019-02-05 20:30:34',NULL,NULL,275,NULL,_binary ''),(311,1206,'2019-02-05 00:00:00',37500.00,37500.00,0.00,NULL,'97f27fc9-1061-4355-b689-206de7790f54','2019-02-05 20:30:43',NULL,NULL,276,NULL,_binary ''),(312,1230,'2019-02-05 00:00:00',513002.49,513002.49,0.00,NULL,'97f27fc9-1061-4355-b689-206de7790f54','2019-02-05 20:32:26',NULL,NULL,277,NULL,_binary ''),(313,1095,'2019-02-05 00:00:00',948557.94,948557.94,0.00,NULL,'97f27fc9-1061-4355-b689-206de7790f54','2019-02-05 20:32:32',NULL,NULL,278,NULL,_binary ''),(314,1118,'2019-02-05 00:00:00',150000.00,150000.00,0.00,NULL,'97f27fc9-1061-4355-b689-206de7790f54','2019-03-05 22:02:35',NULL,NULL,279,NULL,_binary ''),(315,1128,'2019-02-05 00:00:00',225000.00,225000.00,0.00,NULL,'97f27fc9-1061-4355-b689-206de7790f54','2019-03-05 22:02:55',NULL,NULL,280,NULL,_binary ''),(316,1184,'2019-02-05 00:00:00',37500.00,37500.00,0.00,NULL,'97f27fc9-1061-4355-b689-206de7790f54','2019-03-05 22:03:05',NULL,NULL,281,NULL,_binary ''),(317,1207,'2019-02-05 00:00:00',37500.00,37500.00,0.00,NULL,'97f27fc9-1061-4355-b689-206de7790f54','2019-03-05 22:03:21',NULL,NULL,282,NULL,_binary ''),(318,1119,'2019-03-05 00:00:00',150000.00,150000.00,0.00,NULL,'97f27fc9-1061-4355-b689-206de7790f54','2019-03-05 22:04:46',NULL,NULL,283,NULL,_binary ''),(319,1129,'2019-03-05 00:00:00',225000.00,225000.00,0.00,NULL,'97f27fc9-1061-4355-b689-206de7790f54','2019-03-05 22:04:52',NULL,NULL,284,NULL,_binary ''),(320,1185,'2019-03-05 00:00:00',37500.00,37500.00,0.00,NULL,'97f27fc9-1061-4355-b689-206de7790f54','2019-03-05 22:04:57',NULL,NULL,285,NULL,_binary ''),(321,1208,'2019-03-05 00:00:00',37500.00,37500.00,0.00,NULL,'97f27fc9-1061-4355-b689-206de7790f54','2019-03-05 22:05:03',NULL,NULL,286,NULL,_binary ''),(322,1096,'2019-03-05 00:00:00',948557.94,948557.94,0.00,NULL,'97f27fc9-1061-4355-b689-206de7790f54','2019-03-05 22:09:02',NULL,NULL,287,NULL,_binary ''),(323,1231,'2019-03-05 00:00:00',513002.49,513002.49,0.00,NULL,'97f27fc9-1061-4355-b689-206de7790f54','2019-03-05 22:09:08',NULL,NULL,288,NULL,_binary ''),(324,1120,'2019-04-09 00:00:00',10000000.00,10000000.00,0.00,NULL,'97f27fc9-1061-4355-b689-206de7790f54','2019-04-09 00:18:49',NULL,NULL,289,NULL,_binary ''),(325,1130,'2019-04-09 00:00:00',225000.00,225000.00,0.00,NULL,'97f27fc9-1061-4355-b689-206de7790f54','2019-04-09 00:20:31',NULL,NULL,290,NULL,_binary ''),(326,1186,'2019-04-09 00:00:00',37500.00,37500.00,0.00,NULL,'97f27fc9-1061-4355-b689-206de7790f54','2019-04-09 00:20:38',NULL,NULL,291,NULL,_binary ''),(327,1209,'2019-04-09 00:00:00',37500.00,37500.00,0.00,NULL,'97f27fc9-1061-4355-b689-206de7790f54','2019-04-09 00:20:43',NULL,NULL,292,NULL,_binary ''),(328,1266,'2019-04-09 00:00:00',150000.00,150000.00,0.00,NULL,'97f27fc9-1061-4355-b689-206de7790f54','2019-04-09 00:20:48',NULL,NULL,293,NULL,_binary ''),(329,1232,'2019-04-09 00:00:00',513002.49,513002.49,0.00,NULL,'97f27fc9-1061-4355-b689-206de7790f54','2019-04-09 00:25:36',NULL,NULL,294,NULL,_binary ''),(330,1097,'2019-04-09 00:00:00',948557.94,948557.94,0.00,NULL,'97f27fc9-1061-4355-b689-206de7790f54','2019-04-09 00:25:42',NULL,NULL,295,NULL,_binary ''),(331,1233,'2019-05-04 00:00:00',513002.49,513002.49,0.00,NULL,'97f27fc9-1061-4355-b689-206de7790f54','2019-05-04 15:49:32',NULL,NULL,296,NULL,_binary ''),(332,1098,'2019-05-04 00:00:00',948557.94,948557.94,0.00,NULL,'97f27fc9-1061-4355-b689-206de7790f54','2019-05-04 15:50:00',NULL,NULL,297,NULL,_binary ''),(333,1131,'2019-06-03 00:00:00',225000.00,225000.00,0.00,NULL,'97f27fc9-1061-4355-b689-206de7790f54','2019-06-03 14:28:10',NULL,NULL,298,NULL,_binary ''),(334,1187,'2019-06-03 00:00:00',37500.00,37500.00,0.00,NULL,'97f27fc9-1061-4355-b689-206de7790f54','2019-06-03 14:28:19',NULL,NULL,299,NULL,_binary ''),(335,1210,'2019-06-03 00:00:00',37500.00,37500.00,0.00,NULL,'97f27fc9-1061-4355-b689-206de7790f54','2019-06-03 14:28:24',NULL,NULL,300,NULL,_binary ''),(336,1267,'2019-06-03 00:00:00',150000.00,150000.00,0.00,NULL,'97f27fc9-1061-4355-b689-206de7790f54','2019-06-03 14:28:29',NULL,NULL,301,NULL,_binary ''),(337,1234,'2019-06-03 00:00:00',513002.50,513002.50,0.00,NULL,'97f27fc9-1061-4355-b689-206de7790f54','2019-06-03 14:33:24',NULL,NULL,302,NULL,_binary ''),(338,1099,'2019-06-03 00:00:00',948557.94,948557.94,0.00,NULL,'97f27fc9-1061-4355-b689-206de7790f54','2019-06-03 14:33:30',NULL,NULL,303,NULL,_binary ''),(339,1132,'2019-07-03 00:00:00',225000.00,225000.00,0.00,NULL,'97f27fc9-1061-4355-b689-206de7790f54','2019-07-03 15:24:26',NULL,NULL,304,NULL,_binary ''),(340,1188,'2019-07-03 00:00:00',37500.00,37500.00,0.00,NULL,'97f27fc9-1061-4355-b689-206de7790f54','2019-07-03 15:24:33',NULL,NULL,305,NULL,_binary ''),(341,1211,'2019-07-03 00:00:00',37500.00,37500.00,0.00,NULL,'97f27fc9-1061-4355-b689-206de7790f54','2019-07-03 15:24:38',NULL,NULL,306,NULL,_binary ''),(342,1268,'2019-07-03 00:00:00',150000.00,150000.00,0.00,NULL,'97f27fc9-1061-4355-b689-206de7790f54','2019-07-03 15:24:44',NULL,NULL,307,NULL,_binary ''),(343,1235,'2019-07-03 00:00:00',513002.49,513002.49,0.00,NULL,'97f27fc9-1061-4355-b689-206de7790f54','2019-07-03 15:26:41',NULL,NULL,308,NULL,_binary ''),(344,1100,'2019-07-03 00:00:00',948557.94,948557.94,0.00,NULL,'97f27fc9-1061-4355-b689-206de7790f54','2019-07-03 15:26:51',NULL,NULL,309,NULL,_binary ''),(345,1133,'2019-07-03 00:00:00',15000000.00,15000000.00,0.00,NULL,'97f27fc9-1061-4355-b689-206de7790f54','2019-07-03 15:27:57',NULL,NULL,310,NULL,_binary ''),(346,1189,'2019-07-03 00:00:00',37500.00,37500.00,0.00,NULL,'97f27fc9-1061-4355-b689-206de7790f54','2019-07-03 15:29:54',NULL,NULL,311,NULL,_binary ''),(347,1212,'2019-07-03 00:00:00',37500.00,37500.00,0.00,NULL,'97f27fc9-1061-4355-b689-206de7790f54','2019-07-03 15:29:59',NULL,NULL,312,NULL,_binary ''),(348,1269,'2019-07-03 00:00:00',150000.00,150000.00,0.00,NULL,'97f27fc9-1061-4355-b689-206de7790f54','2019-07-03 15:30:03',NULL,NULL,313,NULL,_binary ''),(349,1326,'2019-07-03 00:00:00',225000.00,225000.00,0.00,NULL,'97f27fc9-1061-4355-b689-206de7790f54','2019-07-03 15:30:08',NULL,NULL,314,NULL,_binary ''),(350,1190,'2019-08-04 00:00:00',37500.00,37500.00,0.00,NULL,'97f27fc9-1061-4355-b689-206de7790f54','2019-08-04 20:27:18',NULL,NULL,315,NULL,_binary ''),(351,1213,'2019-08-04 00:00:00',37500.00,37500.00,0.00,NULL,'97f27fc9-1061-4355-b689-206de7790f54','2019-08-04 20:27:24',NULL,NULL,316,NULL,_binary ''),(352,1270,'2019-08-04 00:00:00',150000.00,150000.00,0.00,NULL,'97f27fc9-1061-4355-b689-206de7790f54','2019-08-04 20:27:29',NULL,NULL,317,NULL,_binary ''),(353,1327,'2019-08-04 00:00:00',225000.00,225000.00,0.00,NULL,'97f27fc9-1061-4355-b689-206de7790f54','2019-08-04 20:27:34',NULL,NULL,318,NULL,_binary ''),(354,1236,'2019-08-04 00:00:00',513002.49,513002.49,0.00,NULL,'97f27fc9-1061-4355-b689-206de7790f54','2019-08-04 20:33:22',NULL,NULL,319,NULL,_binary ''),(355,1302,'2019-08-04 00:00:00',505058.41,505058.41,0.00,NULL,'97f27fc9-1061-4355-b689-206de7790f54','2019-08-04 20:33:26',NULL,NULL,320,NULL,_binary ''),(356,1101,'2019-08-04 00:00:00',948557.93,948557.93,0.00,NULL,'97f27fc9-1061-4355-b689-206de7790f54','2019-08-04 20:33:32',NULL,NULL,321,NULL,_binary ''),(357,1191,'2019-09-03 00:00:00',37500.00,37500.00,0.00,NULL,'97f27fc9-1061-4355-b689-206de7790f54','2019-09-03 14:07:32',NULL,NULL,322,NULL,_binary ''),(358,1214,'2019-09-03 00:00:00',37500.00,37500.00,0.00,NULL,'97f27fc9-1061-4355-b689-206de7790f54','2019-09-03 14:07:48',NULL,NULL,323,NULL,_binary ''),(359,1271,'2019-09-03 00:00:00',150000.00,150000.00,0.00,NULL,'97f27fc9-1061-4355-b689-206de7790f54','2019-09-03 14:07:54',NULL,NULL,324,NULL,_binary ''),(360,1328,'2019-09-03 00:00:00',225000.00,225000.00,0.00,NULL,'97f27fc9-1061-4355-b689-206de7790f54','2019-09-03 14:08:00',NULL,NULL,325,NULL,_binary ''),(361,1237,'2019-09-03 00:00:00',513002.50,513002.50,0.00,NULL,'97f27fc9-1061-4355-b689-206de7790f54','2019-09-03 19:40:30',NULL,NULL,326,NULL,_binary ''),(362,1303,'2019-09-03 00:00:00',505058.41,505058.41,0.00,NULL,'97f27fc9-1061-4355-b689-206de7790f54','2019-09-03 19:40:36',NULL,NULL,327,NULL,_binary ''),(363,1102,'2019-09-03 00:00:00',948557.93,948557.93,0.00,NULL,'97f27fc9-1061-4355-b689-206de7790f54','2019-09-03 19:40:41',NULL,NULL,328,NULL,_binary ''),(364,1272,'2019-10-10 00:00:00',10000000.00,10000000.00,0.00,NULL,'97f27fc9-1061-4355-b689-206de7790f54','2019-10-10 00:40:37',NULL,NULL,329,NULL,_binary ''),(365,1238,'2019-10-10 00:00:00',513002.49,513002.49,0.00,NULL,'97f27fc9-1061-4355-b689-206de7790f54','2019-10-10 00:49:38',NULL,NULL,330,NULL,_binary ''),(366,1304,'2019-10-10 00:00:00',505058.41,505058.41,0.00,NULL,'97f27fc9-1061-4355-b689-206de7790f54','2019-10-10 00:49:43',NULL,NULL,331,NULL,_binary ''),(367,1377,'2019-10-10 00:00:00',541680.20,541680.20,0.00,NULL,'97f27fc9-1061-4355-b689-206de7790f54','2019-10-10 00:49:49',NULL,NULL,332,NULL,_binary ''),(368,1103,'2019-10-10 00:00:00',948557.94,948557.94,0.00,NULL,'97f27fc9-1061-4355-b689-206de7790f54','2019-10-10 00:49:59',NULL,NULL,333,NULL,_binary ''),(369,1408,'2019-10-10 00:00:00',150000.00,150000.00,0.00,NULL,'97f27fc9-1061-4355-b689-206de7790f54','2019-10-10 00:50:39',NULL,NULL,334,NULL,_binary ''),(370,1192,'2019-10-10 00:00:00',37500.00,37500.00,0.00,NULL,'97f27fc9-1061-4355-b689-206de7790f54','2019-10-10 00:50:49',NULL,NULL,335,NULL,_binary ''),(371,1215,'2019-10-10 00:00:00',37500.00,37500.00,0.00,NULL,'97f27fc9-1061-4355-b689-206de7790f54','2019-10-10 00:50:53',NULL,NULL,336,NULL,_binary ''),(372,1329,'2019-10-10 00:00:00',225000.00,225000.00,0.00,NULL,'97f27fc9-1061-4355-b689-206de7790f54','2019-10-10 00:50:57',NULL,NULL,337,NULL,_binary ''),(373,1239,'2019-11-26 00:00:00',513002.49,513002.49,0.00,NULL,'97f27fc9-1061-4355-b689-206de7790f54','2019-11-26 19:15:39',NULL,NULL,338,NULL,_binary ''),(374,1305,'2019-11-26 00:00:00',505058.41,505058.41,0.00,NULL,'97f27fc9-1061-4355-b689-206de7790f54','2019-11-26 19:15:46',NULL,NULL,339,NULL,_binary ''),(375,1378,'2019-11-26 00:00:00',541680.20,541680.20,0.00,NULL,'97f27fc9-1061-4355-b689-206de7790f54','2019-11-26 19:15:50',NULL,NULL,340,NULL,_binary ''),(376,1104,'2019-11-26 00:00:00',948557.94,948557.94,0.00,NULL,'97f27fc9-1061-4355-b689-206de7790f54','2019-11-26 19:15:55',NULL,NULL,341,NULL,_binary ''),(377,1409,'2019-11-26 00:00:00',150000.00,150000.00,0.00,NULL,'97f27fc9-1061-4355-b689-206de7790f54','2019-11-26 19:16:01',NULL,NULL,342,NULL,_binary ''),(378,1410,'2019-11-26 00:00:00',10000000.00,10000000.00,0.00,NULL,'97f27fc9-1061-4355-b689-206de7790f54','2019-11-26 20:01:02',NULL,NULL,343,NULL,_binary ''),(379,1216,'2019-12-21 00:00:00',2500000.00,2500000.00,0.00,NULL,'97f27fc9-1061-4355-b689-206de7790f54','2019-12-21 10:48:57',NULL,NULL,344,NULL,_binary ''),(380,1330,'2019-12-21 00:00:00',15000000.00,15000000.00,0.00,NULL,'97f27fc9-1061-4355-b689-206de7790f54','2019-12-21 10:49:06',NULL,NULL,345,NULL,_binary ''),(381,1193,'2019-12-21 00:00:00',2500000.00,2500000.00,0.00,NULL,'97f27fc9-1061-4355-b689-206de7790f54','2019-12-21 10:49:13',NULL,NULL,346,NULL,_binary ''),(382,1105,'2019-12-21 00:00:00',948557.94,948557.94,0.00,NULL,'97f27fc9-1061-4355-b689-206de7790f54','2019-12-21 10:49:29',NULL,NULL,347,NULL,_binary ''),(383,1240,'2019-12-21 00:00:00',513002.49,513002.49,0.00,NULL,'97f27fc9-1061-4355-b689-206de7790f54','2019-12-21 10:49:38',NULL,NULL,348,NULL,_binary ''),(384,1379,'2019-12-21 00:00:00',541680.20,541680.20,0.00,NULL,'97f27fc9-1061-4355-b689-206de7790f54','2019-12-21 10:49:43',NULL,NULL,349,NULL,_binary ''),(385,1306,'2019-12-21 00:00:00',505058.41,505058.41,0.00,NULL,'97f27fc9-1061-4355-b689-206de7790f54','2019-12-21 10:49:49',NULL,NULL,350,NULL,_binary ''),(386,1412,'2020-01-03 00:00:00',499241.02,499241.02,0.00,NULL,'97f27fc9-1061-4355-b689-206de7790f54','2020-01-03 12:12:28',NULL,NULL,351,NULL,_binary ''),(387,1106,'2020-01-04 00:00:00',948557.94,948557.94,0.00,'El dia que salimos a  feriar','97f27fc9-1061-4355-b689-206de7790f54','2020-01-04 14:54:02','97f27fc9-1061-4355-b689-206de7790f54','2020-01-04 14:54:44',352,NULL,_binary ''),(388,1241,'2020-01-06 00:00:00',513002.49,513002.49,0.00,NULL,'97f27fc9-1061-4355-b689-206de7790f54','2020-01-06 15:15:04',NULL,NULL,353,NULL,_binary ''),(389,1380,'2020-01-06 00:00:00',541680.19,541680.19,0.00,NULL,'97f27fc9-1061-4355-b689-206de7790f54','2020-01-06 15:15:10',NULL,NULL,354,NULL,_binary ''),(390,1307,'2020-01-06 00:00:00',505058.41,505058.41,0.00,NULL,'97f27fc9-1061-4355-b689-206de7790f54','2020-01-06 15:15:16',NULL,NULL,355,NULL,_binary ''),(391,1413,'2020-02-02 00:00:00',499241.01,499241.01,0.00,NULL,'97f27fc9-1061-4355-b689-206de7790f54','2020-02-02 11:04:47',NULL,NULL,356,NULL,_binary ''),(392,1437,'2020-02-08 00:00:00',1156000.00,1156000.00,0.00,NULL,'97f27fc9-1061-4355-b689-206de7790f54','2020-02-08 15:05:40',NULL,NULL,357,NULL,_binary ''),(393,1107,'2020-02-08 00:00:00',948557.94,948557.94,0.00,NULL,'97f27fc9-1061-4355-b689-206de7790f54','2020-02-08 15:07:46',NULL,NULL,358,NULL,_binary ''),(394,1414,'2020-02-08 00:00:00',499241.02,499241.02,0.00,NULL,'97f27fc9-1061-4355-b689-206de7790f54','2020-02-08 15:08:01','97f27fc9-1061-4355-b689-206de7790f54','2020-02-08 15:08:32',359,NULL,_binary '\0'),(395,1308,'2020-02-08 00:00:00',505058.41,505058.41,0.00,NULL,'97f27fc9-1061-4355-b689-206de7790f54','2020-02-08 15:25:02',NULL,NULL,360,NULL,_binary ''),(396,1381,'2020-02-08 00:00:00',541680.20,541680.20,0.00,NULL,'97f27fc9-1061-4355-b689-206de7790f54','2020-02-08 15:25:08',NULL,NULL,361,NULL,_binary ''),(397,1242,'2020-02-08 00:00:00',513002.49,513002.49,0.00,NULL,'97f27fc9-1061-4355-b689-206de7790f54','2020-02-08 15:25:16',NULL,NULL,362,NULL,_binary ''),(398,1414,'2020-03-09 00:00:00',499241.02,499241.02,0.00,NULL,'97f27fc9-1061-4355-b689-206de7790f54','2020-03-09 13:02:27',NULL,NULL,363,NULL,_binary ''),(399,1108,'2020-03-09 00:00:00',948557.94,948557.94,0.00,NULL,'97f27fc9-1061-4355-b689-206de7790f54','2020-03-09 13:02:33',NULL,NULL,364,NULL,_binary ''),(400,1309,'2020-03-09 00:00:00',505058.41,505058.41,0.00,NULL,'97f27fc9-1061-4355-b689-206de7790f54','2020-03-09 13:05:05',NULL,NULL,365,NULL,_binary ''),(401,1382,'2020-03-09 00:00:00',541680.19,541680.19,0.00,NULL,'97f27fc9-1061-4355-b689-206de7790f54','2020-03-09 13:05:09',NULL,NULL,366,NULL,_binary ''),(402,1243,'2020-03-09 00:00:00',513002.49,513002.49,0.00,NULL,'97f27fc9-1061-4355-b689-206de7790f54','2020-03-09 13:05:13',NULL,NULL,367,NULL,_binary ''),(403,1461,'2020-04-01 00:00:00',1267331.89,1267331.89,0.00,NULL,'97f27fc9-1061-4355-b689-206de7790f54','2020-04-19 01:51:21',NULL,NULL,368,NULL,_binary ''),(404,1310,'2020-04-19 00:00:00',505058.41,505058.41,0.00,NULL,'97f27fc9-1061-4355-b689-206de7790f54','2020-04-19 01:51:30',NULL,NULL,369,NULL,_binary ''),(405,1244,'2020-04-19 00:00:00',513002.49,513002.49,0.00,NULL,'97f27fc9-1061-4355-b689-206de7790f54','2020-04-19 01:51:35',NULL,NULL,370,NULL,_binary ''),(406,1383,'2020-04-19 00:00:00',541680.20,541680.20,0.00,NULL,'97f27fc9-1061-4355-b689-206de7790f54','2020-04-19 01:51:39',NULL,NULL,371,NULL,_binary ''),(407,1462,'2020-05-04 00:00:00',1267331.89,1267331.89,0.00,NULL,'97f27fc9-1061-4355-b689-206de7790f54','2020-05-04 23:41:51',NULL,NULL,372,NULL,_binary ''),(408,1311,'2020-05-05 00:00:00',505058.41,505058.41,0.00,NULL,'97f27fc9-1061-4355-b689-206de7790f54','2020-05-05 01:31:37',NULL,NULL,373,NULL,_binary ''),(409,1463,'2020-06-02 00:00:00',1267331.90,1267331.90,0.00,NULL,'97f27fc9-1061-4355-b689-206de7790f54','2020-06-02 22:24:47',NULL,NULL,374,NULL,_binary ''),(410,1534,'2020-06-02 00:00:00',1217332.60,1217332.60,0.00,NULL,'97f27fc9-1061-4355-b689-206de7790f54','2020-06-02 22:26:53',NULL,NULL,375,NULL,_binary ''),(411,1384,'2020-06-02 00:00:00',541680.19,541680.19,0.00,NULL,'97f27fc9-1061-4355-b689-206de7790f54','2020-06-02 22:31:06',NULL,NULL,376,NULL,_binary ''),(412,1245,'2020-06-03 00:00:00',513002.49,513002.49,0.00,NULL,'97f27fc9-1061-4355-b689-206de7790f54','2020-06-03 18:55:57',NULL,NULL,377,NULL,_binary ''),(413,1535,'2020-07-03 00:00:00',1204842.50,1204842.50,0.00,NULL,'97f27fc9-1061-4355-b689-206de7790f54','2020-07-03 23:59:08',NULL,NULL,378,NULL,_binary ''),(414,1464,'2020-07-04 00:00:00',1267331.89,1267331.89,0.00,NULL,'97f27fc9-1061-4355-b689-206de7790f54','2020-07-04 00:02:25',NULL,NULL,379,NULL,_binary ''),(415,1536,'2020-07-29 00:00:00',21104112.39,21104112.39,0.00,NULL,'97f27fc9-1061-4355-b689-206de7790f54','2020-07-29 14:52:13',NULL,NULL,380,NULL,_binary ''),(416,1385,'2020-07-29 00:00:00',9054073.37,9054073.37,0.00,NULL,'97f27fc9-1061-4355-b689-206de7790f54','2020-07-29 14:52:29',NULL,NULL,381,NULL,_binary ''),(417,1312,'2020-07-29 00:00:00',3741815.00,3741815.00,0.00,NULL,'97f27fc9-1061-4355-b689-206de7790f54','2020-07-29 14:52:39',NULL,NULL,382,NULL,_binary '');
/*!40000 ALTER TABLE `abono` ENABLE KEYS */;
UNLOCK TABLES;

--
-- Table structure for table `abonocapital`
--

DROP TABLE IF EXISTS `abonocapital`;
/*!40101 SET @saved_cs_client     = @@character_set_client */;
/*!40101 SET character_set_client = utf8 */;
CREATE TABLE `abonocapital` (
  `AbonoCapitalId` int(11) NOT NULL AUTO_INCREMENT,
  `CreditoId` int(11) NOT NULL,
  `Fecha` datetime NOT NULL,
  `Valor` decimal(10,2) DEFAULT NULL,
  `Observacion` text,
  `CreadoPor` varchar(128) DEFAULT NULL,
  `FechaCreacion` datetime DEFAULT NULL,
  `ModificadoPor` varchar(128) DEFAULT NULL,
  `FechaModificacion` datetime DEFAULT NULL,
  `AbonoCapitalNro` int(11) DEFAULT NULL,
  `FechaEnvio` datetime DEFAULT NULL,
  `Estado` bit(1) NOT NULL DEFAULT b'1',
  PRIMARY KEY (`AbonoCapitalId`),
  KEY `abonoCapital_Credito` (`CreditoId`),
  CONSTRAINT `abonoCapital_Credito` FOREIGN KEY (`CreditoId`) REFERENCES `credito` (`CreditoId`)
) ENGINE=InnoDB AUTO_INCREMENT=39 DEFAULT CHARSET=utf8;
/*!40101 SET character_set_client = @saved_cs_client */;

--
-- Dumping data for table `abonocapital`
--

LOCK TABLES `abonocapital` WRITE;
/*!40000 ALTER TABLE `abonocapital` DISABLE KEYS */;
INSERT INTO `abonocapital` VALUES (2,32,'2017-07-01 00:00:00',880000.00,NULL,'97f27fc9-1061-4355-b689-206de7790f54','2017-07-01 21:08:45','97f27fc9-1061-4355-b689-206de7790f54','2017-07-03 20:48:55',NULL,NULL,_binary '\0'),(3,32,'2017-07-03 00:00:00',1080000.00,NULL,'97f27fc9-1061-4355-b689-206de7790f54','2017-07-03 20:58:48',NULL,NULL,3,NULL,_binary ''),(4,32,'2017-08-12 00:00:00',2064000.00,NULL,'97f27fc9-1061-4355-b689-206de7790f54','2017-08-12 01:53:03',NULL,NULL,4,NULL,_binary ''),(5,32,'2017-08-31 00:00:00',2032000.00,NULL,'97f27fc9-1061-4355-b689-206de7790f54','2017-09-06 21:43:47',NULL,NULL,5,NULL,_binary ''),(6,36,'2018-01-11 00:00:00',1564000.00,'1500.000 a capital 64000 a intereses','97f27fc9-1061-4355-b689-206de7790f54','2018-01-11 00:15:14',NULL,NULL,6,NULL,_binary ''),(7,30,'2018-03-02 00:00:00',997000.00,NULL,'97f27fc9-1061-4355-b689-206de7790f54','2018-03-02 10:21:19',NULL,NULL,7,NULL,_binary ''),(8,30,'2018-04-28 00:00:00',675000.00,NULL,'97f27fc9-1061-4355-b689-206de7790f54','2018-04-28 13:54:35',NULL,NULL,8,NULL,_binary ''),(9,29,'2018-04-28 00:00:00',140615.00,NULL,'97f27fc9-1061-4355-b689-206de7790f54','2018-04-28 13:59:05',NULL,NULL,9,NULL,_binary ''),(10,28,'2018-04-28 00:00:00',984000.00,NULL,'97f27fc9-1061-4355-b689-206de7790f54','2018-04-28 14:02:26','97f27fc9-1061-4355-b689-206de7790f54','2018-04-28 14:03:34',NULL,NULL,_binary '\0'),(11,28,'2018-04-28 00:00:00',1026353.00,NULL,'97f27fc9-1061-4355-b689-206de7790f54','2018-04-28 14:04:42',NULL,NULL,11,NULL,_binary ''),(12,27,'2018-04-28 00:00:00',359315.00,NULL,'97f27fc9-1061-4355-b689-206de7790f54','2018-04-28 14:07:06','97f27fc9-1061-4355-b689-206de7790f54','2018-04-28 14:08:19',NULL,NULL,_binary '\0'),(13,27,'2018-04-28 00:00:00',416849.00,NULL,'97f27fc9-1061-4355-b689-206de7790f54','2018-04-28 14:10:10',NULL,NULL,13,NULL,_binary ''),(14,26,'2018-04-28 00:00:00',159813.00,NULL,'97f27fc9-1061-4355-b689-206de7790f54','2018-04-28 14:13:34','97f27fc9-1061-4355-b689-206de7790f54','2018-04-28 14:19:55',NULL,NULL,_binary '\0'),(15,26,'2018-04-28 00:00:00',195689.00,NULL,'97f27fc9-1061-4355-b689-206de7790f54','2018-04-28 14:21:23',NULL,NULL,15,NULL,_binary ''),(16,24,'2018-04-28 00:00:00',2181088.00,NULL,'97f27fc9-1061-4355-b689-206de7790f54','2018-04-28 14:25:10',NULL,NULL,16,NULL,_binary ''),(17,24,'2018-05-09 00:00:00',1300000.00,NULL,'97f27fc9-1061-4355-b689-206de7790f54','2018-05-09 18:19:06',NULL,NULL,17,NULL,_binary ''),(18,24,'2018-07-20 00:00:00',740050.00,NULL,'97f27fc9-1061-4355-b689-206de7790f54','2018-07-20 19:08:22',NULL,NULL,18,NULL,_binary ''),(19,30,'2018-07-25 00:00:00',22.84,NULL,'97f27fc9-1061-4355-b689-206de7790f54','2018-07-25 16:36:46',NULL,NULL,19,NULL,_binary ''),(20,29,'2018-07-25 00:00:00',0.43,NULL,'97f27fc9-1061-4355-b689-206de7790f54','2018-07-25 16:47:09',NULL,NULL,20,NULL,_binary ''),(21,28,'2018-07-25 00:00:00',0.43,NULL,'97f27fc9-1061-4355-b689-206de7790f54','2018-07-25 17:07:17',NULL,NULL,21,NULL,_binary ''),(22,27,'2018-07-25 00:00:00',1.09,NULL,'97f27fc9-1061-4355-b689-206de7790f54','2018-07-25 17:08:04',NULL,NULL,22,NULL,_binary ''),(23,26,'2018-07-25 00:00:00',1.46,NULL,'97f27fc9-1061-4355-b689-206de7790f54','2018-07-25 17:08:33',NULL,NULL,23,NULL,_binary ''),(24,24,'2018-08-02 00:00:00',2775000.00,NULL,'97f27fc9-1061-4355-b689-206de7790f54','2018-08-02 14:59:34',NULL,NULL,24,NULL,_binary ''),(25,24,'2018-08-06 00:00:00',885369.68,NULL,'97f27fc9-1061-4355-b689-206de7790f54','2018-08-06 10:47:50','97f27fc9-1061-4355-b689-206de7790f54','2018-08-06 10:48:21',NULL,NULL,_binary '\0'),(26,24,'2018-08-27 00:00:00',1300000.00,NULL,'97f27fc9-1061-4355-b689-206de7790f54','2018-08-27 16:51:23',NULL,NULL,26,NULL,_binary ''),(27,24,'2018-09-05 00:00:00',1093000.00,NULL,'97f27fc9-1061-4355-b689-206de7790f54','2018-09-05 19:42:38',NULL,NULL,27,NULL,_binary ''),(28,24,'2018-10-03 00:00:00',821000.00,NULL,'97f27fc9-1061-4355-b689-206de7790f54','2018-10-03 16:14:20',NULL,NULL,28,NULL,_binary ''),(29,24,'2018-10-12 00:00:00',2316436.05,NULL,'97f27fc9-1061-4355-b689-206de7790f54','2018-10-12 23:45:27',NULL,NULL,29,NULL,_binary ''),(30,44,'2019-10-10 00:00:00',10000000.00,NULL,'97f27fc9-1061-4355-b689-206de7790f54','2019-10-10 00:39:24',NULL,NULL,30,NULL,_binary ''),(31,48,'2019-11-26 00:00:00',10150000.00,'paga 10.000.000 para prestarselos a 2 aos rebajando a intereses','97f27fc9-1061-4355-b689-206de7790f54','2019-11-26 19:59:20','97f27fc9-1061-4355-b689-206de7790f54','2019-11-26 20:00:12',31,NULL,_binary '\0'),(32,48,'2019-11-26 00:00:00',10000000.00,NULL,'97f27fc9-1061-4355-b689-206de7790f54','2019-11-26 20:00:21',NULL,NULL,32,NULL,_binary ''),(33,46,'2019-12-21 00:00:00',15000000.00,NULL,'97f27fc9-1061-4355-b689-206de7790f54','2019-12-21 10:45:20',NULL,NULL,33,NULL,_binary ''),(34,42,'2019-12-21 00:00:00',2500000.00,NULL,'97f27fc9-1061-4355-b689-206de7790f54','2019-12-21 10:46:33',NULL,NULL,34,NULL,_binary ''),(35,41,'2019-12-21 00:00:00',2500000.00,NULL,'97f27fc9-1061-4355-b689-206de7790f54','2019-12-21 10:48:43',NULL,NULL,35,NULL,_binary ''),(36,52,'2020-07-29 00:00:00',21104112.39,NULL,'97f27fc9-1061-4355-b689-206de7790f54','2020-07-29 14:47:37',NULL,NULL,36,NULL,_binary ''),(37,47,'2020-07-29 00:00:00',9054073.37,NULL,'97f27fc9-1061-4355-b689-206de7790f54','2020-07-29 14:48:11',NULL,NULL,37,NULL,_binary ''),(38,45,'2020-07-29 00:00:00',3741815.00,NULL,'97f27fc9-1061-4355-b689-206de7790f54','2020-07-29 14:49:50',NULL,NULL,38,NULL,_binary '');
/*!40000 ALTER TABLE `abonocapital` ENABLE KEYS */;
UNLOCK TABLES;

--
-- Table structure for table `aporte`
--

DROP TABLE IF EXISTS `aporte`;
/*!40101 SET @saved_cs_client     = @@character_set_client */;
/*!40101 SET character_set_client = utf8 */;
CREATE TABLE `aporte` (
  `AporteId` int(11) NOT NULL AUTO_INCREMENT,
  `Valor` decimal(10,2) DEFAULT NULL,
  `Fecha` datetime NOT NULL,
  `SocioId` int(11) NOT NULL,
  `ConceptoAporteId` int(11) NOT NULL,
  `Observacion` text,
  `Estado` bit(1) NOT NULL DEFAULT b'1',
  `CreadoPor` varchar(128) DEFAULT '',
  `FechaCreacion` datetime DEFAULT NULL,
  `ModificadoPor` varchar(128) DEFAULT '',
  `FechaModificacion` datetime DEFAULT NULL,
  PRIMARY KEY (`AporteId`),
  KEY `IX_SocioId` (`SocioId`),
  KEY `IX_ConceptoAporteId` (`ConceptoAporteId`),
  CONSTRAINT `FK_Aporte_ConceptoAporte_ConceptoAporteId` FOREIGN KEY (`ConceptoAporteId`) REFERENCES `conceptoaporte` (`ConceptoAporteId`) ON DELETE CASCADE ON UPDATE NO ACTION,
  CONSTRAINT `FK_Aporte_Socio_SocioId` FOREIGN KEY (`SocioId`) REFERENCES `socio` (`SocioId`) ON DELETE CASCADE ON UPDATE NO ACTION
) ENGINE=InnoDB AUTO_INCREMENT=122 DEFAULT CHARSET=utf8;
/*!40101 SET character_set_client = @saved_cs_client */;

--
-- Dumping data for table `aporte`
--

LOCK TABLES `aporte` WRITE;
/*!40000 ALTER TABLE `aporte` DISABLE KEYS */;
INSERT INTO `aporte` VALUES (14,1000000.00,'2016-02-11 00:00:00',6,36,NULL,_binary '','6efe93b6-f004-4f42-956f-35013aad9140','2016-02-11 14:16:40',NULL,NULL),(15,1000000.00,'2016-02-11 00:00:00',6,36,NULL,_binary '','6efe93b6-f004-4f42-956f-35013aad9140','2016-02-11 14:17:05',NULL,NULL),(16,10000.00,'2016-02-11 00:00:00',7,37,NULL,_binary '','67801670-1198-46d4-b939-f7522f92a5ae','2016-02-11 14:37:22',NULL,NULL),(17,24700000.00,'2016-04-08 00:00:00',5,45,'Venta Mazda KIG-681',_binary '','97f27fc9-1061-4355-b689-206de7790f54','2016-04-08 10:22:54',NULL,NULL),(18,30000.00,'2016-04-26 00:00:00',5,45,'inyeccion de capital para ajustar los 18\'000.000 para prestarle a emma',_binary '','97f27fc9-1061-4355-b689-206de7790f54','2016-04-26 13:04:47',NULL,NULL),(19,312687.44,'2016-05-25 00:00:00',5,45,'resultado de utilidad de mayo 2016',_binary '','97f27fc9-1061-4355-b689-206de7790f54','2016-05-25 14:05:27',NULL,NULL),(20,376758.02,'2016-08-03 00:00:00',5,45,NULL,_binary '','97f27fc9-1061-4355-b689-206de7790f54','2016-08-03 12:37:55',NULL,NULL),(21,382134.84,'2016-09-07 00:00:00',5,45,'aporte de utilidades del mes de agosto 2016',_binary '','97f27fc9-1061-4355-b689-206de7790f54','2016-09-07 16:18:03',NULL,NULL),(22,500000.00,'2016-09-13 00:00:00',5,45,'plata enviada desde chile.. se enviaron 830.000, 230.000 para ddf. 100.000 para completar plata de FGR. y 500.000 para Icredit. ',_binary '','97f27fc9-1061-4355-b689-206de7790f54','2016-09-13 14:45:46',NULL,NULL),(23,373983.14,'2016-10-04 00:00:00',5,45,'aporte de utilidades del mes de septiembre 2016 ',_binary '','97f27fc9-1061-4355-b689-206de7790f54','2016-10-04 08:37:50',NULL,NULL),(24,762391.58,'2016-12-08 00:00:00',5,45,NULL,_binary '','97f27fc9-1061-4355-b689-206de7790f54','2016-12-08 10:22:24',NULL,NULL),(25,313353.57,'2016-12-24 00:00:00',5,45,'aporte por parte de utilidades diciembre',_binary '','97f27fc9-1061-4355-b689-206de7790f54','2016-12-24 12:00:41',NULL,NULL),(26,382667.22,'2017-02-04 00:00:00',5,45,'la utilidad que dio de enero 2017',_binary '','97f27fc9-1061-4355-b689-206de7790f54','2017-02-04 18:52:35',NULL,NULL),(27,200000.00,'2017-02-04 00:00:00',5,45,'plata que me sobraba de fgr y la pase para aca',_binary '','97f27fc9-1061-4355-b689-206de7790f54','2017-02-04 19:06:50',NULL,NULL),(28,1189000.00,'2017-03-04 00:00:00',5,45,'gracias a envios a colombia',_binary '','97f27fc9-1061-4355-b689-206de7790f54','2017-03-04 10:38:37',NULL,NULL),(29,1496000.00,'2017-03-27 00:00:00',5,45,'envio a colomia',_binary '','97f27fc9-1061-4355-b689-206de7790f54','2017-03-27 20:01:03',NULL,NULL),(30,284000.00,'2017-04-11 00:00:00',5,45,'envio desde chile',_binary '\0','97f27fc9-1061-4355-b689-206de7790f54','2017-04-11 01:32:41','97f27fc9-1061-4355-b689-206de7790f54','2017-04-11 01:36:02'),(31,1064000.00,'2017-05-06 00:00:00',5,45,NULL,_binary '','97f27fc9-1061-4355-b689-206de7790f54','2017-05-06 11:50:44',NULL,NULL),(32,4041000.00,'2017-06-07 00:00:00',5,45,'envios de chile',_binary '','97f27fc9-1061-4355-b689-206de7790f54','2017-06-07 23:16:28',NULL,NULL),(33,1098135.00,'2017-07-01 00:00:00',5,45,'envio de chile',_binary '','97f27fc9-1061-4355-b689-206de7790f54','2017-07-01 21:37:38',NULL,NULL),(34,1966669.90,'2017-07-03 00:00:00',5,45,NULL,_binary '','97f27fc9-1061-4355-b689-206de7790f54','2017-07-03 21:20:16',NULL,NULL),(35,230000.00,'2017-09-26 00:00:00',5,45,'plata que se le da a mi mama aca en chile. 50.000 chilenos.',_binary '','97f27fc9-1061-4355-b689-206de7790f54','2017-09-26 19:04:27',NULL,NULL),(36,83000.00,'2017-09-29 00:00:00',5,45,'plata que se le dio en chile a mi mama, de la mitad de los tenis de fernando',_binary '','97f27fc9-1061-4355-b689-206de7790f54','2017-09-29 22:31:46',NULL,NULL),(37,45000.00,'2017-09-29 00:00:00',5,45,'plata que se le dio a mama para comprar la camisa de alex',_binary '','97f27fc9-1061-4355-b689-206de7790f54','2017-09-30 07:45:15',NULL,NULL),(38,161000.00,'2017-09-30 00:00:00',5,45,'plata q se le dio a mama aca en chile',_binary '','97f27fc9-1061-4355-b689-206de7790f54','2017-10-02 20:05:31',NULL,NULL),(39,147000.00,'2017-10-03 00:00:00',5,45,'plata q se le dio a mama en chile, portaretrato, dulces',_binary '','97f27fc9-1061-4355-b689-206de7790f54','2017-10-03 20:46:52',NULL,NULL),(40,81319.00,'2017-10-31 00:00:00',8,7,NULL,_binary '','97f27fc9-1061-4355-b689-206de7790f54','2017-11-03 18:49:51',NULL,NULL),(41,64000.00,'2017-10-31 00:00:00',5,45,NULL,_binary '','97f27fc9-1061-4355-b689-206de7790f54','2017-11-03 18:51:01',NULL,NULL),(42,373800.00,'2017-12-04 00:00:00',5,45,'utilidades taxi kia stq525',_binary '','97f27fc9-1061-4355-b689-206de7790f54','2017-12-04 14:27:18',NULL,NULL),(43,400000.00,'2017-12-05 00:00:00',5,45,'envio desde chile',_binary '','97f27fc9-1061-4355-b689-206de7790f54','2017-12-05 17:29:15',NULL,NULL),(44,610935.00,'2017-12-21 00:00:00',8,45,'capital que viene de fgr',_binary '','97f27fc9-1061-4355-b689-206de7790f54','2017-12-21 16:31:04',NULL,NULL),(45,2193000.00,'2017-12-28 00:00:00',5,45,'envio desde chile, los 3 envios menos los gastos de mi mama y el regalo de navidad de los chinos',_binary '','97f27fc9-1061-4355-b689-206de7790f54','2017-12-28 19:40:49','97f27fc9-1061-4355-b689-206de7790f54','2017-12-28 19:41:04'),(46,914041.00,'2018-01-11 00:00:00',8,45,NULL,_binary '','97f27fc9-1061-4355-b689-206de7790f54','2018-01-11 00:29:43',NULL,NULL),(47,944811.00,'2018-01-11 00:00:00',5,45,NULL,_binary '','97f27fc9-1061-4355-b689-206de7790f54','2018-01-11 00:30:48',NULL,NULL),(48,610934.00,'2018-02-05 00:00:00',8,45,NULL,_binary '','97f27fc9-1061-4355-b689-206de7790f54','2018-02-05 13:09:19',NULL,NULL),(49,285000.00,'2018-02-06 00:00:00',5,45,'envio desde chile',_binary '','97f27fc9-1061-4355-b689-206de7790f54','2018-02-06 21:53:08',NULL,NULL),(50,1168719.00,'2018-03-05 00:00:00',8,45,NULL,_binary '','97f27fc9-1061-4355-b689-206de7790f54','2018-03-05 09:23:44',NULL,NULL),(51,8099.00,'2018-03-05 00:00:00',5,45,'ajuste para completar los 20 palos',_binary '','97f27fc9-1061-4355-b689-206de7790f54','2018-03-05 09:33:59','97f27fc9-1061-4355-b689-206de7790f54','2018-03-05 09:34:34'),(52,807000.00,'2018-04-03 00:00:00',8,45,NULL,_binary '','97f27fc9-1061-4355-b689-206de7790f54','2018-04-03 21:11:17',NULL,NULL),(53,838486.00,'2018-04-28 00:00:00',9,7,NULL,_binary '','97f27fc9-1061-4355-b689-206de7790f54','2018-04-28 13:02:11',NULL,NULL),(54,486384.00,'2018-05-02 00:00:00',8,45,NULL,_binary '','97f27fc9-1061-4355-b689-206de7790f54','2018-05-02 21:25:41',NULL,NULL),(55,155000.00,'2018-05-02 00:00:00',5,45,'para ajustar',_binary '','97f27fc9-1061-4355-b689-206de7790f54','2018-05-02 21:36:14','97f27fc9-1061-4355-b689-206de7790f54','2018-05-02 21:36:27'),(56,186094.00,'2018-05-02 00:00:00',8,45,NULL,_binary '','97f27fc9-1061-4355-b689-206de7790f54','2018-05-02 21:42:35',NULL,NULL),(57,1300000.00,'2018-05-09 00:00:00',5,45,'Mantencion cadcom, se inactvo para abonarlos a mis creditos',_binary '\0','97f27fc9-1061-4355-b689-206de7790f54','2018-05-09 18:11:05','97f27fc9-1061-4355-b689-206de7790f54','2018-05-09 18:21:45'),(58,750000.00,'2018-06-02 00:00:00',8,45,NULL,_binary '','97f27fc9-1061-4355-b689-206de7790f54','2018-06-02 08:30:02','97f27fc9-1061-4355-b689-206de7790f54','2018-06-02 08:34:35'),(59,17000.00,'2018-06-02 00:00:00',5,45,'ajuste',_binary '','97f27fc9-1061-4355-b689-206de7790f54','2018-06-02 08:36:27',NULL,NULL),(60,7500000.00,'2018-07-03 00:00:00',10,45,NULL,_binary '','97f27fc9-1061-4355-b689-206de7790f54','2018-07-03 17:44:52',NULL,NULL),(61,186094.00,'2018-07-04 00:00:00',8,45,NULL,_binary '','97f27fc9-1061-4355-b689-206de7790f54','2018-07-04 13:13:46',NULL,NULL),(62,819000.00,'2018-07-04 00:00:00',8,45,NULL,_binary '','97f27fc9-1061-4355-b689-206de7790f54','2018-07-04 13:23:32',NULL,NULL),(63,126000.00,'2018-07-06 00:00:00',5,45,NULL,_binary '','97f27fc9-1061-4355-b689-206de7790f54','2018-07-06 08:28:16',NULL,NULL),(64,259950.00,'2018-07-20 00:00:00',8,45,NULL,_binary '','97f27fc9-1061-4355-b689-206de7790f54','2018-07-20 19:12:08',NULL,NULL),(65,1075000.00,'2018-08-02 00:00:00',9,45,'plata que le presta a william, esta plata se debe sacar depues cuando se crucen cuentas. ',_binary '','97f27fc9-1061-4355-b689-206de7790f54','2018-08-02 14:56:13',NULL,NULL),(66,186094.00,'2018-08-06 00:00:00',8,45,NULL,_binary '','97f27fc9-1061-4355-b689-206de7790f54','2018-08-06 10:32:01',NULL,NULL),(67,804000.00,'2018-08-06 00:00:00',5,45,'utilidad 525 julio',_binary '','97f27fc9-1061-4355-b689-206de7790f54','2018-08-06 10:39:32',NULL,NULL),(68,259950.38,'2018-08-06 00:00:00',8,45,NULL,_binary '','97f27fc9-1061-4355-b689-206de7790f54','2018-08-06 10:44:02',NULL,NULL),(69,1330000.00,'2018-09-02 00:00:00',5,45,'utilidades agosto 2018',_binary '','97f27fc9-1061-4355-b689-206de7790f54','2018-09-02 11:45:49',NULL,NULL),(70,1705000.00,'2018-09-05 00:00:00',5,45,'provenientes de utilidades',_binary '','97f27fc9-1061-4355-b689-206de7790f54','2018-09-05 09:40:54',NULL,NULL),(71,186000.00,'2018-09-05 00:00:00',8,45,NULL,_binary '','97f27fc9-1061-4355-b689-206de7790f54','2018-09-05 19:49:26',NULL,NULL),(72,14000.00,'2018-09-05 00:00:00',5,45,'ajuste',_binary '','97f27fc9-1061-4355-b689-206de7790f54','2018-09-05 19:52:24',NULL,NULL),(73,4856769.00,'2018-09-05 00:00:00',5,45,'utilidades',_binary '','97f27fc9-1061-4355-b689-206de7790f54','2018-09-05 19:56:33',NULL,NULL),(74,186094.00,'2018-10-03 00:00:00',8,45,NULL,_binary '','97f27fc9-1061-4355-b689-206de7790f54','2018-10-03 16:18:06',NULL,NULL),(75,200000.00,'2018-10-11 00:00:00',5,45,'de los 400 que retiro daniel, se le dan 200 a mama para guardar, se anula para con esta plata acabar de pagar x completo el credito de william',_binary '\0','97f27fc9-1061-4355-b689-206de7790f54','2018-10-11 16:08:14','97f27fc9-1061-4355-b689-206de7790f54','2018-10-12 23:45:08'),(76,1375944.00,'2018-11-06 00:00:00',8,45,NULL,_binary '','97f27fc9-1061-4355-b689-206de7790f54','2018-11-06 20:50:21',NULL,NULL),(77,2500000.00,'2018-11-26 00:00:00',8,45,NULL,_binary '','97f27fc9-1061-4355-b689-206de7790f54','2018-11-26 11:23:09',NULL,NULL),(78,501141.00,'2018-12-03 00:00:00',8,45,NULL,_binary '','97f27fc9-1061-4355-b689-206de7790f54','2018-12-03 18:30:15',NULL,NULL),(79,2500000.00,'2018-12-27 00:00:00',5,45,'envio desde chile para credito de mi tio ernesto',_binary '','97f27fc9-1061-4355-b689-206de7790f54','2018-12-27 19:03:54',NULL,NULL),(80,100358.00,'2019-01-04 00:00:00',8,45,NULL,_binary '','97f27fc9-1061-4355-b689-206de7790f54','2019-01-04 20:54:18',NULL,NULL),(81,841842.00,'2019-01-04 00:00:00',8,45,NULL,_binary '','97f27fc9-1061-4355-b689-206de7790f54','2019-01-04 20:56:15',NULL,NULL),(82,399000.00,'2019-02-05 00:00:00',5,45,'ingresos por lado del taxi',_binary '','97f27fc9-1061-4355-b689-206de7790f54','2019-02-05 20:33:34',NULL,NULL),(83,1071000.00,'2019-03-05 00:00:00',5,45,'ingresos del taxi',_binary '','97f27fc9-1061-4355-b689-206de7790f54','2019-03-05 22:09:42',NULL,NULL),(84,200000.00,'2019-03-05 00:00:00',5,45,'plata que le paso daniel en febrero',_binary '','97f27fc9-1061-4355-b689-206de7790f54','2019-03-05 22:11:24',NULL,NULL),(85,1064000.00,'2019-04-09 00:00:00',5,45,'taxi 525',_binary '','97f27fc9-1061-4355-b689-206de7790f54','2019-04-09 00:28:43',NULL,NULL),(86,1204000.00,'2019-05-04 00:00:00',5,45,'utilidades 525',_binary '','97f27fc9-1061-4355-b689-206de7790f54','2019-05-04 15:50:58',NULL,NULL),(87,1253000.00,'2019-06-03 00:00:00',5,45,'utilidades 525',_binary '','97f27fc9-1061-4355-b689-206de7790f54','2019-06-03 14:34:43',NULL,NULL),(88,859440.00,'2019-06-21 00:00:00',5,45,'para completar los 10\' estando en colombia',_binary '','97f27fc9-1061-4355-b689-206de7790f54','2019-06-21 13:45:10',NULL,NULL),(89,1500000.00,'2019-07-03 00:00:00',5,45,'utilidades mayo 2019',_binary '','97f27fc9-1061-4355-b689-206de7790f54','2019-07-03 15:26:14',NULL,NULL),(90,148440.00,'2019-07-03 00:00:00',5,45,NULL,_binary '','97f27fc9-1061-4355-b689-206de7790f54','2019-07-03 15:36:07',NULL,NULL),(91,1609000.00,'2019-08-04 00:00:00',5,45,'ingresos taxis',_binary '','97f27fc9-1061-4355-b689-206de7790f54','2019-08-04 20:38:22',NULL,NULL),(92,3000.00,'2019-08-05 00:00:00',5,45,'ajuste',_binary '','97f27fc9-1061-4355-b689-206de7790f54','2019-08-05 20:48:18',NULL,NULL),(93,3900000.00,'2019-08-29 00:00:00',5,45,'envio desde chile',_binary '','97f27fc9-1061-4355-b689-206de7790f54','2019-08-29 18:23:28',NULL,NULL),(94,1071000.00,'2019-09-03 00:00:00',5,45,'utilidades stq525',_binary '','97f27fc9-1061-4355-b689-206de7790f54','2019-09-03 19:39:09',NULL,NULL),(95,167000.00,'2019-09-03 00:00:00',5,45,'stq565 agostp 2019',_binary '','97f27fc9-1061-4355-b689-206de7790f54','2019-09-03 20:57:14',NULL,NULL),(96,225000.00,'2019-09-03 00:00:00',5,45,'STL862 agosto 2019',_binary '','97f27fc9-1061-4355-b689-206de7790f54','2019-09-03 20:57:41',NULL,NULL),(97,1190000.00,'2019-10-10 00:00:00',5,45,'Utilidades STQ525',_binary '','97f27fc9-1061-4355-b689-206de7790f54','2019-10-10 00:47:28',NULL,NULL),(98,317000.00,'2019-10-10 00:00:00',5,45,'STQ565',_binary '','97f27fc9-1061-4355-b689-206de7790f54','2019-10-10 00:48:02',NULL,NULL),(99,217000.00,'2019-10-10 00:00:00',5,45,'STL862',_binary '','97f27fc9-1061-4355-b689-206de7790f54','2019-10-10 00:48:26',NULL,NULL),(100,3650000.00,'2019-10-10 00:00:00',5,45,'envio desde chile',_binary '','97f27fc9-1061-4355-b689-206de7790f54','2019-10-10 00:48:46',NULL,NULL),(101,450000.00,'2019-10-17 00:00:00',5,45,'soporte cadcom',_binary '','97f27fc9-1061-4355-b689-206de7790f54','2019-10-17 21:49:23',NULL,NULL),(102,8400000.00,'2019-12-27 00:00:00',5,45,'envio a ,martha',_binary '','97f27fc9-1061-4355-b689-206de7790f54','2019-12-27 19:14:44',NULL,NULL),(103,800000.00,'2020-01-17 00:00:00',5,45,'plata que le di en armenia para guardar',_binary '','97f27fc9-1061-4355-b689-206de7790f54','2020-02-02 11:03:25',NULL,NULL),(104,200000.00,'2020-02-02 00:00:00',5,45,'plata del cajero',_binary '','97f27fc9-1061-4355-b689-206de7790f54','2020-02-02 11:05:51',NULL,NULL),(105,600000.00,'2020-02-03 00:00:00',5,45,'le pase a mi mamam despues de ir al cajero de sancancio',_binary '','97f27fc9-1061-4355-b689-206de7790f54','2020-02-03 08:08:28',NULL,NULL),(106,759.00,'2020-02-03 00:00:00',5,45,'ajuste',_binary '','97f27fc9-1061-4355-b689-206de7790f54','2020-02-03 08:09:12',NULL,NULL),(107,720000.00,'2020-02-08 00:00:00',5,45,'utilidad 862 y 565',_binary '','97f27fc9-1061-4355-b689-206de7790f54','2020-02-08 15:09:57',NULL,NULL),(108,40000.00,'2020-02-09 00:00:00',5,45,'ajuste',_binary '','97f27fc9-1061-4355-b689-206de7790f54','2020-02-09 14:36:24',NULL,NULL),(109,11842827.00,'2020-02-18 00:00:00',5,45,'utilidades icredit',_binary '','97f27fc9-1061-4355-b689-206de7790f54','2020-02-18 09:13:11','97f27fc9-1061-4355-b689-206de7790f54','2020-02-18 09:13:57'),(110,3000000.00,'2020-02-24 00:00:00',5,45,'TRANSFERENCIA A MARTHA PARA PAGAR CREDITO DE TAX LA FERIA',_binary '','97f27fc9-1061-4355-b689-206de7790f54','2020-02-24 21:18:27',NULL,NULL),(111,3200000.00,'2020-02-25 00:00:00',5,45,'TRANSFERENCIA A MARTHA PARA PAGO CREDITO TAX LA FERIA',_binary '','97f27fc9-1061-4355-b689-206de7790f54','2020-02-25 09:36:13',NULL,NULL),(112,2992161.00,'2020-03-09 00:00:00',5,45,NULL,_binary '','97f27fc9-1061-4355-b689-206de7790f54','2020-03-09 13:06:46',NULL,NULL),(113,34927.00,'2020-04-19 00:00:00',5,45,'ajuste cuando se me perdio la base de datos actualizada',_binary '','97f27fc9-1061-4355-b689-206de7790f54','2020-04-19 16:14:00','97f27fc9-1061-4355-b689-206de7790f54','2020-04-19 16:14:26'),(114,10000000.00,'2020-04-24 00:00:00',5,45,'plata traida de chile',_binary '','97f27fc9-1061-4355-b689-206de7790f54','2020-04-24 21:26:35','97f27fc9-1061-4355-b689-206de7790f54','2020-04-24 21:26:52'),(115,10000000.00,'2020-04-24 00:00:00',5,45,'plata que presto martha',_binary '','97f27fc9-1061-4355-b689-206de7790f54','2020-04-24 21:27:20',NULL,NULL),(116,700000.00,'2020-06-02 00:00:00',5,45,NULL,_binary '','97f27fc9-1061-4355-b689-206de7790f54','2020-06-02 22:22:08',NULL,NULL),(117,460000.00,'2020-06-02 00:00:00',5,45,'utilidades 525 junio',_binary '','97f27fc9-1061-4355-b689-206de7790f54','2020-06-02 22:23:06',NULL,NULL),(118,380000.00,'2020-06-02 00:00:00',5,45,'facturas punta del este',_binary '','97f27fc9-1061-4355-b689-206de7790f54','2020-06-02 22:23:46',NULL,NULL),(119,455000.00,'2020-07-04 00:00:00',5,45,'utilidades 525',_binary '','97f27fc9-1061-4355-b689-206de7790f54','2020-07-04 00:00:58',NULL,NULL),(120,200000.00,'2020-07-04 00:00:00',5,45,'utilidades 565',_binary '','97f27fc9-1061-4355-b689-206de7790f54','2020-07-04 00:01:28',NULL,NULL),(121,380000.00,'2020-07-04 00:00:00',5,45,'del sueldo',_binary '','97f27fc9-1061-4355-b689-206de7790f54','2020-07-04 00:04:14',NULL,NULL);
/*!40000 ALTER TABLE `aporte` ENABLE KEYS */;
UNLOCK TABLES;

--
-- Table structure for table `aspnetroles`
--

DROP TABLE IF EXISTS `aspnetroles`;
/*!40101 SET @saved_cs_client     = @@character_set_client */;
/*!40101 SET character_set_client = utf8 */;
CREATE TABLE `aspnetroles` (
  `Id` varchar(128) NOT NULL,
  `Name` varchar(256) NOT NULL,
  PRIMARY KEY (`Id`)
) ENGINE=InnoDB DEFAULT CHARSET=latin1;
/*!40101 SET character_set_client = @saved_cs_client */;

--
-- Dumping data for table `aspnetroles`
--

LOCK TABLES `aspnetroles` WRITE;
/*!40000 ALTER TABLE `aspnetroles` DISABLE KEYS */;
INSERT INTO `aspnetroles` VALUES ('0','Master'),('1','Administrador'),('2','Cobrador');
/*!40000 ALTER TABLE `aspnetroles` ENABLE KEYS */;
UNLOCK TABLES;

--
-- Table structure for table `aspnetuserclaims`
--

DROP TABLE IF EXISTS `aspnetuserclaims`;
/*!40101 SET @saved_cs_client     = @@character_set_client */;
/*!40101 SET character_set_client = utf8 */;
CREATE TABLE `aspnetuserclaims` (
  `Id` int(11) NOT NULL AUTO_INCREMENT,
  `UserId` varchar(128) NOT NULL,
  `ClaimType` longtext,
  `ClaimValue` longtext,
  PRIMARY KEY (`Id`),
  UNIQUE KEY `Id` (`Id`),
  KEY `UserId` (`UserId`),
  CONSTRAINT `ApplicationUser_Claims` FOREIGN KEY (`UserId`) REFERENCES `aspnetusers` (`Id`) ON DELETE CASCADE ON UPDATE NO ACTION
) ENGINE=InnoDB DEFAULT CHARSET=latin1;
/*!40101 SET character_set_client = @saved_cs_client */;

--
-- Dumping data for table `aspnetuserclaims`
--

LOCK TABLES `aspnetuserclaims` WRITE;
/*!40000 ALTER TABLE `aspnetuserclaims` DISABLE KEYS */;
/*!40000 ALTER TABLE `aspnetuserclaims` ENABLE KEYS */;
UNLOCK TABLES;

--
-- Table structure for table `aspnetuserlogins`
--

DROP TABLE IF EXISTS `aspnetuserlogins`;
/*!40101 SET @saved_cs_client     = @@character_set_client */;
/*!40101 SET character_set_client = utf8 */;
CREATE TABLE `aspnetuserlogins` (
  `LoginProvider` varchar(128) NOT NULL,
  `ProviderKey` varchar(128) NOT NULL,
  `UserId` varchar(128) NOT NULL,
  PRIMARY KEY (`LoginProvider`,`ProviderKey`,`UserId`),
  KEY `ApplicationUser_Logins` (`UserId`),
  CONSTRAINT `ApplicationUser_Logins` FOREIGN KEY (`UserId`) REFERENCES `aspnetusers` (`Id`) ON DELETE CASCADE ON UPDATE NO ACTION
) ENGINE=InnoDB DEFAULT CHARSET=latin1;
/*!40101 SET character_set_client = @saved_cs_client */;

--
-- Dumping data for table `aspnetuserlogins`
--

LOCK TABLES `aspnetuserlogins` WRITE;
/*!40000 ALTER TABLE `aspnetuserlogins` DISABLE KEYS */;
/*!40000 ALTER TABLE `aspnetuserlogins` ENABLE KEYS */;
UNLOCK TABLES;

--
-- Table structure for table `aspnetuserroles`
--

DROP TABLE IF EXISTS `aspnetuserroles`;
/*!40101 SET @saved_cs_client     = @@character_set_client */;
/*!40101 SET character_set_client = utf8 */;
CREATE TABLE `aspnetuserroles` (
  `UserId` varchar(128) NOT NULL,
  `RoleId` varchar(128) NOT NULL,
  PRIMARY KEY (`UserId`,`RoleId`),
  KEY `IdentityRole_Users` (`RoleId`),
  CONSTRAINT `ApplicationUser_Roles` FOREIGN KEY (`UserId`) REFERENCES `aspnetusers` (`Id`) ON DELETE CASCADE ON UPDATE NO ACTION,
  CONSTRAINT `IdentityRole_Users` FOREIGN KEY (`RoleId`) REFERENCES `aspnetroles` (`Id`) ON DELETE CASCADE ON UPDATE NO ACTION
) ENGINE=InnoDB DEFAULT CHARSET=latin1;
/*!40101 SET character_set_client = @saved_cs_client */;

--
-- Dumping data for table `aspnetuserroles`
--

LOCK TABLES `aspnetuserroles` WRITE;
/*!40000 ALTER TABLE `aspnetuserroles` DISABLE KEYS */;
INSERT INTO `aspnetuserroles` VALUES ('97f27fc9-1061-4355-b689-206de7790f54','0'),('1d401696-e6fa-4843-88ee-5a2df8f484ec','1'),('437ac981-2694-48af-be1e-d2c6b9697065','1'),('67801670-1198-46d4-b939-f7522f92a5ae','1'),('6efe93b6-f004-4f42-956f-35013aad9140','1'),('7b31884f-1895-4394-bcaa-55a0cbced37e','1'),('87b4e46f-a94f-4f31-849f-105128047b89','1'),('b8502b83-ada2-4dda-a1f9-28fc2f8b35ad','1'),('c10563cf-c8f1-4e23-b9c1-e773f58db58f','1'),('db856a4c-88dd-4888-8eb6-59171ad9ac17','1');
/*!40000 ALTER TABLE `aspnetuserroles` ENABLE KEYS */;
UNLOCK TABLES;

--
-- Table structure for table `aspnetusers`
--

DROP TABLE IF EXISTS `aspnetusers`;
/*!40101 SET @saved_cs_client     = @@character_set_client */;
/*!40101 SET character_set_client = utf8 */;
CREATE TABLE `aspnetusers` (
  `Id` varchar(128) NOT NULL,
  `Email` varchar(256) DEFAULT NULL,
  `EmailConfirmed` tinyint(1) NOT NULL,
  `PasswordHash` longtext,
  `SecurityStamp` longtext,
  `PhoneNumber` longtext,
  `PhoneNumberConfirmed` tinyint(1) NOT NULL,
  `TwoFactorEnabled` tinyint(1) NOT NULL,
  `LockoutEndDateUtc` datetime DEFAULT NULL,
  `LockoutEnabled` tinyint(1) NOT NULL,
  `AccessFailedCount` int(11) NOT NULL,
  `UserName` varchar(256) NOT NULL,
  PRIMARY KEY (`Id`)
) ENGINE=InnoDB DEFAULT CHARSET=latin1;
/*!40101 SET character_set_client = @saved_cs_client */;

--
-- Dumping data for table `aspnetusers`
--

LOCK TABLES `aspnetusers` WRITE;
/*!40000 ALTER TABLE `aspnetusers` DISABLE KEYS */;
INSERT INTO `aspnetusers` VALUES ('1d401696-e6fa-4843-88ee-5a2df8f484ec','geovanni.almiron@tigo.net.py',0,'ALeVaiXRHtIirUzY64jD4mviu1Q8W7J52DlH5t2cmigAFYc+LEwGGRBN68YaO9y3nw==','fe93389f-83e3-419b-9436-be4815a1b888',NULL,0,0,NULL,1,0,'geovanni.almiron@tigo.net.py'),('437ac981-2694-48af-be1e-d2c6b9697065','geovanni.almiron@mail.com',0,'ABaM6sw2FEQeSbPnmp15ZlfrpfgAYJAoscQsv880hchXXFWmWmCpYHFcHIkRBGU9Fw==','1c805e8a-9deb-4308-8574-bcee3df7f6ec',NULL,0,0,NULL,1,0,'geovanni.almiron@mail.com'),('67801670-1198-46d4-b939-f7522f92a5ae','lilalg16@hotmail.com',0,'ALSz+fE6cvo/Cj/ml5TqSPMS2zSD+fI06NYXbnvP5tFUZVcUIunlmuMjcr1PUUXLIA==','4e7d649f-394b-4bcf-9214-7ac49806b735',NULL,0,0,NULL,1,0,'lilalg16@hotmail.com'),('6efe93b6-f004-4f42-956f-35013aad9140','william.gustavo@gmail.com',0,'AMHn7uh04IAOy2QVuP6ZLIlw4jpgPtyyIVoAkWejJlVb4VlKYJBY+quHf+zYFTj5yQ==','d7c57271-6f5a-43c2-9333-21b1f70cdba4',NULL,0,0,NULL,1,0,'william.gustavo@gmail.com'),('7b31884f-1895-4394-bcaa-55a0cbced37e','drfernandez18@gmail.com',0,'AHoTbk2VL4+nGf774aMYYjjlOLdbNQ9JMULToCOozi939LZ5yBQyZZkRnGVN6JOk+g==','af5309a8-5bee-42b5-97ed-d025c36a1465',NULL,0,0,NULL,1,0,'drfernandez18@gmail.com'),('87b4e46f-a94f-4f31-849f-105128047b89','100211829PACF@gmail.com',0,'ADXCq9hP+UB84Ubuy3ovf9cQ7jGUq4SqD7jIKKe5vsFBKuzs5crYf3vfyI24zhywEw==','3fc0bae9-0b69-4f8a-947d-4a3be3523347',NULL,0,0,NULL,1,0,'100211829PACF@gmail.com'),('97f27fc9-1061-4355-b689-206de7790f54','williamgustavo@gmail.com',0,'AGozkje7Rvgl1kJNobMllYE3F3YL70GwBlciD9OPDxD2enVcf2oEHJDTxdwm7nvcHA==','f15a26c3-4161-4e9a-b48e-206ff2adcbae',NULL,0,0,NULL,1,0,'williamgustavo@gmail.com'),('b8502b83-ada2-4dda-a1f9-28fc2f8b35ad','horka2000@hotmail.com',0,'AOOQeaj3dgPoZX8uhcVf0DY0TF3L9Ia4AG8qn5qHgemeZvaI6H2sbyZmpdhygFWFzg==','a0ba7204-d644-4ae2-95bf-ab740478211d',NULL,0,0,NULL,1,0,'horka2000@hotmail.com'),('c10563cf-c8f1-4e23-b9c1-e773f58db58f','vpadillaramirez@gmail.com',0,'AHVftmzNOiGeUXK1tqrs9SO7k9idbSd4NYynV5vRvJSbBRukXCry4B0YLN4ZRSMk9g==','159622fc-191c-420f-92c8-b1a1094d72ac',NULL,0,0,NULL,1,0,'vpadillaramirez@gmail.com'),('db856a4c-88dd-4888-8eb6-59171ad9ac17','saske_r@hotmail.com',0,'AE+JtzxT5cTshs1FTDT8UfMY5NJlF8VxNqxtDklFt4i9HeevV9ARXK+z7dtD5LX2xg==','184850c1-0db5-4259-a675-85323cb88458',NULL,0,0,NULL,1,0,'saske_r@hotmail.com');
/*!40000 ALTER TABLE `aspnetusers` ENABLE KEYS */;
UNLOCK TABLES;

--
-- Table structure for table `backup_cuota`
--

DROP TABLE IF EXISTS `backup_cuota`;
/*!40101 SET @saved_cs_client     = @@character_set_client */;
/*!40101 SET character_set_client = utf8 */;
CREATE TABLE `backup_cuota` (
  `BackupCuotaId` int(11) NOT NULL AUTO_INCREMENT,
  `AbonoCapitalId` int(11) NOT NULL,
  `CuotaId` int(11) NOT NULL,
  `CreditoId` int(11) NOT NULL,
  `Numero` int(11) NOT NULL,
  `Fecha` datetime NOT NULL,
  `AbonoCapital` decimal(10,2) DEFAULT NULL,
  `AbonoInteres` decimal(10,2) DEFAULT NULL,
  `AjusteAbonoCapital` decimal(10,2) DEFAULT NULL,
  `AjusteAbonoInteres` decimal(10,2) DEFAULT NULL,
  `SaldoCapital` decimal(10,2) DEFAULT NULL,
  `SaldoInteres` decimal(10,2) DEFAULT NULL,
  PRIMARY KEY (`BackupCuotaId`),
  KEY `abonoCapital_bakCuota` (`AbonoCapitalId`),
  CONSTRAINT `abonoCapital_bakCuota` FOREIGN KEY (`AbonoCapitalId`) REFERENCES `abonocapital` (`AbonoCapitalId`)
) ENGINE=InnoDB AUTO_INCREMENT=2705 DEFAULT CHARSET=utf8;
/*!40101 SET character_set_client = @saved_cs_client */;

--
-- Dumping data for table `backup_cuota`
--

LOCK TABLES `backup_cuota` WRITE;
/*!40000 ALTER TABLE `backup_cuota` DISABLE KEYS */;
INSERT INTO `backup_cuota` VALUES (1673,7,878,30,1,'2017-03-28 00:00:00',44586.50,34368.00,NULL,NULL,NULL,NULL),(1674,7,879,30,2,'2017-04-28 00:00:00',45299.89,33654.62,NULL,NULL,NULL,NULL),(1675,7,880,30,3,'2017-05-28 00:00:00',46024.69,32929.82,NULL,NULL,NULL,NULL),(1676,7,881,30,4,'2017-06-28 00:00:00',46761.08,32193.42,NULL,NULL,NULL,NULL),(1677,7,882,30,5,'2017-07-28 00:00:00',47509.26,31445.25,NULL,NULL,NULL,NULL),(1678,7,883,30,6,'2017-08-28 00:00:00',48269.41,30685.10,NULL,NULL,NULL,NULL),(1679,7,884,30,7,'2017-09-28 00:00:00',49041.72,29912.79,NULL,NULL,NULL,NULL),(1680,7,885,30,8,'2017-10-28 00:00:00',49826.39,29128.12,NULL,NULL,NULL,NULL),(1681,7,886,30,9,'2017-11-28 00:00:00',50623.61,28330.90,NULL,NULL,NULL,NULL),(1682,7,887,30,10,'2017-12-28 00:00:00',51433.59,27520.92,NULL,NULL,NULL,NULL),(1683,7,888,30,11,'2018-01-28 00:00:00',52256.52,26697.98,NULL,NULL,NULL,NULL),(1684,7,889,30,12,'2018-02-28 00:00:00',53092.63,25861.88,NULL,NULL,NULL,NULL),(1685,7,890,30,13,'2018-03-28 00:00:00',53942.11,25012.40,NULL,NULL,NULL,NULL),(1686,7,891,30,14,'2018-04-28 00:00:00',54805.18,24149.32,NULL,NULL,NULL,NULL),(1687,7,892,30,15,'2018-05-28 00:00:00',55682.07,23272.44,NULL,NULL,NULL,NULL),(1688,7,893,30,16,'2018-06-28 00:00:00',56572.98,22381.53,NULL,NULL,NULL,NULL),(1689,7,894,30,17,'2018-07-28 00:00:00',57478.15,21476.36,NULL,NULL,NULL,NULL),(1690,7,895,30,18,'2018-08-28 00:00:00',58397.80,20556.71,NULL,NULL,NULL,NULL),(1691,7,896,30,19,'2018-09-28 00:00:00',59332.16,19622.34,NULL,NULL,NULL,NULL),(1692,7,897,30,20,'2018-10-28 00:00:00',60281.48,18673.03,NULL,NULL,NULL,NULL),(1693,7,898,30,21,'2018-11-28 00:00:00',61245.98,17708.52,NULL,NULL,NULL,NULL),(1694,7,899,30,22,'2018-12-28 00:00:00',62225.92,16728.59,NULL,NULL,NULL,NULL),(1695,7,900,30,23,'2019-01-28 00:00:00',63221.53,15732.97,NULL,NULL,NULL,NULL),(1696,7,901,30,24,'2019-02-28 00:00:00',64233.07,14721.43,NULL,NULL,NULL,NULL),(1697,7,902,30,25,'2019-03-28 00:00:00',65260.80,13693.70,NULL,NULL,NULL,NULL),(1698,7,903,30,26,'2019-04-28 00:00:00',66304.98,12649.53,NULL,NULL,NULL,NULL),(1699,7,904,30,27,'2019-05-28 00:00:00',67365.86,11588.65,NULL,NULL,NULL,NULL),(1700,7,905,30,28,'2019-06-28 00:00:00',68443.71,10510.79,NULL,NULL,NULL,NULL),(1701,7,906,30,29,'2019-07-28 00:00:00',69538.81,9415.70,NULL,NULL,NULL,NULL),(1702,7,907,30,30,'2019-08-28 00:00:00',70651.43,8303.07,NULL,NULL,NULL,NULL),(1703,7,908,30,31,'2019-09-28 00:00:00',71781.85,7172.65,NULL,NULL,NULL,NULL),(1704,7,909,30,32,'2019-10-28 00:00:00',72930.36,6024.14,NULL,NULL,NULL,NULL),(1705,7,910,30,33,'2019-11-28 00:00:00',74097.25,4857.26,NULL,NULL,NULL,NULL),(1706,7,911,30,34,'2019-12-28 00:00:00',75282.80,3671.70,NULL,NULL,NULL,NULL),(1707,7,912,30,35,'2020-01-28 00:00:00',76487.33,2467.18,NULL,NULL,NULL,NULL),(1708,7,913,30,36,'2020-02-28 00:00:00',77711.13,1243.38,NULL,NULL,NULL,NULL),(1709,8,878,30,1,'2017-03-28 00:00:00',44586.50,34368.00,NULL,NULL,NULL,NULL),(1710,8,879,30,2,'2017-04-28 00:00:00',45299.89,33654.62,NULL,NULL,NULL,NULL),(1711,8,880,30,3,'2017-05-28 00:00:00',46024.69,32929.82,NULL,NULL,NULL,NULL),(1712,8,881,30,4,'2017-06-28 00:00:00',46761.08,32193.42,NULL,NULL,NULL,NULL),(1713,8,882,30,5,'2017-07-28 00:00:00',47509.26,31445.25,NULL,NULL,NULL,NULL),(1714,8,883,30,6,'2017-08-28 00:00:00',48269.41,30685.10,NULL,NULL,NULL,NULL),(1715,8,884,30,7,'2017-09-28 00:00:00',49041.72,29912.79,NULL,NULL,NULL,NULL),(1716,8,885,30,8,'2017-10-28 00:00:00',49826.39,29128.12,NULL,NULL,NULL,NULL),(1717,8,886,30,9,'2017-11-28 00:00:00',50623.61,28330.90,NULL,NULL,NULL,NULL),(1718,8,887,30,10,'2017-12-28 00:00:00',51433.59,27520.92,NULL,NULL,NULL,NULL),(1719,8,888,30,11,'2018-01-28 00:00:00',52256.52,26697.98,NULL,NULL,NULL,NULL),(1720,8,889,30,12,'2018-02-28 00:00:00',53092.63,25861.88,NULL,NULL,NULL,NULL),(1721,8,890,30,13,'2018-03-28 00:00:00',53942.11,25012.40,889115.78,28929.71,NULL,NULL),(1722,8,891,30,14,'2018-04-28 00:00:00',54805.18,24149.32,-32284.57,-14225.85,NULL,NULL),(1723,8,892,30,15,'2018-05-28 00:00:00',55682.07,23272.44,-32801.13,-13709.30,NULL,NULL),(1724,8,893,30,16,'2018-06-28 00:00:00',56572.98,22381.53,-33325.94,-13184.49,NULL,NULL),(1725,8,894,30,17,'2018-07-28 00:00:00',57478.15,21476.36,-33859.16,-12651.27,NULL,NULL),(1726,8,895,30,18,'2018-08-28 00:00:00',58397.80,20556.71,-34400.91,-12109.52,NULL,NULL),(1727,8,896,30,19,'2018-09-28 00:00:00',59332.16,19622.34,-34951.32,-11559.10,NULL,NULL),(1728,8,897,30,20,'2018-10-28 00:00:00',60281.48,18673.03,-35510.54,-10999.89,NULL,NULL),(1729,8,898,30,21,'2018-11-28 00:00:00',61245.98,17708.52,-36078.71,-10431.71,NULL,NULL),(1730,8,899,30,22,'2018-12-28 00:00:00',62225.92,16728.59,-36655.97,-9854.46,NULL,NULL),(1731,8,900,30,23,'2019-01-28 00:00:00',63221.53,15732.97,-37242.46,-9267.96,NULL,NULL),(1732,8,901,30,24,'2019-02-28 00:00:00',64233.07,14721.43,-37838.34,-8672.08,NULL,NULL),(1733,8,902,30,25,'2019-03-28 00:00:00',65260.80,13693.70,-38443.75,-8066.67,NULL,NULL),(1734,8,903,30,26,'2019-04-28 00:00:00',66304.98,12649.53,-39058.86,-7451.57,NULL,NULL),(1735,8,904,30,27,'2019-05-28 00:00:00',67365.86,11588.65,-39683.80,-6826.63,NULL,NULL),(1736,8,905,30,28,'2019-06-28 00:00:00',68443.71,10510.79,-40318.74,-6191.68,NULL,NULL),(1737,8,906,30,29,'2019-07-28 00:00:00',69538.81,9415.70,-40963.84,-5546.59,NULL,NULL),(1738,8,907,30,30,'2019-08-28 00:00:00',70651.43,8303.07,-41619.26,-4891.16,NULL,NULL),(1739,8,908,30,31,'2019-09-28 00:00:00',71781.85,7172.65,-42285.16,-4225.26,NULL,NULL),(1740,8,909,30,32,'2019-10-28 00:00:00',72930.36,6024.14,-42961.73,-3548.69,NULL,NULL),(1741,8,910,30,33,'2019-11-28 00:00:00',74097.25,4857.26,-43649.12,-2861.31,NULL,NULL),(1742,8,911,30,34,'2019-12-28 00:00:00',75282.80,3671.70,-44347.50,-2162.92,NULL,NULL),(1743,8,912,30,35,'2020-01-28 00:00:00',76487.33,2467.18,-45057.06,-1453.37,NULL,NULL),(1744,8,913,30,36,'2020-02-28 00:00:00',77711.13,1243.38,-45777.98,-732.45,NULL,NULL),(1745,9,770,29,1,'2017-02-28 00:00:00',4151.44,3200.00,NULL,NULL,NULL,NULL),(1746,9,771,29,2,'2017-03-31 00:00:00',4217.87,3133.58,NULL,NULL,NULL,NULL),(1747,9,772,29,3,'2017-04-30 00:00:00',4285.35,3066.09,NULL,NULL,NULL,NULL),(1748,9,773,29,4,'2017-05-31 00:00:00',4353.92,2997.53,NULL,NULL,NULL,NULL),(1749,9,774,29,5,'2017-06-30 00:00:00',4423.58,2927.86,NULL,NULL,NULL,NULL),(1750,9,775,29,6,'2017-07-31 00:00:00',4494.36,2857.09,NULL,NULL,NULL,NULL),(1751,9,776,29,7,'2017-08-31 00:00:00',4566.27,2785.18,NULL,NULL,NULL,NULL),(1752,9,777,29,8,'2017-09-30 00:00:00',4639.33,2712.12,NULL,NULL,NULL,NULL),(1753,9,778,29,9,'2017-10-31 00:00:00',4713.56,2637.89,NULL,NULL,NULL,NULL),(1754,9,779,29,10,'2017-11-30 00:00:00',4788.97,2562.47,NULL,NULL,NULL,NULL),(1755,9,780,29,11,'2017-12-31 00:00:00',4865.60,2485.85,NULL,NULL,NULL,NULL),(1756,9,781,29,12,'2018-01-31 00:00:00',4943.45,2408.00,NULL,NULL,NULL,NULL),(1757,9,782,29,13,'2018-02-28 00:00:00',5022.54,2328.90,NULL,NULL,NULL,NULL),(1758,9,783,29,14,'2018-03-31 00:00:00',5102.90,2248.54,NULL,NULL,NULL,NULL),(1759,9,784,29,15,'2018-04-30 00:00:00',5184.55,2166.89,NULL,NULL,NULL,NULL),(1760,9,785,29,16,'2018-05-31 00:00:00',5267.50,2083.94,NULL,NULL,NULL,NULL),(1761,9,786,29,17,'2018-06-30 00:00:00',5351.78,1999.66,NULL,NULL,NULL,NULL),(1762,9,787,29,18,'2018-07-31 00:00:00',5437.41,1914.03,NULL,NULL,NULL,NULL),(1763,9,788,29,19,'2018-08-31 00:00:00',5524.41,1827.03,NULL,NULL,NULL,NULL),(1764,9,789,29,20,'2018-09-30 00:00:00',5612.80,1738.64,NULL,NULL,NULL,NULL),(1765,9,790,29,21,'2018-10-31 00:00:00',5702.61,1648.84,NULL,NULL,NULL,NULL),(1766,9,791,29,22,'2018-11-30 00:00:00',5793.85,1557.60,NULL,NULL,NULL,NULL),(1767,9,792,29,23,'2018-12-31 00:00:00',5886.55,1464.90,NULL,NULL,NULL,NULL),(1768,9,793,29,24,'2019-01-31 00:00:00',5980.73,1370.71,NULL,NULL,NULL,NULL),(1769,9,794,29,25,'2019-02-28 00:00:00',6076.42,1275.02,NULL,NULL,NULL,NULL),(1770,9,795,29,26,'2019-03-31 00:00:00',6173.65,1177.80,NULL,NULL,NULL,NULL),(1771,9,796,29,27,'2019-04-30 00:00:00',6272.43,1079.02,NULL,NULL,NULL,NULL),(1772,9,797,29,28,'2019-05-31 00:00:00',6372.78,978.66,NULL,NULL,NULL,NULL),(1773,9,798,29,29,'2019-06-30 00:00:00',6474.75,876.69,NULL,NULL,NULL,NULL),(1774,9,799,29,30,'2019-07-31 00:00:00',6578.35,773.10,NULL,NULL,NULL,NULL),(1775,9,800,29,31,'2019-08-31 00:00:00',6683.60,667.84,NULL,NULL,NULL,NULL),(1776,9,801,29,32,'2019-09-30 00:00:00',6790.54,560.91,NULL,NULL,NULL,NULL),(1777,9,802,29,33,'2019-10-31 00:00:00',6899.19,452.26,NULL,NULL,NULL,NULL),(1778,9,803,29,34,'2019-11-30 00:00:00',7009.57,341.87,NULL,NULL,NULL,NULL),(1779,9,804,29,35,'2019-12-31 00:00:00',7121.73,229.72,NULL,NULL,NULL,NULL),(1780,9,805,29,36,'2020-01-31 00:00:00',7235.67,115.77,NULL,NULL,NULL,NULL),(1781,10,698,28,1,'2016-12-30 00:00:00',32692.62,25200.00,NULL,NULL,NULL,NULL),(1782,10,699,28,2,'2017-01-30 00:00:00',33215.70,24676.92,NULL,NULL,NULL,NULL),(1783,10,700,28,3,'2017-02-28 00:00:00',33747.15,24145.47,NULL,NULL,NULL,NULL),(1784,10,701,28,4,'2017-03-30 00:00:00',34287.11,23605.51,NULL,NULL,NULL,NULL),(1785,10,702,28,5,'2017-04-30 00:00:00',34835.70,23056.92,NULL,NULL,NULL,NULL),(1786,10,703,28,6,'2017-05-30 00:00:00',35393.07,22499.55,NULL,NULL,NULL,NULL),(1787,10,704,28,7,'2017-06-30 00:00:00',35959.36,21933.26,NULL,NULL,NULL,NULL),(1788,10,705,28,8,'2017-07-30 00:00:00',36534.71,21357.91,NULL,NULL,NULL,NULL),(1789,10,706,28,9,'2017-08-30 00:00:00',37119.27,20773.35,NULL,NULL,NULL,NULL),(1790,10,707,28,10,'2017-09-30 00:00:00',37713.17,20179.45,NULL,NULL,NULL,NULL),(1791,10,708,28,11,'2017-10-30 00:00:00',38316.58,19576.03,NULL,NULL,NULL,NULL),(1792,10,709,28,12,'2017-11-30 00:00:00',38929.65,18962.97,NULL,NULL,NULL,NULL),(1793,10,710,28,13,'2017-12-30 00:00:00',39552.52,18340.09,NULL,NULL,NULL,NULL),(1794,10,711,28,14,'2018-01-30 00:00:00',40185.36,17707.25,NULL,NULL,NULL,NULL),(1795,10,712,28,15,'2018-02-28 00:00:00',40828.33,17064.29,NULL,NULL,NULL,NULL),(1796,10,713,28,16,'2018-03-30 00:00:00',41481.58,16411.04,NULL,NULL,NULL,NULL),(1797,10,714,28,17,'2018-04-30 00:00:00',42145.29,15747.33,NULL,NULL,NULL,NULL),(1798,10,715,28,18,'2018-05-30 00:00:00',42819.61,15073.01,NULL,NULL,NULL,NULL),(1799,10,716,28,19,'2018-06-30 00:00:00',43504.73,14387.89,NULL,NULL,NULL,NULL),(1800,10,717,28,20,'2018-07-30 00:00:00',44200.80,13691.82,NULL,NULL,NULL,NULL),(1801,10,718,28,21,'2018-08-30 00:00:00',44908.02,12984.60,NULL,NULL,NULL,NULL),(1802,10,719,28,22,'2018-09-30 00:00:00',45626.54,12266.07,NULL,NULL,NULL,NULL),(1803,10,720,28,23,'2018-10-30 00:00:00',46356.57,11536.05,NULL,NULL,NULL,NULL),(1804,10,721,28,24,'2018-11-30 00:00:00',47098.27,10794.34,NULL,NULL,NULL,NULL),(1805,10,722,28,25,'2018-12-30 00:00:00',47851.85,10040.77,NULL,NULL,NULL,NULL),(1806,10,723,28,26,'2019-01-30 00:00:00',48617.48,9275.14,NULL,NULL,NULL,NULL),(1807,10,724,28,27,'2019-02-28 00:00:00',49395.36,8497.26,NULL,NULL,NULL,NULL),(1808,10,725,28,28,'2019-03-30 00:00:00',50185.68,7706.94,NULL,NULL,NULL,NULL),(1809,10,726,28,29,'2019-04-30 00:00:00',50988.65,6903.97,NULL,NULL,NULL,NULL),(1810,10,727,28,30,'2019-05-30 00:00:00',51804.47,6088.15,NULL,NULL,NULL,NULL),(1811,10,728,28,31,'2019-06-30 00:00:00',52633.34,5259.28,NULL,NULL,NULL,NULL),(1812,10,729,28,32,'2019-07-30 00:00:00',53475.48,4417.14,NULL,NULL,NULL,NULL),(1813,10,730,28,33,'2019-08-30 00:00:00',54331.08,3561.54,NULL,NULL,NULL,NULL),(1814,10,731,28,34,'2019-09-30 00:00:00',55200.38,2692.24,NULL,NULL,NULL,NULL),(1815,10,732,28,35,'2019-10-30 00:00:00',56083.59,1809.03,NULL,NULL,NULL,NULL),(1816,10,733,28,36,'2019-11-30 00:00:00',56980.92,911.69,NULL,NULL,NULL,NULL),(1817,11,698,28,1,'2016-12-30 00:00:00',32692.62,25200.00,NULL,NULL,NULL,NULL),(1818,11,699,28,2,'2017-01-30 00:00:00',33215.70,24676.92,NULL,NULL,NULL,NULL),(1819,11,700,28,3,'2017-02-28 00:00:00',33747.15,24145.47,NULL,NULL,NULL,NULL),(1820,11,701,28,4,'2017-03-30 00:00:00',34287.11,23605.51,NULL,NULL,NULL,NULL),(1821,11,702,28,5,'2017-04-30 00:00:00',34835.70,23056.92,NULL,NULL,NULL,NULL),(1822,11,703,28,6,'2017-05-30 00:00:00',35393.07,22499.55,NULL,NULL,NULL,NULL),(1823,11,704,28,7,'2017-06-30 00:00:00',35959.36,21933.26,NULL,NULL,NULL,NULL),(1824,11,705,28,8,'2017-07-30 00:00:00',36534.71,21357.91,NULL,NULL,NULL,NULL),(1825,11,706,28,9,'2017-08-30 00:00:00',37119.27,20773.35,NULL,NULL,NULL,NULL),(1826,11,707,28,10,'2017-09-30 00:00:00',37713.17,20179.45,NULL,NULL,NULL,NULL),(1827,11,708,28,11,'2017-10-30 00:00:00',38316.58,19576.03,NULL,NULL,NULL,NULL),(1828,11,709,28,12,'2017-11-30 00:00:00',38929.65,18962.97,NULL,NULL,NULL,NULL),(1829,11,710,28,13,'2017-12-30 00:00:00',39552.52,18340.09,NULL,NULL,NULL,NULL),(1830,11,711,28,14,'2018-01-30 00:00:00',40185.36,17707.25,NULL,NULL,NULL,NULL),(1831,11,712,28,15,'2018-02-28 00:00:00',40828.33,17064.29,NULL,NULL,NULL,NULL),(1832,11,713,28,16,'2018-03-30 00:00:00',41481.58,16411.04,NULL,NULL,NULL,NULL),(1833,11,714,28,17,'2018-04-30 00:00:00',42145.29,15747.33,NULL,NULL,NULL,NULL),(1834,11,715,28,18,'2018-05-30 00:00:00',42819.61,15073.01,NULL,NULL,NULL,NULL),(1835,11,716,28,19,'2018-06-30 00:00:00',43504.73,14387.89,NULL,NULL,NULL,NULL),(1836,11,717,28,20,'2018-07-30 00:00:00',44200.80,13691.82,NULL,NULL,NULL,NULL),(1837,11,718,28,21,'2018-08-30 00:00:00',44908.02,12984.60,NULL,NULL,NULL,NULL),(1838,11,719,28,22,'2018-09-30 00:00:00',45626.54,12266.07,NULL,NULL,NULL,NULL),(1839,11,720,28,23,'2018-10-30 00:00:00',46356.57,11536.05,NULL,NULL,NULL,NULL),(1840,11,721,28,24,'2018-11-30 00:00:00',47098.27,10794.34,NULL,NULL,NULL,NULL),(1841,11,722,28,25,'2018-12-30 00:00:00',47851.85,10040.77,NULL,NULL,NULL,NULL),(1842,11,723,28,26,'2019-01-30 00:00:00',48617.48,9275.14,NULL,NULL,NULL,NULL),(1843,11,724,28,27,'2019-02-28 00:00:00',49395.36,8497.26,NULL,NULL,NULL,NULL),(1844,11,725,28,28,'2019-03-30 00:00:00',50185.68,7706.94,NULL,NULL,NULL,NULL),(1845,11,726,28,29,'2019-04-30 00:00:00',50988.65,6903.97,NULL,NULL,NULL,NULL),(1846,11,727,28,30,'2019-05-30 00:00:00',51804.47,6088.15,NULL,NULL,NULL,NULL),(1847,11,728,28,31,'2019-06-30 00:00:00',52633.34,5259.28,NULL,NULL,NULL,NULL),(1848,11,729,28,32,'2019-07-30 00:00:00',53475.48,4417.14,NULL,NULL,NULL,NULL),(1849,11,730,28,33,'2019-08-30 00:00:00',54331.08,3561.54,NULL,NULL,NULL,NULL),(1850,11,731,28,34,'2019-09-30 00:00:00',55200.38,2692.24,NULL,NULL,NULL,NULL),(1851,11,732,28,35,'2019-10-30 00:00:00',56083.59,1809.03,NULL,NULL,NULL,NULL),(1852,11,733,28,36,'2019-11-30 00:00:00',56980.92,911.69,NULL,NULL,NULL,NULL),(1853,12,674,27,1,'2016-10-29 00:00:00',43235.82,20048.00,NULL,NULL,NULL,NULL),(1854,12,675,27,2,'2016-11-29 00:00:00',43927.59,19356.23,NULL,NULL,NULL,NULL),(1855,12,676,27,3,'2016-12-29 00:00:00',44630.43,18653.39,NULL,NULL,NULL,NULL),(1856,12,677,27,4,'2017-01-29 00:00:00',45344.52,17939.30,NULL,NULL,NULL,NULL),(1857,12,678,27,5,'2017-02-28 00:00:00',46070.03,17213.79,NULL,NULL,NULL,NULL),(1858,12,679,27,6,'2017-03-29 00:00:00',46807.15,16476.67,NULL,NULL,NULL,NULL),(1859,12,680,27,7,'2017-04-29 00:00:00',47556.07,15727.75,NULL,NULL,NULL,NULL),(1860,12,681,27,8,'2017-05-29 00:00:00',48316.96,14966.85,NULL,NULL,NULL,NULL),(1861,12,682,27,9,'2017-06-29 00:00:00',49090.04,14193.78,NULL,NULL,NULL,NULL),(1862,12,683,27,10,'2017-07-29 00:00:00',49875.48,13408.34,NULL,NULL,NULL,NULL),(1863,12,684,27,11,'2017-08-29 00:00:00',50673.48,12610.33,NULL,NULL,NULL,NULL),(1864,12,685,27,12,'2017-09-29 00:00:00',51484.26,11799.56,NULL,NULL,NULL,NULL),(1865,12,686,27,13,'2017-10-29 00:00:00',52308.01,10975.81,NULL,NULL,NULL,NULL),(1866,12,687,27,14,'2017-11-29 00:00:00',53144.94,10138.88,NULL,NULL,NULL,NULL),(1867,12,688,27,15,'2017-12-29 00:00:00',53995.26,9288.56,NULL,NULL,NULL,NULL),(1868,12,689,27,16,'2018-01-29 00:00:00',54859.18,8424.64,NULL,NULL,NULL,NULL),(1869,12,690,27,17,'2018-02-28 00:00:00',55736.93,7546.89,NULL,NULL,NULL,NULL),(1870,12,691,27,18,'2018-03-29 00:00:00',56628.72,6655.10,NULL,NULL,NULL,NULL),(1871,12,692,27,19,'2018-04-29 00:00:00',57534.78,5749.04,NULL,NULL,NULL,NULL),(1872,12,693,27,20,'2018-05-29 00:00:00',58455.33,4828.49,NULL,NULL,NULL,NULL),(1873,12,694,27,21,'2018-06-29 00:00:00',59390.62,3893.20,NULL,NULL,NULL,NULL),(1874,12,695,27,22,'2018-07-29 00:00:00',60340.87,2942.95,NULL,NULL,NULL,NULL),(1875,12,696,27,23,'2018-08-29 00:00:00',61306.32,1977.50,NULL,NULL,NULL,NULL),(1876,12,697,27,24,'2018-09-29 00:00:00',62287.22,996.60,NULL,NULL,NULL,NULL),(1877,13,674,27,1,'2016-10-29 00:00:00',43235.82,20048.00,NULL,NULL,NULL,NULL),(1878,13,675,27,2,'2016-11-29 00:00:00',43927.59,19356.23,NULL,NULL,NULL,NULL),(1879,13,676,27,3,'2016-12-29 00:00:00',44630.43,18653.39,NULL,NULL,NULL,NULL),(1880,13,677,27,4,'2017-01-29 00:00:00',45344.52,17939.30,NULL,NULL,NULL,NULL),(1881,13,678,27,5,'2017-02-28 00:00:00',46070.03,17213.79,NULL,NULL,NULL,NULL),(1882,13,679,27,6,'2017-03-29 00:00:00',46807.15,16476.67,NULL,NULL,NULL,NULL),(1883,13,680,27,7,'2017-04-29 00:00:00',47556.07,15727.75,NULL,NULL,NULL,NULL),(1884,13,681,27,8,'2017-05-29 00:00:00',48316.96,14966.85,NULL,NULL,NULL,NULL),(1885,13,682,27,9,'2017-06-29 00:00:00',49090.04,14193.78,NULL,NULL,NULL,NULL),(1886,13,683,27,10,'2017-07-29 00:00:00',49875.48,13408.34,NULL,NULL,NULL,NULL),(1887,13,684,27,11,'2017-08-29 00:00:00',50673.48,12610.33,NULL,NULL,NULL,NULL),(1888,13,685,27,12,'2017-09-29 00:00:00',51484.26,11799.56,NULL,NULL,NULL,NULL),(1889,13,686,27,13,'2017-10-29 00:00:00',52308.01,10975.81,NULL,NULL,NULL,NULL),(1890,13,687,27,14,'2017-11-29 00:00:00',53144.94,10138.88,NULL,NULL,NULL,NULL),(1891,13,688,27,15,'2017-12-29 00:00:00',53995.26,9288.56,NULL,NULL,NULL,NULL),(1892,13,689,27,16,'2018-01-29 00:00:00',54859.18,8424.64,NULL,NULL,NULL,NULL),(1893,13,690,27,17,'2018-02-28 00:00:00',55736.93,7546.89,NULL,NULL,NULL,NULL),(1894,13,691,27,18,'2018-03-29 00:00:00',56628.72,6655.10,NULL,NULL,NULL,NULL),(1895,13,692,27,19,'2018-04-29 00:00:00',57534.78,5749.04,NULL,NULL,NULL,NULL),(1896,13,693,27,20,'2018-05-29 00:00:00',58455.33,4828.49,NULL,NULL,NULL,NULL),(1897,13,694,27,21,'2018-06-29 00:00:00',59390.62,3893.20,NULL,NULL,NULL,NULL),(1898,13,695,27,22,'2018-07-29 00:00:00',60340.87,2942.95,NULL,NULL,NULL,NULL),(1899,13,696,27,23,'2018-08-29 00:00:00',61306.32,1977.50,NULL,NULL,NULL,NULL),(1900,13,697,27,24,'2018-09-29 00:00:00',62287.22,996.60,NULL,NULL,NULL,NULL),(1901,14,626,26,1,'2016-08-30 00:00:00',27949.73,12960.00,NULL,NULL,NULL,NULL),(1902,14,627,26,2,'2016-09-30 00:00:00',28396.93,12512.80,NULL,NULL,NULL,NULL),(1903,14,628,26,3,'2016-10-30 00:00:00',28851.28,12058.45,NULL,NULL,NULL,NULL),(1904,14,629,26,4,'2016-11-30 00:00:00',29312.90,11596.83,NULL,NULL,NULL,NULL),(1905,14,630,26,5,'2016-12-30 00:00:00',29781.90,11127.83,NULL,NULL,NULL,NULL),(1906,14,631,26,6,'2017-01-30 00:00:00',30258.41,10651.32,NULL,NULL,NULL,NULL),(1907,14,632,26,7,'2017-02-28 00:00:00',30742.55,10167.18,NULL,NULL,NULL,NULL),(1908,14,633,26,8,'2017-03-30 00:00:00',31234.43,9675.30,NULL,NULL,NULL,NULL),(1909,14,634,26,9,'2017-04-30 00:00:00',31734.18,9175.55,NULL,NULL,NULL,NULL),(1910,14,635,26,10,'2017-05-30 00:00:00',32241.93,8667.80,NULL,NULL,NULL,NULL),(1911,14,636,26,11,'2017-06-30 00:00:00',32757.80,8151.93,NULL,NULL,NULL,NULL),(1912,14,637,26,12,'2017-07-30 00:00:00',33281.92,7627.81,NULL,NULL,NULL,NULL),(1913,14,638,26,13,'2017-08-30 00:00:00',33814.43,7095.30,NULL,NULL,NULL,NULL),(1914,14,639,26,14,'2017-09-30 00:00:00',34355.47,6554.27,NULL,NULL,NULL,NULL),(1915,14,640,26,15,'2017-10-30 00:00:00',34905.15,6004.58,NULL,NULL,NULL,NULL),(1916,14,641,26,16,'2017-11-30 00:00:00',35463.64,5446.10,NULL,NULL,NULL,NULL),(1917,14,642,26,17,'2017-12-30 00:00:00',36031.05,4878.68,NULL,NULL,NULL,NULL),(1918,14,643,26,18,'2018-01-30 00:00:00',36607.55,4302.18,NULL,NULL,NULL,NULL),(1919,14,644,26,19,'2018-02-28 00:00:00',37193.27,3716.46,NULL,NULL,NULL,NULL),(1920,14,645,26,20,'2018-03-30 00:00:00',37788.36,3121.37,NULL,NULL,NULL,NULL),(1921,14,646,26,21,'2018-04-30 00:00:00',38392.98,2516.75,NULL,NULL,NULL,NULL),(1922,14,647,26,22,'2018-05-30 00:00:00',39007.27,1902.47,NULL,NULL,NULL,NULL),(1923,14,648,26,23,'2018-06-30 00:00:00',39631.38,1278.35,NULL,NULL,NULL,NULL),(1924,14,649,26,24,'2018-07-30 00:00:00',40265.48,644.25,NULL,NULL,NULL,NULL),(1925,15,626,26,1,'2016-08-30 00:00:00',27949.73,12960.00,NULL,NULL,NULL,NULL),(1926,15,627,26,2,'2016-09-30 00:00:00',28396.93,12512.80,NULL,NULL,NULL,NULL),(1927,15,628,26,3,'2016-10-30 00:00:00',28851.28,12058.45,NULL,NULL,NULL,NULL),(1928,15,629,26,4,'2016-11-30 00:00:00',29312.90,11596.83,NULL,NULL,NULL,NULL),(1929,15,630,26,5,'2016-12-30 00:00:00',29781.90,11127.83,NULL,NULL,NULL,NULL),(1930,15,631,26,6,'2017-01-30 00:00:00',30258.41,10651.32,NULL,NULL,NULL,NULL),(1931,15,632,26,7,'2017-02-28 00:00:00',30742.55,10167.18,NULL,NULL,NULL,NULL),(1932,15,633,26,8,'2017-03-30 00:00:00',31234.43,9675.30,NULL,NULL,NULL,NULL),(1933,15,634,26,9,'2017-04-30 00:00:00',31734.18,9175.55,NULL,NULL,NULL,NULL),(1934,15,635,26,10,'2017-05-30 00:00:00',32241.93,8667.80,NULL,NULL,NULL,NULL),(1935,15,636,26,11,'2017-06-30 00:00:00',32757.80,8151.93,NULL,NULL,NULL,NULL),(1936,15,637,26,12,'2017-07-30 00:00:00',33281.92,7627.81,NULL,NULL,NULL,NULL),(1937,15,638,26,13,'2017-08-30 00:00:00',33814.43,7095.30,NULL,NULL,NULL,NULL),(1938,15,639,26,14,'2017-09-30 00:00:00',34355.47,6554.27,NULL,NULL,NULL,NULL),(1939,15,640,26,15,'2017-10-30 00:00:00',34905.15,6004.58,NULL,NULL,NULL,NULL),(1940,15,641,26,16,'2017-11-30 00:00:00',35463.64,5446.10,NULL,NULL,NULL,NULL),(1941,15,642,26,17,'2017-12-30 00:00:00',36031.05,4878.68,NULL,NULL,NULL,NULL),(1942,15,643,26,18,'2018-01-30 00:00:00',36607.55,4302.18,NULL,NULL,NULL,NULL),(1943,15,644,26,19,'2018-02-28 00:00:00',37193.27,3716.46,NULL,NULL,NULL,NULL),(1944,15,645,26,20,'2018-03-30 00:00:00',37788.36,3121.37,NULL,NULL,NULL,NULL),(1945,15,646,26,21,'2018-04-30 00:00:00',38392.98,2516.75,NULL,NULL,NULL,NULL),(1946,15,647,26,22,'2018-05-30 00:00:00',39007.27,1902.47,NULL,NULL,NULL,NULL),(1947,15,648,26,23,'2018-06-30 00:00:00',39631.38,1278.35,NULL,NULL,NULL,NULL),(1948,15,649,26,24,'2018-07-30 00:00:00',40265.48,644.25,NULL,NULL,NULL,NULL),(1949,16,506,24,1,'2016-05-27 00:00:00',252103.65,288000.00,NULL,NULL,NULL,NULL),(1950,16,507,24,2,'2016-06-27 00:00:00',256137.31,283966.34,NULL,NULL,NULL,NULL),(1951,16,508,24,3,'2016-07-27 00:00:00',260235.50,279868.14,NULL,NULL,NULL,NULL),(1952,16,509,24,4,'2016-08-27 00:00:00',264399.27,275704.38,NULL,NULL,NULL,NULL),(1953,16,510,24,5,'2016-09-27 00:00:00',268629.66,271473.99,NULL,NULL,NULL,NULL),(1954,16,511,24,6,'2016-10-27 00:00:00',272927.73,267175.91,NULL,NULL,NULL,NULL),(1955,16,512,24,7,'2016-11-27 00:00:00',277294.58,262809.07,NULL,NULL,NULL,NULL),(1956,16,513,24,8,'2016-12-27 00:00:00',281731.29,258372.36,NULL,NULL,NULL,NULL),(1957,16,514,24,9,'2017-01-27 00:00:00',286238.99,253864.66,NULL,NULL,NULL,NULL),(1958,16,515,24,10,'2017-02-27 00:00:00',290818.81,249284.83,NULL,NULL,NULL,NULL),(1959,16,516,24,11,'2017-03-27 00:00:00',295471.92,244631.73,NULL,NULL,NULL,NULL),(1960,16,517,24,12,'2017-04-27 00:00:00',300199.47,239904.18,NULL,NULL,NULL,NULL),(1961,16,518,24,13,'2017-05-27 00:00:00',305002.66,235100.99,NULL,NULL,NULL,NULL),(1962,16,519,24,14,'2017-06-27 00:00:00',309882.70,230220.95,NULL,NULL,NULL,NULL),(1963,16,520,24,15,'2017-07-27 00:00:00',314840.82,225262.82,NULL,NULL,NULL,NULL),(1964,16,521,24,16,'2017-08-27 00:00:00',319878.28,220225.37,NULL,NULL,NULL,NULL),(1965,16,522,24,17,'2017-09-27 00:00:00',324996.33,215107.32,NULL,NULL,NULL,NULL),(1966,16,523,24,18,'2017-10-27 00:00:00',330196.27,209907.38,NULL,NULL,NULL,NULL),(1967,16,524,24,19,'2017-11-27 00:00:00',335479.41,204624.24,NULL,NULL,NULL,NULL),(1968,16,525,24,20,'2017-12-27 00:00:00',340847.08,199256.57,NULL,NULL,NULL,NULL),(1969,16,526,24,21,'2018-01-27 00:00:00',346300.63,193803.01,NULL,NULL,NULL,NULL),(1970,16,527,24,22,'2018-02-27 00:00:00',351841.44,188262.20,NULL,NULL,NULL,NULL),(1971,16,528,24,23,'2018-03-27 00:00:00',357470.91,182632.74,NULL,NULL,NULL,NULL),(1972,16,529,24,24,'2018-04-27 00:00:00',363190.44,176913.20,NULL,NULL,NULL,NULL),(1973,16,530,24,25,'2018-05-27 00:00:00',369001.49,171102.16,NULL,NULL,NULL,NULL),(1974,16,531,24,26,'2018-06-27 00:00:00',374905.51,165198.13,NULL,NULL,NULL,NULL),(1975,16,532,24,27,'2018-07-27 00:00:00',380904.00,159199.65,NULL,NULL,NULL,NULL),(1976,16,533,24,28,'2018-08-27 00:00:00',386998.47,153105.18,NULL,NULL,NULL,NULL),(1977,16,534,24,29,'2018-09-27 00:00:00',393190.44,146913.21,NULL,NULL,NULL,NULL),(1978,16,535,24,30,'2018-10-27 00:00:00',399481.49,140622.16,NULL,NULL,NULL,NULL),(1979,16,536,24,31,'2018-11-27 00:00:00',405873.19,134230.46,NULL,NULL,NULL,NULL),(1980,16,537,24,32,'2018-12-27 00:00:00',412367.16,127736.48,NULL,NULL,NULL,NULL),(1981,16,538,24,33,'2019-01-27 00:00:00',418965.04,121138.61,NULL,NULL,NULL,NULL),(1982,16,539,24,34,'2019-02-27 00:00:00',425668.48,114435.17,NULL,NULL,NULL,NULL),(1983,16,540,24,35,'2019-03-27 00:00:00',432479.17,107624.47,NULL,NULL,NULL,NULL),(1984,16,541,24,36,'2019-04-27 00:00:00',439398.84,100704.81,NULL,NULL,NULL,NULL),(1985,16,542,24,37,'2019-05-27 00:00:00',446429.22,93674.43,NULL,NULL,NULL,NULL),(1986,16,543,24,38,'2019-06-27 00:00:00',453572.09,86531.56,NULL,NULL,NULL,NULL),(1987,16,544,24,39,'2019-07-27 00:00:00',460829.24,79274.40,NULL,NULL,NULL,NULL),(1988,16,545,24,40,'2019-08-27 00:00:00',468202.51,71901.14,NULL,NULL,NULL,NULL),(1989,16,546,24,41,'2019-09-27 00:00:00',475693.75,64409.90,NULL,NULL,NULL,NULL),(1990,16,547,24,42,'2019-10-27 00:00:00',483304.85,56798.80,NULL,NULL,NULL,NULL),(1991,16,548,24,43,'2019-11-27 00:00:00',491037.73,49065.92,NULL,NULL,NULL,NULL),(1992,16,549,24,44,'2019-12-27 00:00:00',498894.33,41209.31,NULL,NULL,NULL,NULL),(1993,16,550,24,45,'2020-01-27 00:00:00',506876.64,33227.01,NULL,NULL,NULL,NULL),(1994,16,551,24,46,'2020-02-27 00:00:00',514986.67,25116.98,NULL,NULL,NULL,NULL),(1995,16,552,24,47,'2020-03-27 00:00:00',523226.45,16877.19,NULL,NULL,NULL,NULL),(1996,16,553,24,48,'2020-04-27 00:00:00',531598.08,8505.57,NULL,NULL,NULL,NULL),(1997,17,506,24,1,'2016-05-27 00:00:00',252103.65,288000.00,NULL,NULL,NULL,NULL),(1998,17,507,24,2,'2016-06-27 00:00:00',256137.31,283966.34,NULL,NULL,NULL,NULL),(1999,17,508,24,3,'2016-07-27 00:00:00',260235.50,279868.14,NULL,NULL,NULL,NULL),(2000,17,509,24,4,'2016-08-27 00:00:00',264399.27,275704.38,NULL,NULL,NULL,NULL),(2001,17,510,24,5,'2016-09-27 00:00:00',268629.66,271473.99,NULL,NULL,NULL,NULL),(2002,17,511,24,6,'2016-10-27 00:00:00',272927.73,267175.91,NULL,NULL,NULL,NULL),(2003,17,512,24,7,'2016-11-27 00:00:00',277294.58,262809.07,NULL,NULL,NULL,NULL),(2004,17,513,24,8,'2016-12-27 00:00:00',281731.29,258372.36,NULL,NULL,NULL,NULL),(2005,17,514,24,9,'2017-01-27 00:00:00',286238.99,253864.66,NULL,NULL,NULL,NULL),(2006,17,515,24,10,'2017-02-27 00:00:00',290818.81,249284.83,NULL,NULL,NULL,NULL),(2007,17,516,24,11,'2017-03-27 00:00:00',295471.92,244631.73,NULL,NULL,NULL,NULL),(2008,17,517,24,12,'2017-04-27 00:00:00',300199.47,239904.18,NULL,NULL,NULL,NULL),(2009,17,518,24,13,'2017-05-27 00:00:00',305002.66,235100.99,NULL,NULL,NULL,NULL),(2010,17,519,24,14,'2017-06-27 00:00:00',309882.70,230220.95,NULL,NULL,NULL,NULL),(2011,17,520,24,15,'2017-07-27 00:00:00',314840.82,225262.82,NULL,NULL,NULL,NULL),(2012,17,521,24,16,'2017-08-27 00:00:00',319878.28,220225.37,NULL,NULL,NULL,NULL),(2013,17,522,24,17,'2017-09-27 00:00:00',324996.33,215107.32,NULL,NULL,NULL,NULL),(2014,17,523,24,18,'2017-10-27 00:00:00',330196.27,209907.38,NULL,NULL,NULL,NULL),(2015,17,524,24,19,'2017-11-27 00:00:00',335479.41,204624.24,NULL,NULL,NULL,NULL),(2016,17,525,24,20,'2017-12-27 00:00:00',340847.08,199256.57,NULL,NULL,NULL,NULL),(2017,17,526,24,21,'2018-01-27 00:00:00',346300.63,193803.01,NULL,NULL,NULL,NULL),(2018,17,527,24,22,'2018-02-27 00:00:00',351841.44,188262.20,NULL,NULL,NULL,NULL),(2019,17,528,24,23,'2018-03-27 00:00:00',357470.91,182632.74,NULL,NULL,NULL,NULL),(2020,17,529,24,24,'2018-04-27 00:00:00',363190.44,176913.20,1454707.12,186277.24,NULL,NULL),(2021,17,530,24,25,'2018-05-27 00:00:00',369001.49,171102.16,-50195.89,-23275.32,NULL,NULL),(2022,17,531,24,26,'2018-06-27 00:00:00',374905.51,165198.13,-50999.02,-22472.18,NULL,NULL),(2023,17,532,24,27,'2018-07-27 00:00:00',380904.00,159199.65,-51815.01,-21656.20,NULL,NULL),(2024,17,533,24,28,'2018-08-27 00:00:00',386998.47,153105.18,-52644.06,-20827.15,NULL,NULL),(2025,17,534,24,29,'2018-09-27 00:00:00',393190.44,146913.21,-53486.36,-19984.85,NULL,NULL),(2026,17,535,24,30,'2018-10-27 00:00:00',399481.49,140622.16,-54342.14,-19129.07,NULL,NULL),(2027,17,536,24,31,'2018-11-27 00:00:00',405873.19,134230.46,-55211.61,-18259.60,NULL,NULL),(2028,17,537,24,32,'2018-12-27 00:00:00',412367.16,127736.48,-56095.00,-17376.20,NULL,NULL),(2029,17,538,24,33,'2019-01-27 00:00:00',418965.04,121138.61,-56992.52,-16478.69,NULL,NULL),(2030,17,539,24,34,'2019-02-27 00:00:00',425668.48,114435.17,-57904.40,-15566.81,NULL,NULL),(2031,17,540,24,35,'2019-03-27 00:00:00',432479.17,107624.47,-58830.86,-14640.33,NULL,NULL),(2032,17,541,24,36,'2019-04-27 00:00:00',439398.84,100704.81,-59772.16,-13699.05,NULL,NULL),(2033,17,542,24,37,'2019-05-27 00:00:00',446429.22,93674.43,-60728.52,-12742.69,NULL,NULL),(2034,17,543,24,38,'2019-06-27 00:00:00',453572.09,86531.56,-61700.17,-11771.04,NULL,NULL),(2035,17,544,24,39,'2019-07-27 00:00:00',460829.24,79274.40,-62687.37,-10783.83,NULL,NULL),(2036,17,545,24,40,'2019-08-27 00:00:00',468202.51,71901.14,-63690.37,-9780.84,NULL,NULL),(2037,17,546,24,41,'2019-09-27 00:00:00',475693.75,64409.90,-64709.42,-8761.79,NULL,NULL),(2038,17,547,24,42,'2019-10-27 00:00:00',483304.85,56798.80,-65744.77,-7726.44,NULL,NULL),(2039,17,548,24,43,'2019-11-27 00:00:00',491037.73,49065.92,-66796.69,-6674.52,NULL,NULL),(2040,17,549,24,44,'2019-12-27 00:00:00',498894.33,41209.31,-67865.43,-5605.77,NULL,NULL),(2041,17,550,24,45,'2020-01-27 00:00:00',506876.64,33227.01,-68951.28,-4519.93,NULL,NULL),(2042,17,551,24,46,'2020-02-27 00:00:00',514986.67,25116.98,-70054.50,-3416.71,NULL,NULL),(2043,17,552,24,47,'2020-03-27 00:00:00',523226.45,16877.19,-71175.37,-2295.83,NULL,NULL),(2044,17,553,24,48,'2020-04-27 00:00:00',531598.08,8505.57,-72314.18,-1157.03,NULL,NULL),(2045,18,506,24,1,'2016-05-27 00:00:00',252103.65,288000.00,NULL,NULL,NULL,NULL),(2046,18,507,24,2,'2016-06-27 00:00:00',256137.31,283966.34,NULL,NULL,NULL,NULL),(2047,18,508,24,3,'2016-07-27 00:00:00',260235.50,279868.14,NULL,NULL,NULL,NULL),(2048,18,509,24,4,'2016-08-27 00:00:00',264399.27,275704.38,NULL,NULL,NULL,NULL),(2049,18,510,24,5,'2016-09-27 00:00:00',268629.66,271473.99,NULL,NULL,NULL,NULL),(2050,18,511,24,6,'2016-10-27 00:00:00',272927.73,267175.91,NULL,NULL,NULL,NULL),(2051,18,512,24,7,'2016-11-27 00:00:00',277294.58,262809.07,NULL,NULL,NULL,NULL),(2052,18,513,24,8,'2016-12-27 00:00:00',281731.29,258372.36,NULL,NULL,NULL,NULL),(2053,18,514,24,9,'2017-01-27 00:00:00',286238.99,253864.66,NULL,NULL,NULL,NULL),(2054,18,515,24,10,'2017-02-27 00:00:00',290818.81,249284.83,NULL,NULL,NULL,NULL),(2055,18,516,24,11,'2017-03-27 00:00:00',295471.92,244631.73,NULL,NULL,NULL,NULL),(2056,18,517,24,12,'2017-04-27 00:00:00',300199.47,239904.18,NULL,NULL,NULL,NULL),(2057,18,518,24,13,'2017-05-27 00:00:00',305002.66,235100.99,NULL,NULL,NULL,NULL),(2058,18,519,24,14,'2017-06-27 00:00:00',309882.70,230220.95,NULL,NULL,NULL,NULL),(2059,18,520,24,15,'2017-07-27 00:00:00',314840.82,225262.82,NULL,NULL,NULL,NULL),(2060,18,521,24,16,'2017-08-27 00:00:00',319878.28,220225.37,NULL,NULL,NULL,NULL),(2061,18,522,24,17,'2017-09-27 00:00:00',324996.33,215107.32,NULL,NULL,NULL,NULL),(2062,18,523,24,18,'2017-10-27 00:00:00',330196.27,209907.38,NULL,NULL,NULL,NULL),(2063,18,524,24,19,'2017-11-27 00:00:00',335479.41,204624.24,NULL,NULL,NULL,NULL),(2064,18,525,24,20,'2017-12-27 00:00:00',340847.08,199256.57,NULL,NULL,NULL,NULL),(2065,18,526,24,21,'2018-01-27 00:00:00',346300.63,193803.01,NULL,NULL,NULL,NULL),(2066,18,527,24,22,'2018-02-27 00:00:00',351841.44,188262.20,NULL,NULL,NULL,NULL),(2067,18,528,24,23,'2018-03-27 00:00:00',357470.91,182632.74,NULL,NULL,NULL,NULL),(2068,18,529,24,24,'2018-04-27 00:00:00',363190.44,176913.20,1454707.12,186277.24,NULL,NULL),(2069,18,530,24,25,'2018-05-27 00:00:00',369001.49,171102.16,561997.02,197899.33,NULL,NULL),(2070,18,531,24,26,'2018-06-27 00:00:00',374905.51,165198.13,-73228.28,-32267.26,NULL,NULL),(2071,18,532,24,27,'2018-07-27 00:00:00',380904.00,159199.65,-74399.94,-31095.62,NULL,NULL),(2072,18,533,24,28,'2018-08-27 00:00:00',386998.47,153105.18,-75590.34,-29905.21,NULL,NULL),(2073,18,534,24,29,'2018-09-27 00:00:00',393190.44,146913.21,-76799.78,-28695.77,NULL,NULL),(2074,18,535,24,30,'2018-10-27 00:00:00',399481.49,140622.16,-78028.58,-27466.97,NULL,NULL),(2075,18,536,24,31,'2018-11-27 00:00:00',405873.19,134230.46,-79277.03,-26218.52,NULL,NULL),(2076,18,537,24,32,'2018-12-27 00:00:00',412367.16,127736.48,-80545.47,-24950.08,NULL,NULL),(2077,18,538,24,33,'2019-01-27 00:00:00',418965.04,121138.61,-81834.20,-23661.36,NULL,NULL),(2078,18,539,24,34,'2019-02-27 00:00:00',425668.48,114435.17,-83143.54,-22352.01,NULL,NULL),(2079,18,540,24,35,'2019-03-27 00:00:00',432479.17,107624.47,-84473.84,-21021.71,NULL,NULL),(2080,18,541,24,36,'2019-04-27 00:00:00',439398.84,100704.81,-85825.42,-19670.13,NULL,NULL),(2081,18,542,24,37,'2019-05-27 00:00:00',446429.22,93674.43,-87198.63,-18296.93,NULL,NULL),(2082,18,543,24,38,'2019-06-27 00:00:00',453572.09,86531.56,-88593.81,-16901.75,NULL,NULL),(2083,18,544,24,39,'2019-07-27 00:00:00',460829.24,79274.40,-90011.30,-15484.24,NULL,NULL),(2084,18,545,24,40,'2019-08-27 00:00:00',468202.51,71901.14,-91451.49,-14044.07,NULL,NULL),(2085,18,546,24,41,'2019-09-27 00:00:00',475693.75,64409.90,-92914.71,-12580.84,NULL,NULL),(2086,18,547,24,42,'2019-10-27 00:00:00',483304.85,56798.80,-94401.35,-11094.21,NULL,NULL),(2087,18,548,24,43,'2019-11-27 00:00:00',491037.73,49065.92,-95911.77,-9583.78,NULL,NULL),(2088,18,549,24,44,'2019-12-27 00:00:00',498894.33,41209.31,-97446.35,-8049.19,NULL,NULL),(2089,18,550,24,45,'2020-01-27 00:00:00',506876.64,33227.01,-99005.50,-6490.06,NULL,NULL),(2090,18,551,24,46,'2020-02-27 00:00:00',514986.67,25116.98,-100589.59,-4905.97,NULL,NULL),(2091,18,552,24,47,'2020-03-27 00:00:00',523226.45,16877.19,-102199.02,-3296.53,NULL,NULL),(2092,18,553,24,48,'2020-04-27 00:00:00',531598.08,8505.57,-103834.21,-1661.35,NULL,NULL),(2093,19,878,30,1,'2017-03-28 00:00:00',44586.50,34368.00,NULL,NULL,NULL,NULL),(2094,19,879,30,2,'2017-04-28 00:00:00',45299.89,33654.62,NULL,NULL,NULL,NULL),(2095,19,880,30,3,'2017-05-28 00:00:00',46024.69,32929.82,NULL,NULL,NULL,NULL),(2096,19,881,30,4,'2017-06-28 00:00:00',46761.08,32193.42,NULL,NULL,NULL,NULL),(2097,19,882,30,5,'2017-07-28 00:00:00',47509.26,31445.25,NULL,NULL,NULL,NULL),(2098,19,883,30,6,'2017-08-28 00:00:00',48269.41,30685.10,NULL,NULL,NULL,NULL),(2099,19,884,30,7,'2017-09-28 00:00:00',49041.72,29912.79,NULL,NULL,NULL,NULL),(2100,19,885,30,8,'2017-10-28 00:00:00',49826.39,29128.12,NULL,NULL,NULL,NULL),(2101,19,886,30,9,'2017-11-28 00:00:00',50623.61,28330.90,NULL,NULL,NULL,NULL),(2102,19,887,30,10,'2017-12-28 00:00:00',51433.59,27520.92,NULL,NULL,NULL,NULL),(2103,19,888,30,11,'2018-01-28 00:00:00',52256.52,26697.98,NULL,NULL,NULL,NULL),(2104,19,889,30,12,'2018-02-28 00:00:00',53092.63,25861.88,NULL,NULL,NULL,NULL),(2105,19,890,30,13,'2018-03-28 00:00:00',53942.11,25012.40,889115.78,28929.71,NULL,NULL),(2106,19,891,30,14,'2018-04-28 00:00:00',54805.18,24149.32,565389.64,30655.86,NULL,NULL),(2107,19,892,30,15,'2018-05-28 00:00:00',55682.07,23272.44,-55681.23,-23272.09,NULL,NULL),(2108,19,893,30,16,'2018-06-28 00:00:00',56572.98,22381.53,-56572.12,-22381.19,NULL,NULL),(2109,19,894,30,17,'2018-07-28 00:00:00',57478.15,21476.36,-57477.28,-21476.04,NULL,NULL),(2110,19,895,30,18,'2018-08-28 00:00:00',58397.80,20556.71,-58396.92,-20556.40,NULL,NULL),(2111,19,896,30,19,'2018-09-28 00:00:00',59332.16,19622.34,-59331.26,-19622.04,NULL,NULL),(2112,19,897,30,20,'2018-10-28 00:00:00',60281.48,18673.03,-60280.57,-18672.75,NULL,NULL),(2113,19,898,30,21,'2018-11-28 00:00:00',61245.98,17708.52,-61245.05,-17708.25,NULL,NULL),(2114,19,899,30,22,'2018-12-28 00:00:00',62225.92,16728.59,-62224.98,-16728.34,NULL,NULL),(2115,19,900,30,23,'2019-01-28 00:00:00',63221.53,15732.97,-63220.57,-15732.73,NULL,NULL),(2116,19,901,30,24,'2019-02-28 00:00:00',64233.07,14721.43,-64232.10,-14721.21,NULL,NULL),(2117,19,902,30,25,'2019-03-28 00:00:00',65260.80,13693.70,-65259.81,-13693.49,NULL,NULL),(2118,19,903,30,26,'2019-04-28 00:00:00',66304.98,12649.53,-66303.98,-12649.34,NULL,NULL),(2119,19,904,30,27,'2019-05-28 00:00:00',67365.86,11588.65,-67364.84,-11588.47,NULL,NULL),(2120,19,905,30,28,'2019-06-28 00:00:00',68443.71,10510.79,-68442.67,-10510.63,NULL,NULL),(2121,19,906,30,29,'2019-07-28 00:00:00',69538.81,9415.70,-69537.76,-9415.56,NULL,NULL),(2122,19,907,30,30,'2019-08-28 00:00:00',70651.43,8303.07,-70650.36,-8302.94,NULL,NULL),(2123,19,908,30,31,'2019-09-28 00:00:00',71781.85,7172.65,-71780.76,-7172.54,NULL,NULL),(2124,19,909,30,32,'2019-10-28 00:00:00',72930.36,6024.14,-72929.26,-6024.05,NULL,NULL),(2125,19,910,30,33,'2019-11-28 00:00:00',74097.25,4857.26,-74096.13,-4857.19,NULL,NULL),(2126,19,911,30,34,'2019-12-28 00:00:00',75282.80,3671.70,-75281.66,-3671.64,NULL,NULL),(2127,19,912,30,35,'2020-01-28 00:00:00',76487.33,2467.18,-76486.17,-2467.14,NULL,NULL),(2128,19,913,30,36,'2020-02-28 00:00:00',77711.13,1243.38,-77709.95,-1243.36,NULL,NULL),(2129,20,770,29,1,'2017-02-28 00:00:00',4151.44,3200.00,NULL,NULL,NULL,NULL),(2130,20,771,29,2,'2017-03-31 00:00:00',4217.87,3133.58,NULL,NULL,NULL,NULL),(2131,20,772,29,3,'2017-04-30 00:00:00',4285.35,3066.09,NULL,NULL,NULL,NULL),(2132,20,773,29,4,'2017-05-31 00:00:00',4353.92,2997.53,NULL,NULL,NULL,NULL),(2133,20,774,29,5,'2017-06-30 00:00:00',4423.58,2927.86,NULL,NULL,NULL,NULL),(2134,20,775,29,6,'2017-07-31 00:00:00',4494.36,2857.09,NULL,NULL,NULL,NULL),(2135,20,776,29,7,'2017-08-31 00:00:00',4566.27,2785.18,NULL,NULL,NULL,NULL),(2136,20,777,29,8,'2017-09-30 00:00:00',4639.33,2712.12,NULL,NULL,NULL,NULL),(2137,20,778,29,9,'2017-10-31 00:00:00',4713.56,2637.89,NULL,NULL,NULL,NULL),(2138,20,779,29,10,'2017-11-30 00:00:00',4788.97,2562.47,NULL,NULL,NULL,NULL),(2139,20,780,29,11,'2017-12-31 00:00:00',4865.60,2485.85,NULL,NULL,NULL,NULL),(2140,20,781,29,12,'2018-01-31 00:00:00',4943.45,2408.00,NULL,NULL,NULL,NULL),(2141,20,782,29,13,'2018-02-28 00:00:00',5022.54,2328.90,NULL,NULL,NULL,NULL),(2142,20,783,29,14,'2018-03-31 00:00:00',5102.90,2248.54,NULL,NULL,NULL,NULL),(2143,20,784,29,15,'2018-04-30 00:00:00',5184.55,2166.89,130245.90,3017.66,NULL,NULL),(2144,20,785,29,16,'2018-05-31 00:00:00',5267.50,2083.94,-5267.48,-2083.93,NULL,NULL),(2145,20,786,29,17,'2018-06-30 00:00:00',5351.78,1999.66,-5351.76,-1999.65,NULL,NULL),(2146,20,787,29,18,'2018-07-31 00:00:00',5437.41,1914.03,-5437.39,-1914.02,NULL,NULL),(2147,20,788,29,19,'2018-08-31 00:00:00',5524.41,1827.03,-5524.39,-1827.02,NULL,NULL),(2148,20,789,29,20,'2018-09-30 00:00:00',5612.80,1738.64,-5612.78,-1738.63,NULL,NULL),(2149,20,790,29,21,'2018-10-31 00:00:00',5702.61,1648.84,-5702.59,-1648.83,NULL,NULL),(2150,20,791,29,22,'2018-11-30 00:00:00',5793.85,1557.60,-5793.83,-1557.60,NULL,NULL),(2151,20,792,29,23,'2018-12-31 00:00:00',5886.55,1464.90,-5886.53,-1464.90,NULL,NULL),(2152,20,793,29,24,'2019-01-31 00:00:00',5980.73,1370.71,-5980.71,-1370.71,NULL,NULL),(2153,20,794,29,25,'2019-02-28 00:00:00',6076.42,1275.02,-6076.40,-1275.02,NULL,NULL),(2154,20,795,29,26,'2019-03-31 00:00:00',6173.65,1177.80,-6173.63,-1177.80,NULL,NULL),(2155,20,796,29,27,'2019-04-30 00:00:00',6272.43,1079.02,-6272.41,-1079.02,NULL,NULL),(2156,20,797,29,28,'2019-05-31 00:00:00',6372.78,978.66,-6372.76,-978.66,NULL,NULL),(2157,20,798,29,29,'2019-06-30 00:00:00',6474.75,876.69,-6474.73,-876.69,NULL,NULL),(2158,20,799,29,30,'2019-07-31 00:00:00',6578.35,773.10,-6578.33,-773.10,NULL,NULL),(2159,20,800,29,31,'2019-08-31 00:00:00',6683.60,667.84,-6683.58,-667.84,NULL,NULL),(2160,20,801,29,32,'2019-09-30 00:00:00',6790.54,560.91,-6790.52,-560.91,NULL,NULL),(2161,20,802,29,33,'2019-10-31 00:00:00',6899.19,452.26,-6899.17,-452.26,NULL,NULL),(2162,20,803,29,34,'2019-11-30 00:00:00',7009.57,341.87,-7009.55,-341.87,NULL,NULL),(2163,20,804,29,35,'2019-12-31 00:00:00',7121.73,229.72,-7121.71,-229.72,NULL,NULL),(2164,20,805,29,36,'2020-01-31 00:00:00',7235.67,115.77,-7235.65,-115.77,NULL,NULL),(2165,21,698,28,1,'2016-12-30 00:00:00',32692.62,25200.00,NULL,NULL,NULL,NULL),(2166,21,699,28,2,'2017-01-30 00:00:00',33215.70,24676.92,NULL,NULL,NULL,NULL),(2167,21,700,28,3,'2017-02-28 00:00:00',33747.15,24145.47,NULL,NULL,NULL,NULL),(2168,21,701,28,4,'2017-03-30 00:00:00',34287.11,23605.51,NULL,NULL,NULL,NULL),(2169,21,702,28,5,'2017-04-30 00:00:00',34835.70,23056.92,NULL,NULL,NULL,NULL),(2170,21,703,28,6,'2017-05-30 00:00:00',35393.07,22499.55,NULL,NULL,NULL,NULL),(2171,21,704,28,7,'2017-06-30 00:00:00',35959.36,21933.26,NULL,NULL,NULL,NULL),(2172,21,705,28,8,'2017-07-30 00:00:00',36534.71,21357.91,NULL,NULL,NULL,NULL),(2173,21,706,28,9,'2017-08-30 00:00:00',37119.27,20773.35,NULL,NULL,NULL,NULL),(2174,21,707,28,10,'2017-09-30 00:00:00',37713.17,20179.45,NULL,NULL,NULL,NULL),(2175,21,708,28,11,'2017-10-30 00:00:00',38316.58,19576.03,NULL,NULL,NULL,NULL),(2176,21,709,28,12,'2017-11-30 00:00:00',38929.65,18962.97,NULL,NULL,NULL,NULL),(2177,21,710,28,13,'2017-12-30 00:00:00',39552.52,18340.09,NULL,NULL,NULL,NULL),(2178,21,711,28,14,'2018-01-30 00:00:00',40185.36,17707.25,NULL,NULL,NULL,NULL),(2179,21,712,28,15,'2018-02-28 00:00:00',40828.33,17064.29,NULL,NULL,NULL,NULL),(2180,21,713,28,16,'2018-03-30 00:00:00',41481.58,16411.04,NULL,NULL,NULL,NULL),(2181,21,714,28,17,'2018-04-30 00:00:00',42145.29,15747.33,942062.42,26397.96,NULL,NULL),(2182,21,715,28,18,'2018-05-30 00:00:00',42819.61,15073.01,-42819.59,-15073.00,NULL,NULL),(2183,21,716,28,19,'2018-06-30 00:00:00',43504.73,14387.89,-43504.71,-14387.88,NULL,NULL),(2184,21,717,28,20,'2018-07-30 00:00:00',44200.80,13691.82,-44200.78,-13691.81,NULL,NULL),(2185,21,718,28,21,'2018-08-30 00:00:00',44908.02,12984.60,-44908.00,-12984.59,NULL,NULL),(2186,21,719,28,22,'2018-09-30 00:00:00',45626.54,12266.07,-45626.52,-12266.06,NULL,NULL),(2187,21,720,28,23,'2018-10-30 00:00:00',46356.57,11536.05,-46356.55,-11536.04,NULL,NULL),(2188,21,721,28,24,'2018-11-30 00:00:00',47098.27,10794.34,-47098.25,-10794.34,NULL,NULL),(2189,21,722,28,25,'2018-12-30 00:00:00',47851.85,10040.77,-47851.83,-10040.77,NULL,NULL),(2190,21,723,28,26,'2019-01-30 00:00:00',48617.48,9275.14,-48617.46,-9275.14,NULL,NULL),(2191,21,724,28,27,'2019-02-28 00:00:00',49395.36,8497.26,-49395.34,-8497.26,NULL,NULL),(2192,21,725,28,28,'2019-03-30 00:00:00',50185.68,7706.94,-50185.66,-7706.94,NULL,NULL),(2193,21,726,28,29,'2019-04-30 00:00:00',50988.65,6903.97,-50988.63,-6903.97,NULL,NULL),(2194,21,727,28,30,'2019-05-30 00:00:00',51804.47,6088.15,-51804.45,-6088.15,NULL,NULL),(2195,21,728,28,31,'2019-06-30 00:00:00',52633.34,5259.28,-52633.32,-5259.28,NULL,NULL),(2196,21,729,28,32,'2019-07-30 00:00:00',53475.48,4417.14,-53475.46,-4417.14,NULL,NULL),(2197,21,730,28,33,'2019-08-30 00:00:00',54331.08,3561.54,-54331.06,-3561.54,NULL,NULL),(2198,21,731,28,34,'2019-09-30 00:00:00',55200.38,2692.24,-55200.36,-2692.24,NULL,NULL),(2199,21,732,28,35,'2019-10-30 00:00:00',56083.59,1809.03,-56083.57,-1809.03,NULL,NULL),(2200,21,733,28,36,'2019-11-30 00:00:00',56980.92,911.69,-56980.90,-911.69,NULL,NULL),(2201,22,674,27,1,'2016-10-29 00:00:00',43235.82,20048.00,NULL,NULL,NULL,NULL),(2202,22,675,27,2,'2016-11-29 00:00:00',43927.59,19356.23,NULL,NULL,NULL,NULL),(2203,22,676,27,3,'2016-12-29 00:00:00',44630.43,18653.39,NULL,NULL,NULL,NULL),(2204,22,677,27,4,'2017-01-29 00:00:00',45344.52,17939.30,NULL,NULL,NULL,NULL),(2205,22,678,27,5,'2017-02-28 00:00:00',46070.03,17213.79,NULL,NULL,NULL,NULL),(2206,22,679,27,6,'2017-03-29 00:00:00',46807.15,16476.67,NULL,NULL,NULL,NULL),(2207,22,680,27,7,'2017-04-29 00:00:00',47556.07,15727.75,NULL,NULL,NULL,NULL),(2208,22,681,27,8,'2017-05-29 00:00:00',48316.96,14966.85,NULL,NULL,NULL,NULL),(2209,22,682,27,9,'2017-06-29 00:00:00',49090.04,14193.78,NULL,NULL,NULL,NULL),(2210,22,683,27,10,'2017-07-29 00:00:00',49875.48,13408.34,NULL,NULL,NULL,NULL),(2211,22,684,27,11,'2017-08-29 00:00:00',50673.48,12610.33,NULL,NULL,NULL,NULL),(2212,22,685,27,12,'2017-09-29 00:00:00',51484.26,11799.56,NULL,NULL,NULL,NULL),(2213,22,686,27,13,'2017-10-29 00:00:00',52308.01,10975.81,NULL,NULL,NULL,NULL),(2214,22,687,27,14,'2017-11-29 00:00:00',53144.94,10138.88,NULL,NULL,NULL,NULL),(2215,22,688,27,15,'2017-12-29 00:00:00',53995.26,9288.56,NULL,NULL,NULL,NULL),(2216,22,689,27,16,'2018-01-29 00:00:00',54859.18,8424.64,NULL,NULL,NULL,NULL),(2217,22,690,27,17,'2018-02-28 00:00:00',55736.93,7546.89,NULL,NULL,NULL,NULL),(2218,22,691,27,18,'2018-03-29 00:00:00',56628.72,6655.10,NULL,NULL,NULL,NULL),(2219,22,692,27,19,'2018-04-29 00:00:00',57534.78,5749.04,301779.44,51785.74,NULL,NULL),(2220,22,693,27,20,'2018-05-29 00:00:00',58455.33,4828.49,-58455.15,-4828.48,NULL,NULL),(2221,22,694,27,21,'2018-06-29 00:00:00',59390.62,3893.20,-59390.44,-3893.19,NULL,NULL),(2222,22,695,27,22,'2018-07-29 00:00:00',60340.87,2942.95,-60340.69,-2942.94,NULL,NULL),(2223,22,696,27,23,'2018-08-29 00:00:00',61306.32,1977.50,-61306.14,-1977.49,NULL,NULL),(2224,22,697,27,24,'2018-09-29 00:00:00',62287.22,996.60,-62287.03,-996.60,NULL,NULL),(2225,23,626,26,1,'2016-08-30 00:00:00',27949.73,12960.00,NULL,NULL,NULL,NULL),(2226,23,627,26,2,'2016-09-30 00:00:00',28396.93,12512.80,NULL,NULL,NULL,NULL),(2227,23,628,26,3,'2016-10-30 00:00:00',28851.28,12058.45,NULL,NULL,NULL,NULL),(2228,23,629,26,4,'2016-11-30 00:00:00',29312.90,11596.83,NULL,NULL,NULL,NULL),(2229,23,630,26,5,'2016-12-30 00:00:00',29781.90,11127.83,NULL,NULL,NULL,NULL),(2230,23,631,26,6,'2017-01-30 00:00:00',30258.41,10651.32,NULL,NULL,NULL,NULL),(2231,23,632,26,7,'2017-02-28 00:00:00',30742.55,10167.18,NULL,NULL,NULL,NULL),(2232,23,633,26,8,'2017-03-30 00:00:00',31234.43,9675.30,NULL,NULL,NULL,NULL),(2233,23,634,26,9,'2017-04-30 00:00:00',31734.18,9175.55,NULL,NULL,NULL,NULL),(2234,23,635,26,10,'2017-05-30 00:00:00',32241.93,8667.80,NULL,NULL,NULL,NULL),(2235,23,636,26,11,'2017-06-30 00:00:00',32757.80,8151.93,NULL,NULL,NULL,NULL),(2236,23,637,26,12,'2017-07-30 00:00:00',33281.92,7627.81,NULL,NULL,NULL,NULL),(2237,23,638,26,13,'2017-08-30 00:00:00',33814.43,7095.30,NULL,NULL,NULL,NULL),(2238,23,639,26,14,'2017-09-30 00:00:00',34355.47,6554.27,NULL,NULL,NULL,NULL),(2239,23,640,26,15,'2017-10-30 00:00:00',34905.15,6004.58,NULL,NULL,NULL,NULL),(2240,23,641,26,16,'2017-11-30 00:00:00',35463.64,5446.10,NULL,NULL,NULL,NULL),(2241,23,642,26,17,'2017-12-30 00:00:00',36031.05,4878.68,NULL,NULL,NULL,NULL),(2242,23,643,26,18,'2018-01-30 00:00:00',36607.55,4302.18,NULL,NULL,NULL,NULL),(2243,23,644,26,19,'2018-02-28 00:00:00',37193.27,3716.46,NULL,NULL,NULL,NULL),(2244,23,645,26,20,'2018-03-30 00:00:00',37788.36,3121.37,NULL,NULL,NULL,NULL),(2245,23,646,26,21,'2018-04-30 00:00:00',38392.98,2516.75,118903.04,35876.23,NULL,NULL),(2246,23,647,26,22,'2018-05-30 00:00:00',39007.27,1902.47,-39006.91,-1902.45,NULL,NULL),(2247,23,648,26,23,'2018-06-30 00:00:00',39631.38,1278.35,-39631.01,-1278.34,NULL,NULL),(2248,23,649,26,24,'2018-07-30 00:00:00',40265.48,644.25,-40265.11,-644.24,NULL,NULL),(2249,24,506,24,1,'2016-05-27 00:00:00',252103.65,288000.00,NULL,NULL,NULL,NULL),(2250,24,507,24,2,'2016-06-27 00:00:00',256137.31,283966.34,NULL,NULL,NULL,NULL),(2251,24,508,24,3,'2016-07-27 00:00:00',260235.50,279868.14,NULL,NULL,NULL,NULL),(2252,24,509,24,4,'2016-08-27 00:00:00',264399.27,275704.38,NULL,NULL,NULL,NULL),(2253,24,510,24,5,'2016-09-27 00:00:00',268629.66,271473.99,NULL,NULL,NULL,NULL),(2254,24,511,24,6,'2016-10-27 00:00:00',272927.73,267175.91,NULL,NULL,NULL,NULL),(2255,24,512,24,7,'2016-11-27 00:00:00',277294.58,262809.07,NULL,NULL,NULL,NULL),(2256,24,513,24,8,'2016-12-27 00:00:00',281731.29,258372.36,NULL,NULL,NULL,NULL),(2257,24,514,24,9,'2017-01-27 00:00:00',286238.99,253864.66,NULL,NULL,NULL,NULL),(2258,24,515,24,10,'2017-02-27 00:00:00',290818.81,249284.83,NULL,NULL,NULL,NULL),(2259,24,516,24,11,'2017-03-27 00:00:00',295471.92,244631.73,NULL,NULL,NULL,NULL),(2260,24,517,24,12,'2017-04-27 00:00:00',300199.47,239904.18,NULL,NULL,NULL,NULL),(2261,24,518,24,13,'2017-05-27 00:00:00',305002.66,235100.99,NULL,NULL,NULL,NULL),(2262,24,519,24,14,'2017-06-27 00:00:00',309882.70,230220.95,NULL,NULL,NULL,NULL),(2263,24,520,24,15,'2017-07-27 00:00:00',314840.82,225262.82,NULL,NULL,NULL,NULL),(2264,24,521,24,16,'2017-08-27 00:00:00',319878.28,220225.37,NULL,NULL,NULL,NULL),(2265,24,522,24,17,'2017-09-27 00:00:00',324996.33,215107.32,NULL,NULL,NULL,NULL),(2266,24,523,24,18,'2017-10-27 00:00:00',330196.27,209907.38,NULL,NULL,NULL,NULL),(2267,24,524,24,19,'2017-11-27 00:00:00',335479.41,204624.24,NULL,NULL,NULL,NULL),(2268,24,525,24,20,'2017-12-27 00:00:00',340847.08,199256.57,NULL,NULL,NULL,NULL),(2269,24,526,24,21,'2018-01-27 00:00:00',346300.63,193803.01,NULL,NULL,NULL,NULL),(2270,24,527,24,22,'2018-02-27 00:00:00',351841.44,188262.20,NULL,NULL,NULL,NULL),(2271,24,528,24,23,'2018-03-27 00:00:00',357470.91,182632.74,NULL,NULL,NULL,NULL),(2272,24,529,24,24,'2018-04-27 00:00:00',363190.44,176913.20,1454707.12,186277.24,NULL,NULL),(2273,24,530,24,25,'2018-05-27 00:00:00',369001.49,171102.16,561997.02,197899.33,NULL,NULL),(2274,24,531,24,26,'2018-06-27 00:00:00',374905.51,165198.13,-9761.02,209707.38,NULL,NULL),(2275,24,532,24,27,'2018-07-27 00:00:00',380904.00,159199.65,-76829.58,-32111.09,NULL,NULL),(2276,24,533,24,28,'2018-08-27 00:00:00',386998.47,153105.18,-78058.86,-30881.81,NULL,NULL),(2277,24,534,24,29,'2018-09-27 00:00:00',393190.44,146913.21,-79307.80,-29632.88,NULL,NULL),(2278,24,535,24,30,'2018-10-27 00:00:00',399481.49,140622.16,-80576.73,-28363.95,NULL,NULL),(2279,24,536,24,31,'2018-11-27 00:00:00',405873.19,134230.46,-81865.95,-27074.73,NULL,NULL),(2280,24,537,24,32,'2018-12-27 00:00:00',412367.16,127736.48,-83175.80,-25764.86,NULL,NULL),(2281,24,538,24,33,'2019-01-27 00:00:00',418965.04,121138.61,-84506.62,-24434.05,NULL,NULL),(2282,24,539,24,34,'2019-02-27 00:00:00',425668.48,114435.17,-85858.73,-23081.95,NULL,NULL),(2283,24,540,24,35,'2019-03-27 00:00:00',432479.17,107624.47,-87232.46,-21708.21,NULL,NULL),(2284,24,541,24,36,'2019-04-27 00:00:00',439398.84,100704.81,-88628.18,-20312.49,NULL,NULL),(2285,24,542,24,37,'2019-05-27 00:00:00',446429.22,93674.43,-90046.23,-18894.44,NULL,NULL),(2286,24,543,24,38,'2019-06-27 00:00:00',453572.09,86531.56,-91486.98,-17453.70,NULL,NULL),(2287,24,544,24,39,'2019-07-27 00:00:00',460829.24,79274.40,-92950.76,-15989.90,NULL,NULL),(2288,24,545,24,40,'2019-08-27 00:00:00',468202.51,71901.14,-94437.98,-14502.70,NULL,NULL),(2289,24,546,24,41,'2019-09-27 00:00:00',475693.75,64409.90,-95948.99,-12991.69,NULL,NULL),(2290,24,547,24,42,'2019-10-27 00:00:00',483304.85,56798.80,-97484.17,-11456.51,NULL,NULL),(2291,24,548,24,43,'2019-11-27 00:00:00',491037.73,49065.92,-99043.92,-9896.76,NULL,NULL),(2292,24,549,24,44,'2019-12-27 00:00:00',498894.33,41209.31,-100628.62,-8312.05,NULL,NULL),(2293,24,550,24,45,'2020-01-27 00:00:00',506876.64,33227.01,-102238.68,-6702.00,NULL,NULL),(2294,24,551,24,46,'2020-02-27 00:00:00',514986.67,25116.98,-103874.50,-5066.18,NULL,NULL),(2295,24,552,24,47,'2020-03-27 00:00:00',523226.45,16877.19,-105536.48,-3404.18,NULL,NULL),(2296,24,553,24,48,'2020-04-27 00:00:00',531598.08,8505.57,-107225.08,-1715.60,NULL,NULL),(2297,25,506,24,1,'2016-05-27 00:00:00',252103.65,288000.00,NULL,NULL,NULL,NULL),(2298,25,507,24,2,'2016-06-27 00:00:00',256137.31,283966.34,NULL,NULL,NULL,NULL),(2299,25,508,24,3,'2016-07-27 00:00:00',260235.50,279868.14,NULL,NULL,NULL,NULL),(2300,25,509,24,4,'2016-08-27 00:00:00',264399.27,275704.38,NULL,NULL,NULL,NULL),(2301,25,510,24,5,'2016-09-27 00:00:00',268629.66,271473.99,NULL,NULL,NULL,NULL),(2302,25,511,24,6,'2016-10-27 00:00:00',272927.73,267175.91,NULL,NULL,NULL,NULL),(2303,25,512,24,7,'2016-11-27 00:00:00',277294.58,262809.07,NULL,NULL,NULL,NULL),(2304,25,513,24,8,'2016-12-27 00:00:00',281731.29,258372.36,NULL,NULL,NULL,NULL),(2305,25,514,24,9,'2017-01-27 00:00:00',286238.99,253864.66,NULL,NULL,NULL,NULL),(2306,25,515,24,10,'2017-02-27 00:00:00',290818.81,249284.83,NULL,NULL,NULL,NULL),(2307,25,516,24,11,'2017-03-27 00:00:00',295471.92,244631.73,NULL,NULL,NULL,NULL),(2308,25,517,24,12,'2017-04-27 00:00:00',300199.47,239904.18,NULL,NULL,NULL,NULL),(2309,25,518,24,13,'2017-05-27 00:00:00',305002.66,235100.99,NULL,NULL,NULL,NULL),(2310,25,519,24,14,'2017-06-27 00:00:00',309882.70,230220.95,NULL,NULL,NULL,NULL),(2311,25,520,24,15,'2017-07-27 00:00:00',314840.82,225262.82,NULL,NULL,NULL,NULL),(2312,25,521,24,16,'2017-08-27 00:00:00',319878.28,220225.37,NULL,NULL,NULL,NULL),(2313,25,522,24,17,'2017-09-27 00:00:00',324996.33,215107.32,NULL,NULL,NULL,NULL),(2314,25,523,24,18,'2017-10-27 00:00:00',330196.27,209907.38,NULL,NULL,NULL,NULL),(2315,25,524,24,19,'2017-11-27 00:00:00',335479.41,204624.24,NULL,NULL,NULL,NULL),(2316,25,525,24,20,'2017-12-27 00:00:00',340847.08,199256.57,NULL,NULL,NULL,NULL),(2317,25,526,24,21,'2018-01-27 00:00:00',346300.63,193803.01,NULL,NULL,NULL,NULL),(2318,25,527,24,22,'2018-02-27 00:00:00',351841.44,188262.20,NULL,NULL,NULL,NULL),(2319,25,528,24,23,'2018-03-27 00:00:00',357470.91,182632.74,NULL,NULL,NULL,NULL),(2320,25,529,24,24,'2018-04-27 00:00:00',363190.44,176913.20,1454707.12,186277.24,NULL,NULL),(2321,25,530,24,25,'2018-05-27 00:00:00',369001.49,171102.16,561997.02,197899.33,NULL,NULL),(2322,25,531,24,26,'2018-06-27 00:00:00',374905.51,165198.13,-9761.02,209707.38,NULL,NULL),(2323,25,532,24,27,'2018-07-27 00:00:00',380904.00,159199.65,2267007.44,-32111.09,NULL,NULL),(2324,25,533,24,28,'2018-08-27 00:00:00',386998.47,153105.18,-172849.78,-68383.21,NULL,NULL),(2325,25,534,24,29,'2018-09-27 00:00:00',393190.44,146913.21,-175615.38,-65617.62,NULL,NULL),(2326,25,535,24,30,'2018-10-27 00:00:00',399481.49,140622.16,-178425.22,-62807.77,NULL,NULL),(2327,25,536,24,31,'2018-11-27 00:00:00',405873.19,134230.46,-181280.02,-59952.97,NULL,NULL),(2328,25,537,24,32,'2018-12-27 00:00:00',412367.16,127736.48,-184180.50,-57052.48,NULL,NULL),(2329,25,538,24,33,'2019-01-27 00:00:00',418965.04,121138.61,-187127.40,-54105.59,NULL,NULL),(2330,25,539,24,34,'2019-02-27 00:00:00',425668.48,114435.17,-190121.43,-51111.56,NULL,NULL),(2331,25,540,24,35,'2019-03-27 00:00:00',432479.17,107624.47,-193163.37,-48069.61,NULL,NULL),(2332,25,541,24,36,'2019-04-27 00:00:00',439398.84,100704.81,-196253.99,-44979.00,NULL,NULL),(2333,25,542,24,37,'2019-05-27 00:00:00',446429.22,93674.43,-199394.05,-41838.94,NULL,NULL),(2334,25,543,24,38,'2019-06-27 00:00:00',453572.09,86531.56,-202584.36,-38648.63,NULL,NULL),(2335,25,544,24,39,'2019-07-27 00:00:00',460829.24,79274.40,-205825.71,-35407.28,NULL,NULL),(2336,25,545,24,40,'2019-08-27 00:00:00',468202.51,71901.14,-209118.92,-32114.07,NULL,NULL),(2337,25,546,24,41,'2019-09-27 00:00:00',475693.75,64409.90,-212464.82,-28768.17,NULL,NULL),(2338,25,547,24,42,'2019-10-27 00:00:00',483304.85,56798.80,-215864.26,-25368.73,NULL,NULL),(2339,25,548,24,43,'2019-11-27 00:00:00',491037.73,49065.92,-219318.09,-21914.90,NULL,NULL),(2340,25,549,24,44,'2019-12-27 00:00:00',498894.33,41209.31,-222827.17,-18405.81,NULL,NULL),(2341,25,550,24,45,'2020-01-27 00:00:00',506876.64,33227.01,-226392.41,-14840.58,NULL,NULL),(2342,25,551,24,46,'2020-02-27 00:00:00',514986.67,25116.98,-230014.69,-11218.30,NULL,NULL),(2343,25,552,24,47,'2020-03-27 00:00:00',523226.45,16877.19,-233694.92,-7538.06,NULL,NULL),(2344,25,553,24,48,'2020-04-27 00:00:00',531598.08,8505.57,-237434.05,-3798.95,NULL,NULL),(2345,26,506,24,1,'2016-05-27 00:00:00',252103.65,288000.00,NULL,NULL,NULL,NULL),(2346,26,507,24,2,'2016-06-27 00:00:00',256137.31,283966.34,NULL,NULL,NULL,NULL),(2347,26,508,24,3,'2016-07-27 00:00:00',260235.50,279868.14,NULL,NULL,NULL,NULL),(2348,26,509,24,4,'2016-08-27 00:00:00',264399.27,275704.38,NULL,NULL,NULL,NULL),(2349,26,510,24,5,'2016-09-27 00:00:00',268629.66,271473.99,NULL,NULL,NULL,NULL),(2350,26,511,24,6,'2016-10-27 00:00:00',272927.73,267175.91,NULL,NULL,NULL,NULL),(2351,26,512,24,7,'2016-11-27 00:00:00',277294.58,262809.07,NULL,NULL,NULL,NULL),(2352,26,513,24,8,'2016-12-27 00:00:00',281731.29,258372.36,NULL,NULL,NULL,NULL),(2353,26,514,24,9,'2017-01-27 00:00:00',286238.99,253864.66,NULL,NULL,NULL,NULL),(2354,26,515,24,10,'2017-02-27 00:00:00',290818.81,249284.83,NULL,NULL,NULL,NULL),(2355,26,516,24,11,'2017-03-27 00:00:00',295471.92,244631.73,NULL,NULL,NULL,NULL),(2356,26,517,24,12,'2017-04-27 00:00:00',300199.47,239904.18,NULL,NULL,NULL,NULL),(2357,26,518,24,13,'2017-05-27 00:00:00',305002.66,235100.99,NULL,NULL,NULL,NULL),(2358,26,519,24,14,'2017-06-27 00:00:00',309882.70,230220.95,NULL,NULL,NULL,NULL),(2359,26,520,24,15,'2017-07-27 00:00:00',314840.82,225262.82,NULL,NULL,NULL,NULL),(2360,26,521,24,16,'2017-08-27 00:00:00',319878.28,220225.37,NULL,NULL,NULL,NULL),(2361,26,522,24,17,'2017-09-27 00:00:00',324996.33,215107.32,NULL,NULL,NULL,NULL),(2362,26,523,24,18,'2017-10-27 00:00:00',330196.27,209907.38,NULL,NULL,NULL,NULL),(2363,26,524,24,19,'2017-11-27 00:00:00',335479.41,204624.24,NULL,NULL,NULL,NULL),(2364,26,525,24,20,'2017-12-27 00:00:00',340847.08,199256.57,NULL,NULL,NULL,NULL),(2365,26,526,24,21,'2018-01-27 00:00:00',346300.63,193803.01,NULL,NULL,NULL,NULL),(2366,26,527,24,22,'2018-02-27 00:00:00',351841.44,188262.20,NULL,NULL,NULL,NULL),(2367,26,528,24,23,'2018-03-27 00:00:00',357470.91,182632.74,NULL,NULL,NULL,NULL),(2368,26,529,24,24,'2018-04-27 00:00:00',363190.44,176913.20,1454707.12,186277.24,NULL,NULL),(2369,26,530,24,25,'2018-05-27 00:00:00',369001.49,171102.16,561997.02,197899.33,NULL,NULL),(2370,26,531,24,26,'2018-06-27 00:00:00',374905.51,165198.13,-9761.02,209707.38,NULL,NULL),(2371,26,532,24,27,'2018-07-27 00:00:00',380904.00,159199.65,2267007.44,-32111.09,NULL,NULL),(2372,26,533,24,28,'2018-08-27 00:00:00',386998.47,153105.18,-172849.78,-68383.21,NULL,NULL),(2373,26,534,24,29,'2018-09-27 00:00:00',393190.44,146913.21,-175615.38,-65617.62,NULL,NULL),(2374,26,535,24,30,'2018-10-27 00:00:00',399481.49,140622.16,-178425.22,-62807.77,NULL,NULL),(2375,26,536,24,31,'2018-11-27 00:00:00',405873.19,134230.46,-181280.02,-59952.97,NULL,NULL),(2376,26,537,24,32,'2018-12-27 00:00:00',412367.16,127736.48,-184180.50,-57052.48,NULL,NULL),(2377,26,538,24,33,'2019-01-27 00:00:00',418965.04,121138.61,-187127.40,-54105.59,NULL,NULL),(2378,26,539,24,34,'2019-02-27 00:00:00',425668.48,114435.17,-190121.43,-51111.56,NULL,NULL),(2379,26,540,24,35,'2019-03-27 00:00:00',432479.17,107624.47,-193163.37,-48069.61,NULL,NULL),(2380,26,541,24,36,'2019-04-27 00:00:00',439398.84,100704.81,-196253.99,-44979.00,NULL,NULL),(2381,26,542,24,37,'2019-05-27 00:00:00',446429.22,93674.43,-199394.05,-41838.94,NULL,NULL),(2382,26,543,24,38,'2019-06-27 00:00:00',453572.09,86531.56,-202584.36,-38648.63,NULL,NULL),(2383,26,544,24,39,'2019-07-27 00:00:00',460829.24,79274.40,-205825.71,-35407.28,NULL,NULL),(2384,26,545,24,40,'2019-08-27 00:00:00',468202.51,71901.14,-209118.92,-32114.07,NULL,NULL),(2385,26,546,24,41,'2019-09-27 00:00:00',475693.75,64409.90,-212464.82,-28768.17,NULL,NULL),(2386,26,547,24,42,'2019-10-27 00:00:00',483304.85,56798.80,-215864.26,-25368.73,NULL,NULL),(2387,26,548,24,43,'2019-11-27 00:00:00',491037.73,49065.92,-219318.09,-21914.90,NULL,NULL),(2388,26,549,24,44,'2019-12-27 00:00:00',498894.33,41209.31,-222827.17,-18405.81,NULL,NULL),(2389,26,550,24,45,'2020-01-27 00:00:00',506876.64,33227.01,-226392.41,-14840.58,NULL,NULL),(2390,26,551,24,46,'2020-02-27 00:00:00',514986.67,25116.98,-230014.69,-11218.30,NULL,NULL),(2391,26,552,24,47,'2020-03-27 00:00:00',523226.45,16877.19,-233694.92,-7538.06,NULL,NULL),(2392,26,553,24,48,'2020-04-27 00:00:00',531598.08,8505.57,-237434.05,-3798.95,NULL,NULL),(2393,27,506,24,1,'2016-05-27 00:00:00',252103.65,288000.00,NULL,NULL,NULL,NULL),(2394,27,507,24,2,'2016-06-27 00:00:00',256137.31,283966.34,NULL,NULL,NULL,NULL),(2395,27,508,24,3,'2016-07-27 00:00:00',260235.50,279868.14,NULL,NULL,NULL,NULL),(2396,27,509,24,4,'2016-08-27 00:00:00',264399.27,275704.38,NULL,NULL,NULL,NULL),(2397,27,510,24,5,'2016-09-27 00:00:00',268629.66,271473.99,NULL,NULL,NULL,NULL),(2398,27,511,24,6,'2016-10-27 00:00:00',272927.73,267175.91,NULL,NULL,NULL,NULL),(2399,27,512,24,7,'2016-11-27 00:00:00',277294.58,262809.07,NULL,NULL,NULL,NULL),(2400,27,513,24,8,'2016-12-27 00:00:00',281731.29,258372.36,NULL,NULL,NULL,NULL),(2401,27,514,24,9,'2017-01-27 00:00:00',286238.99,253864.66,NULL,NULL,NULL,NULL),(2402,27,515,24,10,'2017-02-27 00:00:00',290818.81,249284.83,NULL,NULL,NULL,NULL),(2403,27,516,24,11,'2017-03-27 00:00:00',295471.92,244631.73,NULL,NULL,NULL,NULL),(2404,27,517,24,12,'2017-04-27 00:00:00',300199.47,239904.18,NULL,NULL,NULL,NULL),(2405,27,518,24,13,'2017-05-27 00:00:00',305002.66,235100.99,NULL,NULL,NULL,NULL),(2406,27,519,24,14,'2017-06-27 00:00:00',309882.70,230220.95,NULL,NULL,NULL,NULL),(2407,27,520,24,15,'2017-07-27 00:00:00',314840.82,225262.82,NULL,NULL,NULL,NULL),(2408,27,521,24,16,'2017-08-27 00:00:00',319878.28,220225.37,NULL,NULL,NULL,NULL),(2409,27,522,24,17,'2017-09-27 00:00:00',324996.33,215107.32,NULL,NULL,NULL,NULL),(2410,27,523,24,18,'2017-10-27 00:00:00',330196.27,209907.38,NULL,NULL,NULL,NULL),(2411,27,524,24,19,'2017-11-27 00:00:00',335479.41,204624.24,NULL,NULL,NULL,NULL),(2412,27,525,24,20,'2017-12-27 00:00:00',340847.08,199256.57,NULL,NULL,NULL,NULL),(2413,27,526,24,21,'2018-01-27 00:00:00',346300.63,193803.01,NULL,NULL,NULL,NULL),(2414,27,527,24,22,'2018-02-27 00:00:00',351841.44,188262.20,NULL,NULL,NULL,NULL),(2415,27,528,24,23,'2018-03-27 00:00:00',357470.91,182632.74,NULL,NULL,NULL,NULL),(2416,27,529,24,24,'2018-04-27 00:00:00',363190.44,176913.20,1454707.12,186277.24,NULL,NULL),(2417,27,530,24,25,'2018-05-27 00:00:00',369001.49,171102.16,561997.02,197899.33,NULL,NULL),(2418,27,531,24,26,'2018-06-27 00:00:00',374905.51,165198.13,-9761.02,209707.38,NULL,NULL),(2419,27,532,24,27,'2018-07-27 00:00:00',380904.00,159199.65,2267007.44,-32111.09,NULL,NULL),(2420,27,533,24,28,'2018-08-27 00:00:00',386998.47,153105.18,828279.56,-68383.21,NULL,NULL),(2421,27,534,24,29,'2018-09-27 00:00:00',393190.44,146913.21,-218485.26,-81635.69,NULL,NULL),(2422,27,535,24,30,'2018-10-27 00:00:00',399481.49,140622.16,-221981.02,-78139.92,NULL,NULL),(2423,27,536,24,31,'2018-11-27 00:00:00',405873.19,134230.46,-225532.72,-74588.23,NULL,NULL),(2424,27,537,24,32,'2018-12-27 00:00:00',412367.16,127736.48,-229141.24,-70979.69,NULL,NULL),(2425,27,538,24,33,'2019-01-27 00:00:00',418965.04,121138.61,-232807.50,-67313.44,NULL,NULL),(2426,27,539,24,34,'2019-02-27 00:00:00',425668.48,114435.17,-236532.42,-63588.52,NULL,NULL),(2427,27,540,24,35,'2019-03-27 00:00:00',432479.17,107624.47,-240316.94,-59804.00,NULL,NULL),(2428,27,541,24,36,'2019-04-27 00:00:00',439398.84,100704.81,-244162.01,-55958.93,NULL,NULL),(2429,27,542,24,37,'2019-05-27 00:00:00',446429.22,93674.43,-248068.60,-52052.34,NULL,NULL),(2430,27,543,24,38,'2019-06-27 00:00:00',453572.09,86531.56,-252037.70,-48083.24,NULL,NULL),(2431,27,544,24,39,'2019-07-27 00:00:00',460829.24,79274.40,-256070.30,-44050.63,NULL,NULL),(2432,27,545,24,40,'2019-08-27 00:00:00',468202.51,71901.14,-260167.43,-39953.51,NULL,NULL),(2433,27,546,24,41,'2019-09-27 00:00:00',475693.75,64409.90,-264330.11,-35790.84,NULL,NULL),(2434,27,547,24,42,'2019-10-27 00:00:00',483304.85,56798.80,-268559.39,-31561.55,NULL,NULL),(2435,27,548,24,43,'2019-11-27 00:00:00',491037.73,49065.92,-272856.34,-27264.60,NULL,NULL),(2436,27,549,24,44,'2019-12-27 00:00:00',498894.33,41209.31,-277222.04,-22898.89,NULL,NULL),(2437,27,550,24,45,'2020-01-27 00:00:00',506876.64,33227.01,-281657.59,-18463.35,NULL,NULL),(2438,27,551,24,46,'2020-02-27 00:00:00',514986.67,25116.98,-286164.12,-13956.82,NULL,NULL),(2439,27,552,24,47,'2020-03-27 00:00:00',523226.45,16877.19,-290742.74,-9378.20,NULL,NULL),(2440,27,553,24,48,'2020-04-27 00:00:00',531598.08,8505.57,-295394.63,-4726.31,NULL,NULL),(2441,28,506,24,1,'2016-05-27 00:00:00',252103.65,288000.00,NULL,NULL,NULL,NULL),(2442,28,507,24,2,'2016-06-27 00:00:00',256137.31,283966.34,NULL,NULL,NULL,NULL),(2443,28,508,24,3,'2016-07-27 00:00:00',260235.50,279868.14,NULL,NULL,NULL,NULL),(2444,28,509,24,4,'2016-08-27 00:00:00',264399.27,275704.38,NULL,NULL,NULL,NULL),(2445,28,510,24,5,'2016-09-27 00:00:00',268629.66,271473.99,NULL,NULL,NULL,NULL),(2446,28,511,24,6,'2016-10-27 00:00:00',272927.73,267175.91,NULL,NULL,NULL,NULL),(2447,28,512,24,7,'2016-11-27 00:00:00',277294.58,262809.07,NULL,NULL,NULL,NULL),(2448,28,513,24,8,'2016-12-27 00:00:00',281731.29,258372.36,NULL,NULL,NULL,NULL),(2449,28,514,24,9,'2017-01-27 00:00:00',286238.99,253864.66,NULL,NULL,NULL,NULL),(2450,28,515,24,10,'2017-02-27 00:00:00',290818.81,249284.83,NULL,NULL,NULL,NULL),(2451,28,516,24,11,'2017-03-27 00:00:00',295471.92,244631.73,NULL,NULL,NULL,NULL),(2452,28,517,24,12,'2017-04-27 00:00:00',300199.47,239904.18,NULL,NULL,NULL,NULL),(2453,28,518,24,13,'2017-05-27 00:00:00',305002.66,235100.99,NULL,NULL,NULL,NULL),(2454,28,519,24,14,'2017-06-27 00:00:00',309882.70,230220.95,NULL,NULL,NULL,NULL),(2455,28,520,24,15,'2017-07-27 00:00:00',314840.82,225262.82,NULL,NULL,NULL,NULL),(2456,28,521,24,16,'2017-08-27 00:00:00',319878.28,220225.37,NULL,NULL,NULL,NULL),(2457,28,522,24,17,'2017-09-27 00:00:00',324996.33,215107.32,NULL,NULL,NULL,NULL),(2458,28,523,24,18,'2017-10-27 00:00:00',330196.27,209907.38,NULL,NULL,NULL,NULL),(2459,28,524,24,19,'2017-11-27 00:00:00',335479.41,204624.24,NULL,NULL,NULL,NULL),(2460,28,525,24,20,'2017-12-27 00:00:00',340847.08,199256.57,NULL,NULL,NULL,NULL),(2461,28,526,24,21,'2018-01-27 00:00:00',346300.63,193803.01,NULL,NULL,NULL,NULL),(2462,28,527,24,22,'2018-02-27 00:00:00',351841.44,188262.20,NULL,NULL,NULL,NULL),(2463,28,528,24,23,'2018-03-27 00:00:00',357470.91,182632.74,NULL,NULL,NULL,NULL),(2464,28,529,24,24,'2018-04-27 00:00:00',363190.44,176913.20,1454707.12,186277.24,NULL,NULL),(2465,28,530,24,25,'2018-05-27 00:00:00',369001.49,171102.16,561997.02,197899.33,NULL,NULL),(2466,28,531,24,26,'2018-06-27 00:00:00',374905.51,165198.13,-9761.02,209707.38,NULL,NULL),(2467,28,532,24,27,'2018-07-27 00:00:00',380904.00,159199.65,2267007.44,-32111.09,NULL,NULL),(2468,28,533,24,28,'2018-08-27 00:00:00',386998.47,153105.18,828279.56,-68383.21,NULL,NULL),(2469,28,534,24,29,'2018-09-27 00:00:00',393190.44,146913.21,634532.04,-81635.69,NULL,NULL),(2470,28,535,24,30,'2018-10-27 00:00:00',399481.49,140622.16,-260753.25,-91788.20,NULL,NULL),(2471,28,536,24,31,'2018-11-27 00:00:00',405873.19,134230.46,-264925.30,-87616.15,NULL,NULL),(2472,28,537,24,32,'2018-12-27 00:00:00',412367.16,127736.48,-269164.10,-83377.33,NULL,NULL),(2473,28,538,24,33,'2019-01-27 00:00:00',418965.04,121138.61,-273470.73,-79070.71,NULL,NULL),(2474,28,539,24,34,'2019-02-27 00:00:00',425668.48,114435.17,-277846.26,-74695.18,NULL,NULL),(2475,28,540,24,35,'2019-03-27 00:00:00',432479.17,107624.47,-282291.80,-70249.64,NULL,NULL),(2476,28,541,24,36,'2019-04-27 00:00:00',439398.84,100704.81,-286808.47,-65732.97,NULL,NULL),(2477,28,542,24,37,'2019-05-27 00:00:00',446429.22,93674.43,-291397.40,-61144.04,NULL,NULL),(2478,28,543,24,38,'2019-06-27 00:00:00',453572.09,86531.56,-296059.76,-56481.68,NULL,NULL),(2479,28,544,24,39,'2019-07-27 00:00:00',460829.24,79274.40,-300796.72,-51744.72,NULL,NULL),(2480,28,545,24,40,'2019-08-27 00:00:00',468202.51,71901.14,-305609.47,-46931.98,NULL,NULL),(2481,28,546,24,41,'2019-09-27 00:00:00',475693.75,64409.90,-310499.22,-42042.23,NULL,NULL),(2482,28,547,24,42,'2019-10-27 00:00:00',483304.85,56798.80,-315467.21,-37074.24,NULL,NULL),(2483,28,548,24,43,'2019-11-27 00:00:00',491037.73,49065.92,-320514.68,-32026.76,NULL,NULL),(2484,28,549,24,44,'2019-12-27 00:00:00',498894.33,41209.31,-325642.91,-26898.52,NULL,NULL),(2485,28,550,24,45,'2020-01-27 00:00:00',506876.64,33227.01,-330853.20,-21688.24,NULL,NULL),(2486,28,551,24,46,'2020-02-27 00:00:00',514986.67,25116.98,-336146.86,-16394.59,NULL,NULL),(2487,28,552,24,47,'2020-03-27 00:00:00',523226.45,16877.19,-341525.20,-11016.23,NULL,NULL),(2488,28,553,24,48,'2020-04-27 00:00:00',531598.08,8505.57,-346989.61,-5551.83,NULL,NULL),(2489,29,506,24,1,'2016-05-27 00:00:00',252103.65,288000.00,NULL,NULL,NULL,NULL),(2490,29,507,24,2,'2016-06-27 00:00:00',256137.31,283966.34,NULL,NULL,NULL,NULL),(2491,29,508,24,3,'2016-07-27 00:00:00',260235.50,279868.14,NULL,NULL,NULL,NULL),(2492,29,509,24,4,'2016-08-27 00:00:00',264399.27,275704.38,NULL,NULL,NULL,NULL),(2493,29,510,24,5,'2016-09-27 00:00:00',268629.66,271473.99,NULL,NULL,NULL,NULL),(2494,29,511,24,6,'2016-10-27 00:00:00',272927.73,267175.91,NULL,NULL,NULL,NULL),(2495,29,512,24,7,'2016-11-27 00:00:00',277294.58,262809.07,NULL,NULL,NULL,NULL),(2496,29,513,24,8,'2016-12-27 00:00:00',281731.29,258372.36,NULL,NULL,NULL,NULL),(2497,29,514,24,9,'2017-01-27 00:00:00',286238.99,253864.66,NULL,NULL,NULL,NULL),(2498,29,515,24,10,'2017-02-27 00:00:00',290818.81,249284.83,NULL,NULL,NULL,NULL),(2499,29,516,24,11,'2017-03-27 00:00:00',295471.92,244631.73,NULL,NULL,NULL,NULL),(2500,29,517,24,12,'2017-04-27 00:00:00',300199.47,239904.18,NULL,NULL,NULL,NULL),(2501,29,518,24,13,'2017-05-27 00:00:00',305002.66,235100.99,NULL,NULL,NULL,NULL),(2502,29,519,24,14,'2017-06-27 00:00:00',309882.70,230220.95,NULL,NULL,NULL,NULL),(2503,29,520,24,15,'2017-07-27 00:00:00',314840.82,225262.82,NULL,NULL,NULL,NULL),(2504,29,521,24,16,'2017-08-27 00:00:00',319878.28,220225.37,NULL,NULL,NULL,NULL),(2505,29,522,24,17,'2017-09-27 00:00:00',324996.33,215107.32,NULL,NULL,NULL,NULL),(2506,29,523,24,18,'2017-10-27 00:00:00',330196.27,209907.38,NULL,NULL,NULL,NULL),(2507,29,524,24,19,'2017-11-27 00:00:00',335479.41,204624.24,NULL,NULL,NULL,NULL),(2508,29,525,24,20,'2017-12-27 00:00:00',340847.08,199256.57,NULL,NULL,NULL,NULL),(2509,29,526,24,21,'2018-01-27 00:00:00',346300.63,193803.01,NULL,NULL,NULL,NULL),(2510,29,527,24,22,'2018-02-27 00:00:00',351841.44,188262.20,NULL,NULL,NULL,NULL),(2511,29,528,24,23,'2018-03-27 00:00:00',357470.91,182632.74,NULL,NULL,NULL,NULL),(2512,29,529,24,24,'2018-04-27 00:00:00',363190.44,176913.20,1454707.12,186277.24,NULL,NULL),(2513,29,530,24,25,'2018-05-27 00:00:00',369001.49,171102.16,561997.02,197899.33,NULL,NULL),(2514,29,531,24,26,'2018-06-27 00:00:00',374905.51,165198.13,-9761.02,209707.38,NULL,NULL),(2515,29,532,24,27,'2018-07-27 00:00:00',380904.00,159199.65,2267007.44,-32111.09,NULL,NULL),(2516,29,533,24,28,'2018-08-27 00:00:00',386998.47,153105.18,828279.56,-68383.21,NULL,NULL),(2517,29,534,24,29,'2018-09-27 00:00:00',393190.44,146913.21,634532.04,-81635.69,NULL,NULL),(2518,29,535,24,30,'2018-10-27 00:00:00',399481.49,140622.16,372684.55,-91788.20,NULL,NULL),(2519,29,536,24,31,'2018-11-27 00:00:00',405873.19,134230.46,-295570.55,-97751.15,NULL,NULL),(2520,29,537,24,32,'2018-12-27 00:00:00',412367.16,127736.48,-300299.68,-93022.01,NULL,NULL),(2521,29,538,24,33,'2019-01-27 00:00:00',418965.04,121138.61,-305104.48,-88217.22,NULL,NULL),(2522,29,539,24,34,'2019-02-27 00:00:00',425668.48,114435.17,-309986.15,-83335.55,NULL,NULL),(2523,29,540,24,35,'2019-03-27 00:00:00',432479.17,107624.47,-314945.93,-78375.77,NULL,NULL),(2524,29,541,24,36,'2019-04-27 00:00:00',439398.84,100704.81,-319985.06,-73336.64,NULL,NULL),(2525,29,542,24,37,'2019-05-27 00:00:00',446429.22,93674.43,-325104.82,-68216.88,NULL,NULL),(2526,29,543,24,38,'2019-06-27 00:00:00',453572.09,86531.56,-330306.50,-63015.20,NULL,NULL),(2527,29,544,24,39,'2019-07-27 00:00:00',460829.24,79274.40,-335591.40,-57730.29,NULL,NULL),(2528,29,545,24,40,'2019-08-27 00:00:00',468202.51,71901.14,-340960.87,-52360.84,NULL,NULL),(2529,29,546,24,41,'2019-09-27 00:00:00',475693.75,64409.90,-346416.24,-46905.46,NULL,NULL),(2530,29,547,24,42,'2019-10-27 00:00:00',483304.85,56798.80,-351958.90,-41362.80,NULL,NULL),(2531,29,548,24,43,'2019-11-27 00:00:00',491037.73,49065.92,-357590.25,-35731.46,NULL,NULL),(2532,29,549,24,44,'2019-12-27 00:00:00',498894.33,41209.31,-363311.69,-30010.01,NULL,NULL),(2533,29,550,24,45,'2020-01-27 00:00:00',506876.64,33227.01,-369124.67,-24197.03,NULL,NULL),(2534,29,551,24,46,'2020-02-27 00:00:00',514986.67,25116.98,-375030.67,-18291.03,NULL,NULL),(2535,29,552,24,47,'2020-03-27 00:00:00',523226.45,16877.19,-381031.16,-12290.54,NULL,NULL),(2536,29,553,24,48,'2020-04-27 00:00:00',531598.08,8505.57,-387127.66,-6194.04,NULL,NULL),(2537,30,1266,44,1,'2019-04-09 00:00:00',0.00,150000.00,NULL,NULL,NULL,NULL),(2538,30,1267,44,2,'2019-05-09 00:00:00',0.00,150000.00,NULL,NULL,NULL,NULL),(2539,30,1268,44,3,'2019-06-09 00:00:00',0.00,150000.00,NULL,NULL,NULL,NULL),(2540,30,1269,44,4,'2019-07-09 00:00:00',0.00,150000.00,NULL,NULL,NULL,NULL),(2541,30,1270,44,5,'2019-08-09 00:00:00',0.00,150000.00,NULL,NULL,NULL,NULL),(2542,30,1271,44,6,'2019-09-09 00:00:00',0.00,150000.00,NULL,NULL,NULL,NULL),(2543,30,1272,44,7,'2019-10-09 00:00:00',0.00,150000.00,NULL,NULL,NULL,NULL),(2544,30,1273,44,8,'2019-11-09 00:00:00',0.00,150000.00,NULL,NULL,NULL,NULL),(2545,30,1274,44,9,'2019-12-09 00:00:00',0.00,150000.00,NULL,NULL,NULL,NULL),(2546,30,1275,44,10,'2020-01-09 00:00:00',0.00,150000.00,NULL,NULL,NULL,NULL),(2547,30,1276,44,11,'2020-02-09 00:00:00',0.00,150000.00,NULL,NULL,NULL,NULL),(2548,30,1277,44,12,'2020-03-09 00:00:00',10000000.00,0.00,NULL,NULL,NULL,NULL),(2549,31,1408,48,1,'2019-10-05 00:00:00',0.00,150000.00,NULL,NULL,NULL,NULL),(2550,31,1409,48,2,'2019-11-05 00:00:00',0.00,150000.00,NULL,NULL,NULL,NULL),(2551,31,1410,48,3,'2019-12-05 00:00:00',0.00,150000.00,NULL,NULL,NULL,NULL),(2552,31,1411,48,4,'2020-01-05 00:00:00',10000000.00,0.00,NULL,NULL,NULL,NULL),(2553,32,1408,48,1,'2019-10-05 00:00:00',0.00,150000.00,NULL,NULL,NULL,NULL),(2554,32,1409,48,2,'2019-11-05 00:00:00',0.00,150000.00,NULL,NULL,NULL,NULL),(2555,32,1410,48,3,'2019-12-05 00:00:00',0.00,150000.00,NULL,NULL,NULL,NULL),(2556,32,1411,48,4,'2020-01-05 00:00:00',10000000.00,0.00,NULL,NULL,NULL,NULL),(2557,33,1326,46,1,'2019-07-03 00:00:00',0.00,225000.00,NULL,NULL,NULL,NULL),(2558,33,1327,46,2,'2019-08-03 00:00:00',0.00,225000.00,NULL,NULL,NULL,NULL),(2559,33,1328,46,3,'2019-09-03 00:00:00',0.00,225000.00,NULL,NULL,NULL,NULL),(2560,33,1329,46,4,'2019-10-03 00:00:00',0.00,225000.00,NULL,NULL,NULL,NULL),(2561,33,1330,46,5,'2019-11-03 00:00:00',0.00,225000.00,NULL,NULL,NULL,NULL),(2562,33,1331,46,6,'2019-12-03 00:00:00',0.00,225000.00,NULL,NULL,NULL,NULL),(2563,33,1332,46,7,'2020-01-03 00:00:00',0.00,225000.00,NULL,NULL,NULL,NULL),(2564,33,1333,46,8,'2020-02-03 00:00:00',0.00,225000.00,NULL,NULL,NULL,NULL),(2565,33,1334,46,9,'2020-03-03 00:00:00',0.00,225000.00,NULL,NULL,NULL,NULL),(2566,33,1335,46,10,'2020-04-03 00:00:00',0.00,225000.00,NULL,NULL,NULL,NULL),(2567,33,1336,46,11,'2020-05-03 00:00:00',0.00,225000.00,NULL,NULL,NULL,NULL),(2568,33,1337,46,12,'2020-06-03 00:00:00',0.00,225000.00,NULL,NULL,NULL,NULL),(2569,33,1338,46,13,'2020-07-03 00:00:00',0.00,225000.00,NULL,NULL,NULL,NULL),(2570,33,1339,46,14,'2020-08-03 00:00:00',0.00,225000.00,NULL,NULL,NULL,NULL),(2571,33,1340,46,15,'2020-09-03 00:00:00',0.00,225000.00,NULL,NULL,NULL,NULL),(2572,33,1341,46,16,'2020-10-03 00:00:00',0.00,225000.00,NULL,NULL,NULL,NULL),(2573,33,1342,46,17,'2020-11-03 00:00:00',0.00,225000.00,NULL,NULL,NULL,NULL),(2574,33,1343,46,18,'2020-12-03 00:00:00',0.00,225000.00,NULL,NULL,NULL,NULL),(2575,33,1344,46,19,'2021-01-03 00:00:00',0.00,225000.00,NULL,NULL,NULL,NULL),(2576,33,1345,46,20,'2021-02-03 00:00:00',0.00,225000.00,NULL,NULL,NULL,NULL),(2577,33,1346,46,21,'2021-03-03 00:00:00',0.00,225000.00,NULL,NULL,NULL,NULL),(2578,33,1347,46,22,'2021-04-03 00:00:00',0.00,225000.00,NULL,NULL,NULL,NULL),(2579,33,1348,46,23,'2021-05-03 00:00:00',0.00,225000.00,NULL,NULL,NULL,NULL),(2580,33,1349,46,24,'2021-06-03 00:00:00',15000000.00,0.00,NULL,NULL,NULL,NULL),(2581,34,1206,42,1,'2018-12-27 00:00:00',0.00,37500.00,NULL,NULL,NULL,NULL),(2582,34,1207,42,2,'2019-01-27 00:00:00',0.00,37500.00,NULL,NULL,NULL,NULL),(2583,34,1208,42,3,'2019-02-27 00:00:00',0.00,37500.00,NULL,NULL,NULL,NULL),(2584,34,1209,42,4,'2019-03-27 00:00:00',0.00,37500.00,NULL,NULL,NULL,NULL),(2585,34,1210,42,5,'2019-04-27 00:00:00',0.00,37500.00,NULL,NULL,NULL,NULL),(2586,34,1211,42,6,'2019-05-27 00:00:00',0.00,37500.00,NULL,NULL,NULL,NULL),(2587,34,1212,42,7,'2019-06-27 00:00:00',0.00,37500.00,NULL,NULL,NULL,NULL),(2588,34,1213,42,8,'2019-07-27 00:00:00',0.00,37500.00,NULL,NULL,NULL,NULL),(2589,34,1214,42,9,'2019-08-27 00:00:00',0.00,37500.00,NULL,NULL,NULL,NULL),(2590,34,1215,42,10,'2019-09-27 00:00:00',0.00,37500.00,NULL,NULL,NULL,NULL),(2591,34,1216,42,11,'2019-10-27 00:00:00',0.00,37500.00,NULL,NULL,NULL,NULL),(2592,34,1217,42,12,'2019-11-27 00:00:00',0.00,37500.00,NULL,NULL,NULL,NULL),(2593,34,1218,42,13,'2019-12-27 00:00:00',0.00,37500.00,NULL,NULL,NULL,NULL),(2594,34,1219,42,14,'2020-01-27 00:00:00',0.00,37500.00,NULL,NULL,NULL,NULL),(2595,34,1220,42,15,'2020-02-27 00:00:00',0.00,37500.00,NULL,NULL,NULL,NULL),(2596,34,1221,42,16,'2020-03-27 00:00:00',0.00,37500.00,NULL,NULL,NULL,NULL),(2597,34,1222,42,17,'2020-04-27 00:00:00',0.00,37500.00,NULL,NULL,NULL,NULL),(2598,34,1223,42,18,'2020-05-27 00:00:00',0.00,37500.00,NULL,NULL,NULL,NULL),(2599,34,1224,42,19,'2020-06-27 00:00:00',0.00,37500.00,NULL,NULL,NULL,NULL),(2600,34,1225,42,20,'2020-07-27 00:00:00',0.00,37500.00,NULL,NULL,NULL,NULL),(2601,34,1226,42,21,'2020-08-27 00:00:00',0.00,37500.00,NULL,NULL,NULL,NULL),(2602,34,1227,42,22,'2020-09-27 00:00:00',0.00,37500.00,NULL,NULL,NULL,NULL),(2603,34,1228,42,23,'2020-10-27 00:00:00',0.00,37500.00,NULL,NULL,NULL,NULL),(2604,34,1229,42,24,'2020-11-27 00:00:00',2500000.00,0.00,NULL,NULL,NULL,NULL),(2605,35,1182,41,1,'2018-11-26 00:00:00',0.00,37500.00,NULL,NULL,NULL,NULL),(2606,35,1183,41,2,'2018-12-26 00:00:00',0.00,37500.00,NULL,NULL,NULL,NULL),(2607,35,1184,41,3,'2019-01-26 00:00:00',0.00,37500.00,NULL,NULL,NULL,NULL),(2608,35,1185,41,4,'2019-02-26 00:00:00',0.00,37500.00,NULL,NULL,NULL,NULL),(2609,35,1186,41,5,'2019-03-26 00:00:00',0.00,37500.00,NULL,NULL,NULL,NULL),(2610,35,1187,41,6,'2019-04-26 00:00:00',0.00,37500.00,NULL,NULL,NULL,NULL),(2611,35,1188,41,7,'2019-05-26 00:00:00',0.00,37500.00,NULL,NULL,NULL,NULL),(2612,35,1189,41,8,'2019-06-26 00:00:00',0.00,37500.00,NULL,NULL,NULL,NULL),(2613,35,1190,41,9,'2019-07-26 00:00:00',0.00,37500.00,NULL,NULL,NULL,NULL),(2614,35,1191,41,10,'2019-08-26 00:00:00',0.00,37500.00,NULL,NULL,NULL,NULL),(2615,35,1192,41,11,'2019-09-26 00:00:00',0.00,37500.00,NULL,NULL,NULL,NULL),(2616,35,1193,41,12,'2019-10-26 00:00:00',0.00,37500.00,NULL,NULL,NULL,NULL),(2617,35,1194,41,13,'2019-11-26 00:00:00',0.00,37500.00,NULL,NULL,NULL,NULL),(2618,35,1195,41,14,'2019-12-26 00:00:00',0.00,37500.00,NULL,NULL,NULL,NULL),(2619,35,1196,41,15,'2020-01-26 00:00:00',0.00,37500.00,NULL,NULL,NULL,NULL),(2620,35,1197,41,16,'2020-02-26 00:00:00',0.00,37500.00,NULL,NULL,NULL,NULL),(2621,35,1198,41,17,'2020-03-26 00:00:00',0.00,37500.00,NULL,NULL,NULL,NULL),(2622,35,1199,41,18,'2020-04-26 00:00:00',0.00,37500.00,NULL,NULL,NULL,NULL),(2623,35,1200,41,19,'2020-05-26 00:00:00',0.00,37500.00,NULL,NULL,NULL,NULL),(2624,35,1201,41,20,'2020-06-26 00:00:00',0.00,37500.00,NULL,NULL,NULL,NULL),(2625,35,1202,41,21,'2020-07-26 00:00:00',0.00,37500.00,NULL,NULL,NULL,NULL),(2626,35,1203,41,22,'2020-08-26 00:00:00',0.00,37500.00,NULL,NULL,NULL,NULL),(2627,35,1204,41,23,'2020-09-26 00:00:00',0.00,37500.00,NULL,NULL,NULL,NULL),(2628,35,1205,41,24,'2020-10-26 00:00:00',2500000.00,0.00,NULL,NULL,NULL,NULL),(2629,36,1534,52,1,'2020-05-30 00:00:00',905080.00,312252.60,NULL,NULL,NULL,NULL),(2630,36,1535,52,2,'2020-06-30 00:00:00',905080.00,299762.50,NULL,NULL,NULL,NULL),(2631,36,1536,52,3,'2020-07-30 00:00:00',905080.00,287272.39,NULL,NULL,NULL,NULL),(2632,36,1537,52,4,'2020-08-30 00:00:00',905080.00,274782.29,NULL,NULL,NULL,NULL),(2633,36,1538,52,5,'2020-09-30 00:00:00',905080.00,262292.18,NULL,NULL,NULL,NULL),(2634,36,1539,52,6,'2020-10-30 00:00:00',905080.00,249802.08,NULL,NULL,NULL,NULL),(2635,36,1540,52,7,'2020-11-30 00:00:00',905080.00,237311.98,NULL,NULL,NULL,NULL),(2636,36,1541,52,8,'2020-12-30 00:00:00',905080.00,224821.87,NULL,NULL,NULL,NULL),(2637,36,1542,52,9,'2021-01-30 00:00:00',905080.00,212331.77,NULL,NULL,NULL,NULL),(2638,36,1543,52,10,'2021-02-28 00:00:00',905080.00,199841.66,NULL,NULL,NULL,NULL),(2639,36,1544,52,11,'2021-03-30 00:00:00',905080.00,187351.56,NULL,NULL,NULL,NULL),(2640,36,1545,52,12,'2021-04-30 00:00:00',905080.00,174861.46,NULL,NULL,NULL,NULL),(2641,36,1546,52,13,'2021-05-30 00:00:00',905080.00,162371.35,NULL,NULL,NULL,NULL),(2642,36,1547,52,14,'2021-06-30 00:00:00',905080.00,149881.25,NULL,NULL,NULL,NULL),(2643,36,1548,52,15,'2021-07-30 00:00:00',905080.00,137391.14,NULL,NULL,NULL,NULL),(2644,36,1549,52,16,'2021-08-30 00:00:00',905080.00,124901.04,NULL,NULL,NULL,NULL),(2645,36,1550,52,17,'2021-09-30 00:00:00',905080.00,112410.94,NULL,NULL,NULL,NULL),(2646,36,1551,52,18,'2021-10-30 00:00:00',905080.00,99920.83,NULL,NULL,NULL,NULL),(2647,36,1552,52,19,'2021-11-30 00:00:00',905080.00,87430.73,NULL,NULL,NULL,NULL),(2648,36,1553,52,20,'2021-12-30 00:00:00',905080.00,74940.62,NULL,NULL,NULL,NULL),(2649,36,1554,52,21,'2022-01-30 00:00:00',905080.00,62450.52,NULL,NULL,NULL,NULL),(2650,36,1555,52,22,'2022-02-28 00:00:00',905080.00,49960.42,NULL,NULL,NULL,NULL),(2651,36,1556,52,23,'2022-03-30 00:00:00',905080.00,37470.31,NULL,NULL,NULL,NULL),(2652,36,1557,52,24,'2022-04-30 00:00:00',905080.00,24980.21,NULL,NULL,NULL,NULL),(2653,36,1558,52,25,'2022-05-30 00:00:00',905080.00,12490.10,NULL,NULL,NULL,NULL),(2654,37,1377,47,1,'2019-10-03 00:00:00',365280.20,176400.00,NULL,NULL,NULL,NULL),(2655,37,1378,47,2,'2019-11-03 00:00:00',370649.82,171030.38,NULL,NULL,NULL,NULL),(2656,37,1379,47,3,'2019-12-03 00:00:00',376098.37,165581.83,NULL,NULL,NULL,NULL),(2657,37,1380,47,4,'2020-01-03 00:00:00',381627.01,160053.18,NULL,NULL,NULL,NULL),(2658,37,1381,47,5,'2020-02-03 00:00:00',387236.93,154443.27,NULL,NULL,NULL,NULL),(2659,37,1382,47,6,'2020-03-03 00:00:00',392929.31,148750.88,NULL,NULL,NULL,NULL),(2660,37,1383,47,7,'2020-04-03 00:00:00',398705.38,142974.82,NULL,NULL,NULL,NULL),(2661,37,1384,47,8,'2020-05-03 00:00:00',404566.34,137113.85,NULL,NULL,NULL,NULL),(2662,37,1385,47,9,'2020-06-03 00:00:00',410513.47,131166.73,NULL,NULL,NULL,NULL),(2663,37,1386,47,10,'2020-07-03 00:00:00',416548.02,125132.18,NULL,NULL,NULL,NULL),(2664,37,1387,47,11,'2020-08-03 00:00:00',422671.27,119008.92,NULL,NULL,NULL,NULL),(2665,37,1388,47,12,'2020-09-03 00:00:00',428884.54,112795.66,NULL,NULL,NULL,NULL),(2666,37,1389,47,13,'2020-10-03 00:00:00',435189.14,106491.05,NULL,NULL,NULL,NULL),(2667,37,1390,47,14,'2020-11-03 00:00:00',441586.42,100093.77,NULL,NULL,NULL,NULL),(2668,37,1391,47,15,'2020-12-03 00:00:00',448077.75,93602.45,NULL,NULL,NULL,NULL),(2669,37,1392,47,16,'2021-01-03 00:00:00',454664.49,87015.71,NULL,NULL,NULL,NULL),(2670,37,1393,47,17,'2021-02-03 00:00:00',461348.06,80332.14,NULL,NULL,NULL,NULL),(2671,37,1394,47,18,'2021-03-03 00:00:00',468129.87,73550.33,NULL,NULL,NULL,NULL),(2672,37,1395,47,19,'2021-04-03 00:00:00',475011.38,66668.82,NULL,NULL,NULL,NULL),(2673,37,1396,47,20,'2021-05-03 00:00:00',481994.05,59686.15,NULL,NULL,NULL,NULL),(2674,37,1397,47,21,'2021-06-03 00:00:00',489079.36,52600.84,NULL,NULL,NULL,NULL),(2675,37,1398,47,22,'2021-07-03 00:00:00',496268.83,45411.37,NULL,NULL,NULL,NULL),(2676,37,1399,47,23,'2021-08-03 00:00:00',503563.98,38116.22,NULL,NULL,NULL,NULL),(2677,37,1400,47,24,'2021-09-03 00:00:00',510966.37,30713.83,NULL,NULL,NULL,NULL),(2678,37,1401,47,25,'2021-10-03 00:00:00',518477.58,23202.62,NULL,NULL,NULL,NULL),(2679,37,1402,47,26,'2021-11-03 00:00:00',526099.20,15581.00,NULL,NULL,NULL,NULL),(2680,37,1403,47,27,'2021-12-03 00:00:00',533832.85,7847.34,NULL,NULL,NULL,NULL),(2681,38,1302,45,1,'2019-08-01 00:00:00',345058.41,160000.00,NULL,NULL,NULL,NULL),(2682,38,1303,45,2,'2019-09-01 00:00:00',350579.34,154479.07,NULL,NULL,NULL,NULL),(2683,38,1304,45,3,'2019-10-01 00:00:00',356188.61,148869.80,NULL,NULL,NULL,NULL),(2684,38,1305,45,4,'2019-11-01 00:00:00',361887.63,143170.78,NULL,NULL,NULL,NULL),(2685,38,1306,45,5,'2019-12-01 00:00:00',367677.83,137380.58,NULL,NULL,NULL,NULL),(2686,38,1307,45,6,'2020-01-01 00:00:00',373560.68,131497.73,NULL,NULL,NULL,NULL),(2687,38,1308,45,7,'2020-02-01 00:00:00',379537.65,125520.76,NULL,NULL,NULL,NULL),(2688,38,1309,45,8,'2020-03-01 00:00:00',385610.25,119448.16,NULL,NULL,NULL,NULL),(2689,38,1310,45,9,'2020-04-01 00:00:00',391780.02,113278.39,NULL,NULL,NULL,NULL),(2690,38,1311,45,10,'2020-05-01 00:00:00',398048.50,107009.91,NULL,NULL,NULL,NULL),(2691,38,1312,45,11,'2020-06-01 00:00:00',404417.27,100641.14,NULL,NULL,NULL,NULL),(2692,38,1313,45,12,'2020-07-01 00:00:00',410887.95,94170.46,NULL,NULL,NULL,NULL),(2693,38,1314,45,13,'2020-08-01 00:00:00',417462.16,87596.25,NULL,NULL,NULL,NULL),(2694,38,1315,45,14,'2020-09-01 00:00:00',424141.55,80916.86,NULL,NULL,NULL,NULL),(2695,38,1316,45,15,'2020-10-01 00:00:00',430927.81,74130.59,NULL,NULL,NULL,NULL),(2696,38,1317,45,16,'2020-11-01 00:00:00',437822.66,67235.75,NULL,NULL,NULL,NULL),(2697,38,1318,45,17,'2020-12-01 00:00:00',444827.82,60230.59,NULL,NULL,NULL,NULL),(2698,38,1319,45,18,'2021-01-01 00:00:00',451945.07,53113.34,NULL,NULL,NULL,NULL),(2699,38,1320,45,19,'2021-02-01 00:00:00',459176.19,45882.22,NULL,NULL,NULL,NULL),(2700,38,1321,45,20,'2021-03-01 00:00:00',466523.01,38535.40,NULL,NULL,NULL,NULL),(2701,38,1322,45,21,'2021-04-01 00:00:00',473987.38,31071.03,NULL,NULL,NULL,NULL),(2702,38,1323,45,22,'2021-05-01 00:00:00',481571.17,23487.24,NULL,NULL,NULL,NULL),(2703,38,1324,45,23,'2021-06-01 00:00:00',489276.31,15782.10,NULL,NULL,NULL,NULL),(2704,38,1325,45,24,'2021-07-01 00:00:00',497104.73,7953.68,NULL,NULL,NULL,NULL);
/*!40000 ALTER TABLE `backup_cuota` ENABLE KEYS */;
UNLOCK TABLES;

--
-- Table structure for table `ciudad`
--

DROP TABLE IF EXISTS `ciudad`;
/*!40101 SET @saved_cs_client     = @@character_set_client */;
/*!40101 SET character_set_client = utf8 */;
CREATE TABLE `ciudad` (
  `CiudadId` int(11) NOT NULL AUTO_INCREMENT,
  `Nombre` varchar(254) DEFAULT '',
  `EmpresaId` int(11) NOT NULL,
  `Estado` bit(1) NOT NULL DEFAULT b'1',
  `CreadoPor` varchar(128) DEFAULT '',
  `FechaCreacion` datetime DEFAULT NULL,
  `ModificadoPor` varchar(128) DEFAULT '',
  `FechaModificacion` datetime DEFAULT NULL,
  PRIMARY KEY (`CiudadId`),
  KEY `ciudad_empresa` (`EmpresaId`),
  CONSTRAINT `ciudad_empresa` FOREIGN KEY (`EmpresaId`) REFERENCES `empresa` (`EmpresaId`)
) ENGINE=InnoDB AUTO_INCREMENT=128 DEFAULT CHARSET=utf8;
/*!40101 SET character_set_client = @saved_cs_client */;

--
-- Dumping data for table `ciudad`
--

LOCK TABLES `ciudad` WRITE;
/*!40000 ALTER TABLE `ciudad` DISABLE KEYS */;
INSERT INTO `ciudad` VALUES (1,'Manizales',1,_binary '','0c6d9e5b-f0bf-4aa6-b98b-4f95c63631c1','2016-01-28 13:48:34','0c6d9e5b-f0bf-4aa6-b98b-4f95c63631c1','2016-01-28 13:56:32'),(8,'Pereira',1,_binary '',NULL,NULL,'abe8421a-76b6-4b22-845a-82350e80c094','2016-01-30 10:26:41'),(14,'Armenia',1,_binary '','abe8421a-76b6-4b22-845a-82350e80c094','2016-01-30 10:41:34',NULL,NULL),(99,'Manizales',36,_binary '',NULL,'2016-02-11 14:09:16',NULL,NULL),(100,'Pereira',36,_binary '',NULL,'2016-02-11 14:09:16',NULL,NULL),(101,'Armenia',36,_binary '',NULL,'2016-02-11 14:09:16',NULL,NULL),(102,'Manizales',37,_binary '',NULL,'2016-02-11 14:32:58',NULL,NULL),(103,'Pereira',37,_binary '',NULL,'2016-02-11 14:32:58',NULL,NULL),(104,'Armenia',37,_binary '',NULL,'2016-02-11 14:32:58',NULL,NULL),(105,'Manizales',38,_binary '',NULL,'2016-02-12 16:00:48',NULL,NULL),(106,'Pereira',38,_binary '',NULL,'2016-02-12 16:00:48',NULL,NULL),(107,'Armenia',38,_binary '',NULL,'2016-02-12 16:00:48',NULL,NULL),(108,'Manizales',39,_binary '',NULL,'2016-02-19 20:00:13',NULL,NULL),(109,'Pereira',39,_binary '',NULL,'2016-02-19 20:00:13',NULL,NULL),(110,'Armenia',39,_binary '',NULL,'2016-02-19 20:00:13',NULL,NULL),(111,'Manizales',40,_binary '',NULL,'2016-02-21 17:34:42',NULL,NULL),(112,'Pereira',40,_binary '',NULL,'2016-02-21 17:34:42',NULL,NULL),(113,'Armenia',40,_binary '',NULL,'2016-02-21 17:34:42',NULL,NULL),(114,'Manizales',41,_binary '',NULL,'2016-03-06 20:12:43',NULL,NULL),(115,'Pereira',41,_binary '',NULL,'2016-03-06 20:12:43',NULL,NULL),(116,'Armenia',41,_binary '',NULL,'2016-03-06 20:12:43',NULL,NULL),(117,'Manizales',42,_binary '',NULL,'2016-03-07 00:22:59',NULL,NULL),(118,'Pereira',42,_binary '',NULL,'2016-03-07 00:22:59',NULL,NULL),(119,'Armenia',42,_binary '',NULL,'2016-03-07 00:22:59',NULL,NULL),(120,'SFM',42,_binary '','7b31884f-1895-4394-bcaa-55a0cbced37e','2016-03-07 00:30:30',NULL,NULL),(121,'LA VEGA',42,_binary '','7b31884f-1895-4394-bcaa-55a0cbced37e','2016-03-07 00:30:46',NULL,NULL),(122,'Manizales',43,_binary '',NULL,'2016-03-09 23:21:07',NULL,NULL),(123,'Pereira',43,_binary '',NULL,'2016-03-09 23:21:07',NULL,NULL),(124,'Armenia',43,_binary '',NULL,'2016-03-09 23:21:07',NULL,NULL),(125,NULL,44,_binary '',NULL,'2016-03-09 23:42:36','1d401696-e6fa-4843-88ee-5a2df8f484ec','2016-03-09 23:50:13'),(126,NULL,44,_binary '',NULL,'2016-03-09 23:42:36','1d401696-e6fa-4843-88ee-5a2df8f484ec','2016-03-09 23:50:22'),(127,NULL,44,_binary '',NULL,'2016-03-09 23:42:36','1d401696-e6fa-4843-88ee-5a2df8f484ec','2016-03-09 23:50:26');
/*!40000 ALTER TABLE `ciudad` ENABLE KEYS */;
UNLOCK TABLES;

--
-- Table structure for table `cliente`
--

DROP TABLE IF EXISTS `cliente`;
/*!40101 SET @saved_cs_client     = @@character_set_client */;
/*!40101 SET character_set_client = utf8 */;
CREATE TABLE `cliente` (
  `ClienteId` int(11) NOT NULL AUTO_INCREMENT,
  `Nit` varchar(30) NOT NULL,
  `Nombre` varchar(200) NOT NULL DEFAULT '',
  `Direccion` varchar(500) DEFAULT '',
  `Telefono` varchar(200) DEFAULT '',
  `Email` varchar(200) DEFAULT '',
  `EmpresaId` int(11) NOT NULL,
  `CreadoPor` varchar(128) DEFAULT NULL,
  `FechaCreacion` datetime DEFAULT NULL,
  `ModificadoPor` varchar(128) DEFAULT NULL,
  `FechaModificacion` datetime DEFAULT NULL,
  `CiudadId` int(11) DEFAULT NULL,
  `Estado` bit(1) NOT NULL DEFAULT b'1',
  PRIMARY KEY (`ClienteId`),
  KEY `IX_EmpresaId` (`EmpresaId`),
  KEY `cliente_ciudad` (`CiudadId`),
  CONSTRAINT `FK_Cliente_Empresa_EmpresaId` FOREIGN KEY (`EmpresaId`) REFERENCES `empresa` (`EmpresaId`) ON DELETE CASCADE ON UPDATE NO ACTION,
  CONSTRAINT `cliente_ciudad` FOREIGN KEY (`CiudadId`) REFERENCES `ciudad` (`CiudadId`)
) ENGINE=InnoDB AUTO_INCREMENT=23 DEFAULT CHARSET=utf8;
/*!40101 SET character_set_client = @saved_cs_client */;

--
-- Dumping data for table `cliente`
--

LOCK TABLES `cliente` WRITE;
/*!40000 ALTER TABLE `cliente` DISABLE KEYS */;
INSERT INTO `cliente` VALUES (6,'75088866','William Gustavo giraldo',NULL,NULL,'Williamgustavo@Gmail.com',36,'6efe93b6-f004-4f42-956f-35013aad9140','2016-02-11 14:28:51',NULL,NULL,99,_binary ''),(7,'1','x',NULL,NULL,'x@gmail.com',36,'6efe93b6-f004-4f42-956f-35013aad9140','2016-02-11 14:50:56',NULL,NULL,99,_binary ''),(8,'121212','sadasdasd','asd',NULL,'assda@gmail.com',39,'db856a4c-88dd-4888-8eb6-59171ad9ac17','2016-02-19 20:02:08','db856a4c-88dd-4888-8eb6-59171ad9ac17','2016-03-12 20:50:54',110,_binary ''),(9,'049-0068350-1','Estanislao Genao Padilla','B/ Libertad, Cotui',NULL,'estanislao@gmail.com',40,'c10563cf-c8f1-4e23-b9c1-e773f58db58f','2016-02-21 17:56:30',NULL,NULL,113,_binary ''),(10,'049-0069417-7','Luz Mara Muz Sanchez','B/ Libertad, Cotui',NULL,'luzmaria@gmail.com',40,'c10563cf-c8f1-4e23-b9c1-e773f58db58f','2016-02-21 18:16:40',NULL,NULL,113,_binary ''),(11,'047-0214292-0','PACO ALBERTO CACERES FERNANDEZ','SABANA REY ARRIBA C/PRINCIPAL','8099640040','100211829pac@gmail.com',42,'7b31884f-1895-4394-bcaa-55a0cbced37e','2016-03-07 00:29:22',NULL,NULL,118,_binary ''),(12,'000-0000000-0','PACO ALBERTO CACERES FERNANDEZ','SABANA REY ARRIBA C/PRINCIPAL','8099640040','100211829pac@gmail.com',42,'7b31884f-1895-4394-bcaa-55a0cbced37e','2016-03-07 00:29:51',NULL,NULL,118,_binary ''),(13,'4280336','Geovanni',NULL,NULL,'geovanni.almiron@hotmail.com',44,'1d401696-e6fa-4843-88ee-5a2df8f484ec','2016-03-09 23:45:39','1d401696-e6fa-4843-88ee-5a2df8f484ec','2016-03-09 23:45:50',127,_binary ''),(14,'24784577','Maria Emma Restrepo',NULL,NULL,'williamgustavo@gmail.com',1,'97f27fc9-1061-4355-b689-206de7790f54','2016-04-08 10:14:15','97f27fc9-1061-4355-b689-206de7790f54','2016-04-08 11:12:11',1,_binary ''),(15,'STQ525','Taxi kia picanto STQ525',NULL,NULL,'williamgustavo@gmail.com',1,'97f27fc9-1061-4355-b689-206de7790f54','2016-04-11 08:34:37',NULL,NULL,1,_binary ''),(16,'75088866','William Giraldo',NULL,NULL,'williamgustavo@gmail.com',1,'97f27fc9-1061-4355-b689-206de7790f54','2017-04-09 09:07:26',NULL,NULL,1,_binary ''),(17,'STQ804','Taxi familiar',NULL,NULL,'williamgustavo@gmail.com',1,'97f27fc9-1061-4355-b689-206de7790f54','2017-06-25 11:41:06',NULL,NULL,1,_binary ''),(18,'16136024','Luis Fernando Gutierrez','Palonegro ',NULL,'FEDOG65@HOTMAIL.COM',1,'97f27fc9-1061-4355-b689-206de7790f54','2018-01-29 16:25:51',NULL,NULL,1,_binary ''),(19,'1311968','Ernesto Restrepo',NULL,NULL,'wggr78@gmail.com',1,'97f27fc9-1061-4355-b689-206de7790f54','2018-05-01 17:50:26',NULL,NULL,8,_binary ''),(20,'22222','Alexander Giraldo',NULL,NULL,'alexgr200@gmail.com',1,'97f27fc9-1061-4355-b689-206de7790f54','2018-07-06 08:30:31',NULL,NULL,1,_binary ''),(21,'13119681','Gustavo Giraldo',NULL,NULL,'will.iamgustavo@gmail.com',1,'97f27fc9-1061-4355-b689-206de7790f54','2019-10-10 00:41:19',NULL,NULL,1,_binary ''),(22,'555555','martha isabel duque',NULL,NULL,'marthai@hotmail.com',1,'97f27fc9-1061-4355-b689-206de7790f54','2019-12-27 19:16:33',NULL,NULL,1,_binary '');
/*!40000 ALTER TABLE `cliente` ENABLE KEYS */;
UNLOCK TABLES;

--
-- Table structure for table `conceptoaporte`
--

DROP TABLE IF EXISTS `conceptoaporte`;
/*!40101 SET @saved_cs_client     = @@character_set_client */;
/*!40101 SET character_set_client = utf8 */;
CREATE TABLE `conceptoaporte` (
  `ConceptoAporteId` int(11) NOT NULL AUTO_INCREMENT,
  `Nombre` varchar(254) DEFAULT '',
  `EmpresaId` int(11) NOT NULL,
  `Estado` bit(1) NOT NULL DEFAULT b'1',
  `CreadoPor` varchar(128) DEFAULT '',
  `FechaCreacion` datetime DEFAULT NULL,
  `ModificadoPor` varchar(128) DEFAULT '',
  `FechaModificacion` datetime DEFAULT NULL,
  PRIMARY KEY (`ConceptoAporteId`),
  KEY `IX_EmpresaId` (`EmpresaId`),
  CONSTRAINT `FK_ConceptoAporte_Empresa_EmpresaId` FOREIGN KEY (`EmpresaId`) REFERENCES `empresa` (`EmpresaId`) ON DELETE NO ACTION ON UPDATE NO ACTION
) ENGINE=InnoDB AUTO_INCREMENT=46 DEFAULT CHARSET=utf8;
/*!40101 SET character_set_client = @saved_cs_client */;

--
-- Dumping data for table `conceptoaporte`
--

LOCK TABLES `conceptoaporte` WRITE;
/*!40000 ALTER TABLE `conceptoaporte` DISABLE KEYS */;
INSERT INTO `conceptoaporte` VALUES (7,'Capital Inicial',1,_binary '','97f27fc9-1061-4355-b689-206de7790f54','2016-01-28 14:44:44',NULL,NULL),(36,'Capital Inicial',36,_binary '',NULL,'2016-02-11 14:09:16',NULL,NULL),(37,'Capital Inicial',37,_binary '',NULL,'2016-02-11 14:32:58',NULL,NULL),(38,'Capital Inicial',38,_binary '',NULL,'2016-02-12 16:00:48',NULL,NULL),(39,'Capital Inicial',39,_binary '',NULL,'2016-02-19 20:00:13',NULL,NULL),(40,'Capital Inicial',40,_binary '',NULL,'2016-02-21 17:34:42',NULL,NULL),(41,'Capital Inicial',41,_binary '',NULL,'2016-03-06 20:12:43',NULL,NULL),(42,'Capital Inicial',42,_binary '',NULL,'2016-03-07 00:22:59',NULL,NULL),(43,'Capital Inicial',43,_binary '',NULL,'2016-03-09 23:21:07',NULL,NULL),(44,'Capital Inicial',44,_binary '',NULL,'2016-03-09 23:42:36',NULL,NULL),(45,'Capital',1,_binary '','97f27fc9-1061-4355-b689-206de7790f54','2016-04-08 10:04:09',NULL,NULL);
/*!40000 ALTER TABLE `conceptoaporte` ENABLE KEYS */;
UNLOCK TABLES;

--
-- Table structure for table `conceptoretiro`
--

DROP TABLE IF EXISTS `conceptoretiro`;
/*!40101 SET @saved_cs_client     = @@character_set_client */;
/*!40101 SET character_set_client = utf8 */;
CREATE TABLE `conceptoretiro` (
  `ConceptoRetiroId` int(11) NOT NULL AUTO_INCREMENT,
  `Nombre` varchar(254) DEFAULT '',
  `EmpresaId` int(11) NOT NULL,
  `Estado` bit(1) NOT NULL DEFAULT b'1',
  `CreadoPor` varchar(128) DEFAULT '',
  `FechaCreacion` datetime DEFAULT NULL,
  `ModificadoPor` varchar(128) DEFAULT '',
  `FechaModificacion` datetime DEFAULT NULL,
  PRIMARY KEY (`ConceptoRetiroId`),
  KEY `IX_EmpresaId` (`EmpresaId`),
  CONSTRAINT `FK_ConceptoRetiro_Empresa_EmpresaId` FOREIGN KEY (`EmpresaId`) REFERENCES `empresa` (`EmpresaId`) ON DELETE NO ACTION ON UPDATE NO ACTION
) ENGINE=InnoDB AUTO_INCREMENT=43 DEFAULT CHARSET=utf8;
/*!40101 SET character_set_client = @saved_cs_client */;

--
-- Dumping data for table `conceptoretiro`
--

LOCK TABLES `conceptoretiro` WRITE;
/*!40000 ALTER TABLE `conceptoretiro` DISABLE KEYS */;
INSERT INTO `conceptoretiro` VALUES (4,'Retiro de Capital',1,_binary '','97f27fc9-1061-4355-b689-206de7790f54','2016-01-28 14:45:05','97f27fc9-1061-4355-b689-206de7790f54','2016-01-28 14:45:10'),(33,'Retiro de Capital',36,_binary '',NULL,'2016-02-11 14:09:16',NULL,NULL),(34,'Retiro de Capital',37,_binary '',NULL,'2016-02-11 14:32:58',NULL,NULL),(35,'Retiro de Capital',38,_binary '',NULL,'2016-02-12 16:00:48',NULL,NULL),(36,'Retiro de Capital',39,_binary '',NULL,'2016-02-19 20:00:13',NULL,NULL),(37,'Retiro de Capital',40,_binary '',NULL,'2016-02-21 17:34:42',NULL,NULL),(38,'Retiro de Capital',41,_binary '',NULL,'2016-03-06 20:12:43',NULL,NULL),(39,'Retiro de Capital',42,_binary '',NULL,'2016-03-07 00:22:59',NULL,NULL),(40,'Retiro de Capital',43,_binary '',NULL,'2016-03-09 23:21:07',NULL,NULL),(41,'Retiro de Capital',44,_binary '',NULL,'2016-03-09 23:42:36',NULL,NULL),(42,'Ajuste',1,_binary '','97f27fc9-1061-4355-b689-206de7790f54','2016-10-11 14:14:42',NULL,NULL);
/*!40000 ALTER TABLE `conceptoretiro` ENABLE KEYS */;
UNLOCK TABLES;

--
-- Table structure for table `consecutivo`
--

DROP TABLE IF EXISTS `consecutivo`;
/*!40101 SET @saved_cs_client     = @@character_set_client */;
/*!40101 SET character_set_client = utf8 */;
CREATE TABLE `consecutivo` (
  `EmpresaId` int(11) NOT NULL DEFAULT '0',
  `CreditoNro` int(11) DEFAULT NULL,
  `RetiroInteresNro` int(11) DEFAULT NULL,
  `AbonoNro` int(11) DEFAULT NULL,
  `AbonoCapitalNro` int(11) DEFAULT '0',
  PRIMARY KEY (`EmpresaId`) USING BTREE,
  CONSTRAINT `FK_consecutivo_empresa` FOREIGN KEY (`EmpresaId`) REFERENCES `empresa` (`EmpresaId`) ON DELETE NO ACTION ON UPDATE CASCADE
) ENGINE=InnoDB DEFAULT CHARSET=utf8;
/*!40101 SET character_set_client = @saved_cs_client */;

--
-- Dumping data for table `consecutivo`
--

LOCK TABLES `consecutivo` WRITE;
/*!40000 ALTER TABLE `consecutivo` DISABLE KEYS */;
INSERT INTO `consecutivo` VALUES (1,44,29,382,38),(36,1,0,1,0),(37,0,0,0,0),(38,0,0,0,0),(39,1,1,1,0),(40,1,0,1,0),(41,0,0,0,0),(42,1,0,0,0),(43,0,0,0,0),(44,1,0,1,0);
/*!40000 ALTER TABLE `consecutivo` ENABLE KEYS */;
UNLOCK TABLES;

--
-- Table structure for table `contacto`
--

DROP TABLE IF EXISTS `contacto`;
/*!40101 SET @saved_cs_client     = @@character_set_client */;
/*!40101 SET character_set_client = utf8 */;
CREATE TABLE `contacto` (
  `ContactoId` int(11) NOT NULL AUTO_INCREMENT,
  `ConNombre` varchar(200) NOT NULL DEFAULT '',
  `ConTelefono` varchar(200) DEFAULT '',
  `ConEmail` varchar(200) DEFAULT '',
  `ConObserva` varchar(1000) DEFAULT NULL,
  `CreadoPor` varchar(128) DEFAULT NULL,
  `FechaCreacion` datetime DEFAULT NULL,
  `ModificadoPor` varchar(128) DEFAULT NULL,
  `FechaModificacion` datetime DEFAULT NULL,
  `Estado` bit(1) NOT NULL DEFAULT b'1',
  PRIMARY KEY (`ContactoId`)
) ENGINE=InnoDB AUTO_INCREMENT=14 DEFAULT CHARSET=utf8;
/*!40101 SET character_set_client = @saved_cs_client */;

--
-- Dumping data for table `contacto`
--

LOCK TABLES `contacto` WRITE;
/*!40000 ALTER TABLE `contacto` DISABLE KEYS */;
INSERT INTO `contacto` VALUES (1,'william giraldo r',NULL,'williamgustavo@gmail.com',NULL,NULL,NULL,'97f27fc9-1061-4355-b689-206de7790f54','2016-02-06 19:55:27',_binary ''),(2,'prueba',NULL,NULL,NULL,'97f27fc9-1061-4355-b689-206de7790f54','2015-12-09 10:13:52',NULL,NULL,_binary ''),(5,'p2',NULL,'p2@gmail.com',NULL,'97f27fc9-1061-4355-b689-206de7790f54','2016-01-30 10:50:35',NULL,NULL,_binary ''),(6,'william ing',NULL,'william@gmail.com',NULL,'83ac4bd1-cc4d-4caa-9f29-9e8e2e269780','2016-02-01 16:28:04','83ac4bd1-cc4d-4caa-9f29-9e8e2e269780','2016-02-01 16:28:37',_binary ''),(7,'cliente 1  (empresa prueba)',NULL,'william.gustavo@gmail.com',NULL,'96c65816-09cc-47ad-ac89-337ae088fcfe','2016-02-06 19:14:22',NULL,NULL,_binary ''),(8,'william','88888','wggr@gmail.com','xxx','97f27fc9-1061-4355-b689-206de7790f54','2016-02-07 09:52:49',NULL,NULL,_binary ''),(9,'william','88888','wggr@gmail.com','xxx',NULL,'2016-02-07 09:58:06',NULL,NULL,_binary ''),(10,'william','88888','wggr@gmail.com','xxx','97f27fc9-1061-4355-b689-206de7790f54','2016-02-07 10:08:40',NULL,NULL,_binary ''),(11,'william','88888','wggr@gmail.com','xxx','97f27fc9-1061-4355-b689-206de7790f54','2016-02-07 10:09:03',NULL,NULL,_binary ''),(12,'william','88888','wggr@gmail.com','xx','97f27fc9-1061-4355-b689-206de7790f54','2016-02-07 10:13:33',NULL,NULL,_binary ''),(13,'william','88888','wggr@gmail.com','xxx','97f27fc9-1061-4355-b689-206de7790f54','2016-02-07 10:14:56',NULL,NULL,_binary '');
/*!40000 ALTER TABLE `contacto` ENABLE KEYS */;
UNLOCK TABLES;

--
-- Table structure for table `credito`
--

DROP TABLE IF EXISTS `credito`;
/*!40101 SET @saved_cs_client     = @@character_set_client */;
/*!40101 SET character_set_client = utf8 */;
CREATE TABLE `credito` (
  `CreditoId` int(11) NOT NULL AUTO_INCREMENT,
  `Fecha` datetime NOT NULL,
  `ClienteId` int(11) NOT NULL,
  `Valor` decimal(10,2) DEFAULT NULL,
  `Interes` decimal(10,2) DEFAULT NULL,
  `Meses` int(11) NOT NULL,
  `TipoCuotaId` varchar(128) NOT NULL,
  `PrimCuota` tinyint(1) NOT NULL,
  `DivisionCreditoId` int(11) NOT NULL,
  `InteresPrimCuota` tinyint(1) NOT NULL,
  `CapitalFinalCredito` tinyint(1) NOT NULL,
  `Observacion` text,
  `CreadoPor` varchar(128) DEFAULT NULL,
  `FechaCreacion` datetime DEFAULT NULL,
  `ModificadoPor` varchar(128) DEFAULT NULL,
  `FechaModificacion` datetime DEFAULT NULL,
  `CreditoNro` int(11) DEFAULT NULL,
  `EmpresaId` int(11) DEFAULT NULL,
  `UsuarioId` int(11) DEFAULT NULL,
  `Estado` bit(1) NOT NULL DEFAULT b'1',
  `SaldoCapital` decimal(10,2) DEFAULT NULL,
  `SaldoInteres` decimal(10,2) DEFAULT NULL,
  PRIMARY KEY (`CreditoId`),
  KEY `IX_ClienteId` (`ClienteId`),
  KEY `IX_TipoCuotaId` (`TipoCuotaId`),
  KEY `IX_DivisionCreditoId` (`DivisionCreditoId`),
  KEY `FK_credito_empresa_1` (`EmpresaId`),
  CONSTRAINT `FK_Credito_Cliente_ClienteId` FOREIGN KEY (`ClienteId`) REFERENCES `cliente` (`ClienteId`) ON DELETE CASCADE ON UPDATE NO ACTION,
  CONSTRAINT `FK_Credito_DivisionCredito_DivisionCreditoId` FOREIGN KEY (`DivisionCreditoId`) REFERENCES `divisioncredito` (`DivisionCreditoId`) ON DELETE CASCADE ON UPDATE NO ACTION,
  CONSTRAINT `FK_Credito_TipoCuota_TipoCuotaId` FOREIGN KEY (`TipoCuotaId`) REFERENCES `tipocuota` (`TipoCuotaId`) ON DELETE CASCADE ON UPDATE NO ACTION,
  CONSTRAINT `FK_credito_empresa_1` FOREIGN KEY (`EmpresaId`) REFERENCES `empresa` (`EmpresaId`) ON UPDATE CASCADE
) ENGINE=InnoDB AUTO_INCREMENT=53 DEFAULT CHARSET=utf8;
/*!40101 SET character_set_client = @saved_cs_client */;

--
-- Dumping data for table `credito`
--

LOCK TABLES `credito` WRITE;
/*!40000 ALTER TABLE `credito` DISABLE KEYS */;
INSERT INTO `credito` VALUES (17,'2016-02-11 00:00:00',6,1000000.00,1.50,12,'FI',0,30,0,0,NULL,'6efe93b6-f004-4f42-956f-35013aad9140','2016-02-11 14:49:22',NULL,NULL,1,36,NULL,_binary '',NULL,NULL),(18,'2016-02-02 00:00:00',8,2000.00,10.00,1,'FI',1,1,0,0,NULL,'db856a4c-88dd-4888-8eb6-59171ad9ac17','2016-02-19 20:04:10',NULL,NULL,1,39,39,_binary '',NULL,NULL),(19,'2016-02-01 00:00:00',9,10000.00,8.90,3,'IM',1,15,0,0,NULL,'c10563cf-c8f1-4e23-b9c1-e773f58db58f','2016-02-21 18:11:05',NULL,NULL,1,40,40,_binary '',NULL,NULL),(20,'2016-03-07 00:00:00',12,1000.00,10.00,3,'IM',0,7,0,0,NULL,'7b31884f-1895-4394-bcaa-55a0cbced37e','2016-03-07 00:39:31',NULL,NULL,1,42,42,_binary '',NULL,NULL),(21,'2016-03-09 00:00:00',13,1000000.00,15.00,1,'FI',1,30,0,0,NULL,'1d401696-e6fa-4843-88ee-5a2df8f484ec','2016-03-09 23:47:02',NULL,NULL,1,44,44,_binary '',NULL,NULL),(22,'2016-04-11 00:00:00',15,3000000.00,1.60,24,'FI',0,30,0,0,'Abono a credicheque en citi, (Credicheque por valor de 6.250.000 que se habia utilizado apra acabar de pagar a finesa)','97f27fc9-1061-4355-b689-206de7790f54','2016-04-11 08:38:30',NULL,NULL,14,1,NULL,_binary '',NULL,NULL),(23,'2016-04-26 00:00:00',15,3000000.00,1.60,24,'FI',0,30,0,0,'Abono a credicheque en citi, (Credicheque por valor de 6.250.000 que se habia utilizado apra acabar de pagar a finesa) ','97f27fc9-1061-4355-b689-206de7790f54','2016-04-26 13:03:01',NULL,NULL,15,1,NULL,_binary '',NULL,NULL),(24,'2016-04-27 00:00:00',16,18000000.00,1.60,48,'FI',0,30,0,0,'Para abonar a los 60.000.000 que se le debian a maxirepuestos. Se completaron 20.000.000 con plata de gustavo para un saldo de 40\'','97f27fc9-1061-4355-b689-206de7790f54','2016-04-27 19:24:48',NULL,NULL,16,1,NULL,_binary '',NULL,NULL),(25,'2016-05-25 00:00:00',15,473000.00,1.60,24,'IM',0,30,0,0,'abono a doa gladys de los 3000.000 que presto','97f27fc9-1061-4355-b689-206de7790f54','2016-05-25 13:49:23','97f27fc9-1061-4355-b689-206de7790f54','2016-07-05 14:13:13',17,1,1,_binary '',NULL,NULL),(26,'2016-07-30 00:00:00',16,810000.00,1.60,24,'FI',0,30,0,0,'para pagar a maxirepuestos. En realidad lo que se pago fue 3.000.000 pero solo se le presto 2.500.000 1.690.000FGR 810.000iCredit','97f27fc9-1061-4355-b689-206de7790f54','2016-08-03 12:49:09','97f27fc9-1061-4355-b689-206de7790f54','2016-08-03 12:51:42',18,1,NULL,_binary '',NULL,NULL),(27,'2016-09-29 00:00:00',16,1253000.00,1.60,24,'FI',0,30,0,0,'Abono a maxirepuestos. FRG dio 2747000 y icredit 1253000','97f27fc9-1061-4355-b689-206de7790f54','2016-10-04 10:04:51','97f27fc9-1061-4355-b689-206de7790f54','2016-10-11 14:12:07',19,1,NULL,_binary '',NULL,NULL),(28,'2016-11-30 00:00:00',16,1575000.00,1.60,36,'FI',0,30,0,0,NULL,'97f27fc9-1061-4355-b689-206de7790f54','2016-12-05 09:44:12',NULL,NULL,20,1,NULL,_binary '',NULL,NULL),(29,'2017-01-31 00:00:00',16,200000.00,1.60,36,'FI',0,30,0,0,NULL,'97f27fc9-1061-4355-b689-206de7790f54','2017-02-05 22:15:37','97f27fc9-1061-4355-b689-206de7790f54','2017-03-03 18:07:20',21,1,NULL,_binary '',NULL,NULL),(30,'2017-02-28 00:00:00',16,2148000.00,1.60,36,'FI',0,30,0,0,'para pagar a parra fgr puso 2921000 icredit 2148000para un total de 5.069.000','97f27fc9-1061-4355-b689-206de7790f54','2017-03-04 10:51:05','97f27fc9-1061-4355-b689-206de7790f54','2017-03-21 22:57:21',22,1,NULL,_binary '',NULL,NULL),(31,'2017-04-11 00:00:00',16,2330807.76,1.60,12,'FI',0,30,0,0,'para pagar el credito de tax la feria del taxi familiar. ','97f27fc9-1061-4355-b689-206de7790f54','2017-04-11 01:41:54',NULL,NULL,23,1,NULL,_binary '',NULL,NULL),(32,'2017-06-25 00:00:00',14,5000000.00,1.60,12,'CI',1,30,0,1,'plata para pagar credito que tenia con parra','97f27fc9-1061-4355-b689-206de7790f54','2017-06-25 11:39:04',NULL,NULL,24,1,NULL,_binary '',NULL,NULL),(33,'2017-06-25 00:00:00',17,476000.00,1.60,24,'FI',1,30,0,0,NULL,'97f27fc9-1061-4355-b689-206de7790f54','2017-06-25 11:46:13','97f27fc9-1061-4355-b689-206de7790f54','2017-08-12 01:56:44',25,1,NULL,_binary '\0',NULL,NULL),(34,'2017-06-30 00:00:00',17,3536640.82,1.60,12,'CI',0,30,0,1,'abono a capital a credito de tax la feria, icredit pone 3,536,640.82, fgr 638.000 para un total de 4175000','97f27fc9-1061-4355-b689-206de7790f54','2017-07-08 10:04:43','97f27fc9-1061-4355-b689-206de7790f54','2017-08-12 01:54:35',26,1,NULL,_binary '\0',NULL,NULL),(35,'2017-07-31 00:00:00',17,5584500.00,1.60,15,'FI',0,30,0,0,'pago credito tax la feria taxi familiar del taxi familiar','97f27fc9-1061-4355-b689-206de7790f54','2017-08-12 02:04:26',NULL,NULL,27,1,NULL,_binary '',NULL,NULL),(36,'2017-11-04 00:00:00',14,4000000.00,1.60,12,'CI',0,30,0,1,'credito para ir a jerusalem','97f27fc9-1061-4355-b689-206de7790f54','2017-11-04 19:53:43','97f27fc9-1061-4355-b689-206de7790f54','2018-02-05 13:04:38',28,1,1,_binary '\0',NULL,NULL),(37,'2018-03-07 00:00:00',18,19000000.00,1.50,24,'FI',0,30,0,0,'Para renovacion de taxi','97f27fc9-1061-4355-b689-206de7790f54','2018-03-07 09:37:09','97f27fc9-1061-4355-b689-206de7790f54','2018-03-07 09:39:08',29,1,NULL,_binary '',NULL,NULL),(38,'2018-05-01 00:00:00',19,10000000.00,1.50,12,'CI',1,30,0,1,NULL,'97f27fc9-1061-4355-b689-206de7790f54','2018-05-01 17:52:46',NULL,NULL,30,1,NULL,_binary '',NULL,NULL),(39,'2018-07-06 00:00:00',20,10000000.00,1.50,1,'FI',0,30,0,0,NULL,'97f27fc9-1061-4355-b689-206de7790f54','2018-07-06 08:32:42',NULL,NULL,31,1,NULL,_binary '',NULL,NULL),(40,'2018-08-03 00:00:00',19,15000000.00,1.50,12,'CI',1,30,0,1,'pago de credito a don ivan, la plata se le dio a la hermana olga. Gustavo acabo de pagar todo el credito para pignorar el carro a nombre de icredit','97f27fc9-1061-4355-b689-206de7790f54','2018-08-03 12:37:48',NULL,NULL,32,1,NULL,_binary '',NULL,NULL),(41,'2018-11-26 00:00:00',19,2500000.00,1.50,24,'CI',1,30,0,1,'Se le presto a ernesto, pero es para pagar la plata a catalina (quedan faltando 2.500.000) de parte de mi papa','97f27fc9-1061-4355-b689-206de7790f54','2018-11-26 11:26:40','97f27fc9-1061-4355-b689-206de7790f54','2018-12-16 17:22:49',33,1,NULL,_binary '',NULL,NULL),(42,'2018-12-27 00:00:00',19,2500000.00,1.50,24,'CI',1,30,0,1,NULL,'97f27fc9-1061-4355-b689-206de7790f54','2018-12-27 19:05:40',NULL,NULL,34,1,NULL,_binary '',NULL,NULL),(43,'2019-01-04 00:00:00',14,14190000.00,1.50,36,'FI',0,30,0,0,'para renovar el taxi se','97f27fc9-1061-4355-b689-206de7790f54','2019-01-04 21:19:59',NULL,NULL,35,1,NULL,_binary '',NULL,NULL),(44,'2019-04-09 00:00:00',19,10000000.00,1.50,12,'CI',1,30,0,1,NULL,'97f27fc9-1061-4355-b689-206de7790f54','2019-04-09 00:20:12',NULL,NULL,36,1,NULL,_binary '',NULL,NULL),(45,'2019-07-01 00:00:00',14,10000000.00,1.60,24,'FI',0,30,0,0,'para comprar taxi, se cambio el kia sephia','97f27fc9-1061-4355-b689-206de7790f54','2019-06-21 13:47:54','97f27fc9-1061-4355-b689-206de7790f54','2019-06-21 13:57:24',37,1,NULL,_binary '',NULL,NULL),(46,'2019-07-03 00:00:00',19,15000000.00,1.50,24,'CI',1,30,0,1,NULL,'97f27fc9-1061-4355-b689-206de7790f54','2019-07-03 15:29:01',NULL,NULL,38,1,NULL,_binary '',NULL,NULL),(47,'2019-09-03 00:00:00',14,12000000.00,1.47,27,'FI',0,30,0,0,'pago credito volswagen gol','97f27fc9-1061-4355-b689-206de7790f54','2019-09-03 20:54:20','97f27fc9-1061-4355-b689-206de7790f54','2019-09-03 21:03:44',39,1,NULL,_binary '',NULL,NULL),(48,'2019-10-05 00:00:00',21,10000000.00,1.50,4,'CI',1,30,0,1,'para pagar a don ivan 12.000.000','97f27fc9-1061-4355-b689-206de7790f54','2019-10-10 00:42:09','97f27fc9-1061-4355-b689-206de7790f54','2019-10-10 00:42:30',40,1,NULL,_binary '',NULL,NULL),(49,'2019-11-27 00:00:00',21,10000000.00,1.50,24,'FI',0,30,0,0,NULL,'97f27fc9-1061-4355-b689-206de7790f54','2019-11-26 20:01:52',NULL,NULL,41,1,1,_binary '',NULL,NULL),(50,'2020-01-07 00:00:00',22,1156000.00,0.00,1,'CI',0,30,0,1,'plata que me tiene de los 13.400.000 que me tenia. No me la paso antes por no pagar el 4 x mil','97f27fc9-1061-4355-b689-206de7790f54','2020-01-07 08:07:30','97f27fc9-1061-4355-b689-206de7790f54','2020-01-13 09:27:28',42,1,NULL,_binary '',NULL,NULL),(51,'2020-03-01 00:00:00',22,24200000.00,1.61,23,'FI',0,30,0,0,'Credito que se pago en tax la feria que paga 804 y william','97f27fc9-1061-4355-b689-206de7790f54','2020-03-09 13:14:28','97f27fc9-1061-4355-b689-206de7790f54','2020-03-09 13:15:03',43,1,NULL,_binary '',NULL,NULL),(52,'2020-04-30 00:00:00',14,22627000.00,1.38,25,'VA',0,30,0,0,'plata para pagar credito en tax la feria','97f27fc9-1061-4355-b689-206de7790f54','2020-04-24 21:32:00','97f27fc9-1061-4355-b689-206de7790f54','2020-04-24 21:39:34',44,1,NULL,_binary '',NULL,NULL);
/*!40000 ALTER TABLE `credito` ENABLE KEYS */;
UNLOCK TABLES;

--
-- Table structure for table `cuota`
--

DROP TABLE IF EXISTS `cuota`;
/*!40101 SET @saved_cs_client     = @@character_set_client */;
/*!40101 SET character_set_client = utf8 */;
CREATE TABLE `cuota` (
  `CuotaId` int(11) NOT NULL AUTO_INCREMENT,
  `CreditoId` int(11) NOT NULL,
  `Numero` int(11) NOT NULL,
  `Fecha` datetime NOT NULL,
  `AbonoCapital` decimal(10,2) DEFAULT NULL,
  `AbonoInteres` decimal(10,2) DEFAULT NULL,
  `AjusteAbonoCapital` decimal(10,2) DEFAULT NULL,
  `AjusteAbonoInteres` decimal(10,2) DEFAULT NULL,
  `SaldoCapital` decimal(10,2) DEFAULT NULL,
  `SaldoInteres` decimal(10,2) DEFAULT NULL,
  PRIMARY KEY (`CuotaId`),
  KEY `IX_CreditoId` (`CreditoId`),
  CONSTRAINT `FK_Cuota_Credito_CreditoId` FOREIGN KEY (`CreditoId`) REFERENCES `credito` (`CreditoId`) ON DELETE CASCADE ON UPDATE NO ACTION
) ENGINE=InnoDB AUTO_INCREMENT=1559 DEFAULT CHARSET=utf8;
/*!40101 SET character_set_client = @saved_cs_client */;

--
-- Dumping data for table `cuota`
--

LOCK TABLES `cuota` WRITE;
/*!40000 ALTER TABLE `cuota` DISABLE KEYS */;
INSERT INTO `cuota` VALUES (397,17,1,'2016-03-11 00:00:00',76679.99,15000.00,NULL,NULL,NULL,NULL),(398,17,2,'2016-04-11 00:00:00',77830.19,13849.80,NULL,NULL,NULL,NULL),(399,17,3,'2016-05-11 00:00:00',78997.65,12682.35,NULL,NULL,NULL,NULL),(400,17,4,'2016-06-11 00:00:00',80182.61,11497.38,NULL,NULL,NULL,NULL),(401,17,5,'2016-07-11 00:00:00',81385.35,10294.64,NULL,NULL,NULL,NULL),(402,17,6,'2016-08-11 00:00:00',82606.13,9073.86,NULL,NULL,NULL,NULL),(403,17,7,'2016-09-11 00:00:00',83845.22,7834.77,NULL,NULL,NULL,NULL),(404,17,8,'2016-10-11 00:00:00',85102.90,6577.09,NULL,NULL,NULL,NULL),(405,17,9,'2016-11-11 00:00:00',86379.44,5300.55,NULL,NULL,NULL,NULL),(406,17,10,'2016-12-11 00:00:00',87675.14,4004.86,NULL,NULL,NULL,NULL),(407,17,11,'2017-01-11 00:00:00',88990.26,2689.73,NULL,NULL,NULL,NULL),(408,17,12,'2017-02-11 00:00:00',90325.12,1354.88,NULL,NULL,NULL,NULL),(409,18,1,'2016-02-03 00:00:00',66.67,6.67,NULL,NULL,NULL,NULL),(410,18,2,'2016-02-04 00:00:00',66.67,6.67,NULL,NULL,NULL,NULL),(411,18,3,'2016-02-05 00:00:00',66.67,6.67,NULL,NULL,NULL,NULL),(412,18,4,'2016-02-06 00:00:00',66.67,6.67,NULL,NULL,NULL,NULL),(413,18,5,'2016-02-07 00:00:00',66.67,6.67,NULL,NULL,NULL,NULL),(414,18,6,'2016-02-08 00:00:00',66.67,6.67,NULL,NULL,NULL,NULL),(415,18,7,'2016-02-09 00:00:00',66.67,6.67,NULL,NULL,NULL,NULL),(416,18,8,'2016-02-10 00:00:00',66.67,6.67,NULL,NULL,NULL,NULL),(417,18,9,'2016-02-11 00:00:00',66.67,6.67,NULL,NULL,NULL,NULL),(418,18,10,'2016-02-12 00:00:00',66.67,6.67,NULL,NULL,NULL,NULL),(419,18,11,'2016-02-13 00:00:00',66.67,6.67,NULL,NULL,NULL,NULL),(420,18,12,'2016-02-14 00:00:00',66.67,6.67,NULL,NULL,NULL,NULL),(421,18,13,'2016-02-15 00:00:00',66.67,6.67,NULL,NULL,NULL,NULL),(422,18,14,'2016-02-16 00:00:00',66.67,6.67,NULL,NULL,NULL,NULL),(423,18,15,'2016-02-17 00:00:00',66.67,6.67,NULL,NULL,NULL,NULL),(424,18,16,'2016-02-18 00:00:00',66.67,6.67,NULL,NULL,NULL,NULL),(425,18,17,'2016-02-19 00:00:00',66.67,6.67,NULL,NULL,NULL,NULL),(426,18,18,'2016-02-20 00:00:00',66.67,6.67,NULL,NULL,NULL,NULL),(427,18,19,'2016-02-21 00:00:00',66.67,6.67,NULL,NULL,NULL,NULL),(428,18,20,'2016-02-22 00:00:00',66.67,6.67,NULL,NULL,NULL,NULL),(429,18,21,'2016-02-23 00:00:00',66.67,6.67,NULL,NULL,NULL,NULL),(430,18,22,'2016-02-24 00:00:00',66.67,6.67,NULL,NULL,NULL,NULL),(431,18,23,'2016-02-25 00:00:00',66.67,6.67,NULL,NULL,NULL,NULL),(432,18,24,'2016-02-26 00:00:00',66.67,6.67,NULL,NULL,NULL,NULL),(433,18,25,'2016-02-27 00:00:00',66.67,6.67,NULL,NULL,NULL,NULL),(434,18,26,'2016-02-28 00:00:00',66.67,6.67,NULL,NULL,NULL,NULL),(435,18,27,'2016-02-29 00:00:00',66.67,6.67,NULL,NULL,NULL,NULL),(436,18,28,'2016-03-01 00:00:00',66.67,6.67,NULL,NULL,NULL,NULL),(437,18,29,'2016-03-02 00:00:00',66.67,6.67,NULL,NULL,NULL,NULL),(438,18,30,'2016-03-03 00:00:00',66.67,6.67,NULL,NULL,NULL,NULL),(439,19,1,'2016-02-16 00:00:00',1666.67,445.00,NULL,NULL,NULL,NULL),(440,19,2,'2016-03-02 00:00:00',1666.67,445.00,NULL,NULL,NULL,NULL),(441,19,3,'2016-03-17 00:00:00',1666.67,445.00,NULL,NULL,NULL,NULL),(442,19,4,'2016-04-01 00:00:00',1666.67,445.00,NULL,NULL,NULL,NULL),(443,19,5,'2016-04-16 00:00:00',1666.67,445.00,NULL,NULL,NULL,NULL),(444,19,6,'2016-05-01 00:00:00',1666.67,445.00,NULL,NULL,NULL,NULL),(445,20,1,'2016-04-14 00:00:00',83.33,25.00,NULL,NULL,NULL,NULL),(446,20,2,'2016-04-21 00:00:00',83.33,25.00,NULL,NULL,NULL,NULL),(447,20,3,'2016-04-28 00:00:00',83.33,25.00,NULL,NULL,NULL,NULL),(448,20,4,'2016-05-05 00:00:00',83.33,25.00,NULL,NULL,NULL,NULL),(449,20,5,'2016-05-12 00:00:00',83.33,25.00,NULL,NULL,NULL,NULL),(450,20,6,'2016-05-19 00:00:00',83.33,25.00,NULL,NULL,NULL,NULL),(451,20,7,'2016-05-26 00:00:00',83.33,25.00,NULL,NULL,NULL,NULL),(452,20,8,'2016-06-02 00:00:00',83.33,25.00,NULL,NULL,NULL,NULL),(453,20,9,'2016-06-09 00:00:00',83.33,25.00,NULL,NULL,NULL,NULL),(454,20,10,'2016-06-16 00:00:00',83.33,25.00,NULL,NULL,NULL,NULL),(455,20,11,'2016-06-23 00:00:00',83.33,25.00,NULL,NULL,NULL,NULL),(456,20,12,'2016-06-30 00:00:00',83.33,25.00,NULL,NULL,NULL,NULL),(457,21,1,'2016-03-09 00:00:00',1000000.00,150000.00,NULL,NULL,NULL,NULL),(458,22,1,'2016-05-11 00:00:00',103517.52,48000.00,NULL,NULL,NULL,NULL),(459,22,2,'2016-06-11 00:00:00',105173.80,46343.72,NULL,NULL,NULL,NULL),(460,22,3,'2016-07-11 00:00:00',106856.58,44660.94,NULL,NULL,NULL,NULL),(461,22,4,'2016-08-11 00:00:00',108566.29,42951.23,NULL,NULL,NULL,NULL),(462,22,5,'2016-09-11 00:00:00',110303.35,41214.17,NULL,NULL,NULL,NULL),(463,22,6,'2016-10-11 00:00:00',112068.20,39449.32,NULL,NULL,NULL,NULL),(464,22,7,'2016-11-11 00:00:00',113861.29,37656.23,NULL,NULL,NULL,NULL),(465,22,8,'2016-12-11 00:00:00',115683.08,35834.45,NULL,NULL,NULL,NULL),(466,22,9,'2017-01-11 00:00:00',117534.00,33983.52,NULL,NULL,NULL,NULL),(467,22,10,'2017-02-11 00:00:00',119414.55,32102.97,NULL,NULL,NULL,NULL),(468,22,11,'2017-03-11 00:00:00',121325.18,30192.34,NULL,NULL,NULL,NULL),(469,22,12,'2017-04-11 00:00:00',123266.38,28251.14,NULL,NULL,NULL,NULL),(470,22,13,'2017-05-11 00:00:00',125238.65,26278.88,NULL,NULL,NULL,NULL),(471,22,14,'2017-06-11 00:00:00',127242.46,24275.06,NULL,NULL,NULL,NULL),(472,22,15,'2017-07-11 00:00:00',129278.34,22239.18,NULL,NULL,NULL,NULL),(473,22,16,'2017-08-11 00:00:00',131346.80,20170.72,NULL,NULL,NULL,NULL),(474,22,17,'2017-09-11 00:00:00',133448.35,18069.18,NULL,NULL,NULL,NULL),(475,22,18,'2017-10-11 00:00:00',135583.52,15934.00,NULL,NULL,NULL,NULL),(476,22,19,'2017-11-11 00:00:00',137752.86,13764.67,NULL,NULL,NULL,NULL),(477,22,20,'2017-12-11 00:00:00',139956.90,11560.62,NULL,NULL,NULL,NULL),(478,22,21,'2018-01-11 00:00:00',142196.21,9321.31,NULL,NULL,NULL,NULL),(479,22,22,'2018-02-11 00:00:00',144471.35,7046.17,NULL,NULL,NULL,NULL),(480,22,23,'2018-03-11 00:00:00',146782.89,4734.63,NULL,NULL,NULL,NULL),(481,22,24,'2018-04-11 00:00:00',149131.42,2386.10,NULL,NULL,NULL,NULL),(482,23,1,'2016-05-26 00:00:00',103517.52,48000.00,NULL,NULL,NULL,NULL),(483,23,2,'2016-06-26 00:00:00',105173.80,46343.72,NULL,NULL,NULL,NULL),(484,23,3,'2016-07-26 00:00:00',106856.58,44660.94,NULL,NULL,NULL,NULL),(485,23,4,'2016-08-26 00:00:00',108566.29,42951.23,NULL,NULL,NULL,NULL),(486,23,5,'2016-09-26 00:00:00',110303.35,41214.17,NULL,NULL,NULL,NULL),(487,23,6,'2016-10-26 00:00:00',112068.20,39449.32,NULL,NULL,NULL,NULL),(488,23,7,'2016-11-26 00:00:00',113861.29,37656.23,NULL,NULL,NULL,NULL),(489,23,8,'2016-12-26 00:00:00',115683.08,35834.45,NULL,NULL,NULL,NULL),(490,23,9,'2017-01-26 00:00:00',117534.00,33983.52,NULL,NULL,NULL,NULL),(491,23,10,'2017-02-26 00:00:00',119414.55,32102.97,NULL,NULL,NULL,NULL),(492,23,11,'2017-03-26 00:00:00',121325.18,30192.34,NULL,NULL,NULL,NULL),(493,23,12,'2017-04-26 00:00:00',123266.38,28251.14,NULL,NULL,NULL,NULL),(494,23,13,'2017-05-26 00:00:00',125238.65,26278.88,NULL,NULL,NULL,NULL),(495,23,14,'2017-06-26 00:00:00',127242.46,24275.06,NULL,NULL,NULL,NULL),(496,23,15,'2017-07-26 00:00:00',129278.34,22239.18,NULL,NULL,NULL,NULL),(497,23,16,'2017-08-26 00:00:00',131346.80,20170.72,NULL,NULL,NULL,NULL),(498,23,17,'2017-09-26 00:00:00',133448.35,18069.18,NULL,NULL,NULL,NULL),(499,23,18,'2017-10-26 00:00:00',135583.52,15934.00,NULL,NULL,NULL,NULL),(500,23,19,'2017-11-26 00:00:00',137752.86,13764.67,NULL,NULL,NULL,NULL),(501,23,20,'2017-12-26 00:00:00',139956.90,11560.62,NULL,NULL,NULL,NULL),(502,23,21,'2018-01-26 00:00:00',142196.21,9321.31,NULL,NULL,NULL,NULL),(503,23,22,'2018-02-26 00:00:00',144471.35,7046.17,NULL,NULL,NULL,NULL),(504,23,23,'2018-03-26 00:00:00',146782.89,4734.63,NULL,NULL,NULL,NULL),(505,23,24,'2018-04-26 00:00:00',149131.42,2386.10,NULL,NULL,NULL,NULL),(506,24,1,'2016-05-27 00:00:00',252103.65,288000.00,NULL,NULL,NULL,NULL),(507,24,2,'2016-06-27 00:00:00',256137.31,283966.34,NULL,NULL,NULL,NULL),(508,24,3,'2016-07-27 00:00:00',260235.50,279868.14,NULL,NULL,NULL,NULL),(509,24,4,'2016-08-27 00:00:00',264399.27,275704.38,NULL,NULL,NULL,NULL),(510,24,5,'2016-09-27 00:00:00',268629.66,271473.99,NULL,NULL,NULL,NULL),(511,24,6,'2016-10-27 00:00:00',272927.73,267175.91,NULL,NULL,NULL,NULL),(512,24,7,'2016-11-27 00:00:00',277294.58,262809.07,NULL,NULL,NULL,NULL),(513,24,8,'2016-12-27 00:00:00',281731.29,258372.36,NULL,NULL,NULL,NULL),(514,24,9,'2017-01-27 00:00:00',286238.99,253864.66,NULL,NULL,NULL,NULL),(515,24,10,'2017-02-27 00:00:00',290818.81,249284.83,NULL,NULL,NULL,NULL),(516,24,11,'2017-03-27 00:00:00',295471.92,244631.73,NULL,NULL,NULL,NULL),(517,24,12,'2017-04-27 00:00:00',300199.47,239904.18,NULL,NULL,NULL,NULL),(518,24,13,'2017-05-27 00:00:00',305002.66,235100.99,NULL,NULL,NULL,NULL),(519,24,14,'2017-06-27 00:00:00',309882.70,230220.95,NULL,NULL,NULL,NULL),(520,24,15,'2017-07-27 00:00:00',314840.82,225262.82,NULL,NULL,NULL,NULL),(521,24,16,'2017-08-27 00:00:00',319878.28,220225.37,NULL,NULL,NULL,NULL),(522,24,17,'2017-09-27 00:00:00',324996.33,215107.32,NULL,NULL,NULL,NULL),(523,24,18,'2017-10-27 00:00:00',330196.27,209907.38,NULL,NULL,NULL,NULL),(524,24,19,'2017-11-27 00:00:00',335479.41,204624.24,NULL,NULL,NULL,NULL),(525,24,20,'2017-12-27 00:00:00',340847.08,199256.57,NULL,NULL,NULL,NULL),(526,24,21,'2018-01-27 00:00:00',346300.63,193803.01,NULL,NULL,NULL,NULL),(527,24,22,'2018-02-27 00:00:00',351841.44,188262.20,NULL,NULL,NULL,NULL),(528,24,23,'2018-03-27 00:00:00',357470.91,182632.74,NULL,NULL,NULL,NULL),(529,24,24,'2018-04-27 00:00:00',363190.44,176913.20,1454707.12,186277.24,NULL,NULL),(530,24,25,'2018-05-27 00:00:00',369001.49,171102.16,561997.02,197899.33,NULL,NULL),(531,24,26,'2018-06-27 00:00:00',374905.51,165198.13,-9761.02,209707.38,NULL,NULL),(532,24,27,'2018-07-27 00:00:00',380904.00,159199.65,2267007.44,-32111.09,NULL,NULL),(533,24,28,'2018-08-27 00:00:00',386998.47,153105.18,828279.56,-68383.21,NULL,NULL),(534,24,29,'2018-09-27 00:00:00',393190.44,146913.21,634532.04,-81635.69,NULL,NULL),(535,24,30,'2018-10-27 00:00:00',399481.49,140622.16,372684.55,-91788.20,NULL,NULL),(536,24,31,'2018-11-27 00:00:00',405873.19,134230.46,1874083.55,-97751.15,NULL,NULL),(537,24,32,'2018-12-27 00:00:00',412367.16,127736.48,-412367.16,-127736.48,NULL,NULL),(538,24,33,'2019-01-27 00:00:00',418965.04,121138.61,-418965.04,-121138.61,NULL,NULL),(539,24,34,'2019-02-27 00:00:00',425668.48,114435.17,-425668.48,-114435.17,NULL,NULL),(540,24,35,'2019-03-27 00:00:00',432479.17,107624.47,-432479.17,-107624.47,NULL,NULL),(541,24,36,'2019-04-27 00:00:00',439398.84,100704.81,-439398.84,-100704.81,NULL,NULL),(542,24,37,'2019-05-27 00:00:00',446429.22,93674.43,-446429.22,-93674.43,NULL,NULL),(543,24,38,'2019-06-27 00:00:00',453572.09,86531.56,-453572.09,-86531.56,NULL,NULL),(544,24,39,'2019-07-27 00:00:00',460829.24,79274.40,-460829.24,-79274.40,NULL,NULL),(545,24,40,'2019-08-27 00:00:00',468202.51,71901.14,-468202.51,-71901.14,NULL,NULL),(546,24,41,'2019-09-27 00:00:00',475693.75,64409.90,-475693.75,-64409.90,NULL,NULL),(547,24,42,'2019-10-27 00:00:00',483304.85,56798.80,-483304.85,-56798.80,NULL,NULL),(548,24,43,'2019-11-27 00:00:00',491037.73,49065.92,-491037.73,-49065.92,NULL,NULL),(549,24,44,'2019-12-27 00:00:00',498894.33,41209.31,-498894.33,-41209.31,NULL,NULL),(550,24,45,'2020-01-27 00:00:00',506876.64,33227.01,-506876.64,-33227.01,NULL,NULL),(551,24,46,'2020-02-27 00:00:00',514986.67,25116.98,-514986.67,-25116.98,NULL,NULL),(552,24,47,'2020-03-27 00:00:00',523226.45,16877.19,-523226.45,-16877.19,NULL,NULL),(553,24,48,'2020-04-27 00:00:00',531598.08,8505.57,-531598.08,-8505.57,NULL,NULL),(578,25,1,'2016-06-25 00:00:00',19708.33,7568.00,NULL,NULL,NULL,NULL),(579,25,2,'2016-07-25 00:00:00',19708.33,7568.00,NULL,NULL,NULL,NULL),(580,25,3,'2016-08-25 00:00:00',19708.33,7568.00,NULL,NULL,NULL,NULL),(581,25,4,'2016-09-25 00:00:00',19708.33,7568.00,NULL,NULL,NULL,NULL),(582,25,5,'2016-10-25 00:00:00',19708.33,7568.00,NULL,NULL,NULL,NULL),(583,25,6,'2016-11-25 00:00:00',19708.33,7568.00,NULL,NULL,NULL,NULL),(584,25,7,'2016-12-25 00:00:00',19708.33,7568.00,NULL,NULL,NULL,NULL),(585,25,8,'2017-01-25 00:00:00',19708.33,7568.00,NULL,NULL,NULL,NULL),(586,25,9,'2017-02-25 00:00:00',19708.33,7568.00,NULL,NULL,NULL,NULL),(587,25,10,'2017-03-25 00:00:00',19708.33,7568.00,NULL,NULL,NULL,NULL),(588,25,11,'2017-04-25 00:00:00',19708.33,7568.00,NULL,NULL,NULL,NULL),(589,25,12,'2017-05-25 00:00:00',19708.33,7568.00,NULL,NULL,NULL,NULL),(590,25,13,'2017-06-25 00:00:00',19708.33,7568.00,NULL,NULL,NULL,NULL),(591,25,14,'2017-07-25 00:00:00',19708.33,7568.00,NULL,NULL,NULL,NULL),(592,25,15,'2017-08-25 00:00:00',19708.33,7568.00,NULL,NULL,NULL,NULL),(593,25,16,'2017-09-25 00:00:00',19708.33,7568.00,NULL,NULL,NULL,NULL),(594,25,17,'2017-10-25 00:00:00',19708.33,7568.00,NULL,NULL,NULL,NULL),(595,25,18,'2017-11-25 00:00:00',19708.33,7568.00,NULL,NULL,NULL,NULL),(596,25,19,'2017-12-25 00:00:00',19708.33,7568.00,NULL,NULL,NULL,NULL),(597,25,20,'2018-01-25 00:00:00',19708.33,7568.00,NULL,NULL,NULL,NULL),(598,25,21,'2018-02-25 00:00:00',19708.33,7568.00,NULL,NULL,NULL,NULL),(599,25,22,'2018-03-25 00:00:00',19708.33,7568.00,NULL,NULL,NULL,NULL),(600,25,23,'2018-04-25 00:00:00',19708.33,7568.00,NULL,NULL,NULL,NULL),(601,25,24,'2018-05-25 00:00:00',19708.33,7568.00,NULL,NULL,NULL,NULL),(626,26,1,'2016-08-30 00:00:00',27949.73,12960.00,NULL,NULL,NULL,NULL),(627,26,2,'2016-09-30 00:00:00',28396.93,12512.80,NULL,NULL,NULL,NULL),(628,26,3,'2016-10-30 00:00:00',28851.28,12058.45,NULL,NULL,NULL,NULL),(629,26,4,'2016-11-30 00:00:00',29312.90,11596.83,NULL,NULL,NULL,NULL),(630,26,5,'2016-12-30 00:00:00',29781.90,11127.83,NULL,NULL,NULL,NULL),(631,26,6,'2017-01-30 00:00:00',30258.41,10651.32,NULL,NULL,NULL,NULL),(632,26,7,'2017-02-28 00:00:00',30742.55,10167.18,NULL,NULL,NULL,NULL),(633,26,8,'2017-03-30 00:00:00',31234.43,9675.30,NULL,NULL,NULL,NULL),(634,26,9,'2017-04-30 00:00:00',31734.18,9175.55,NULL,NULL,NULL,NULL),(635,26,10,'2017-05-30 00:00:00',32241.93,8667.80,NULL,NULL,NULL,NULL),(636,26,11,'2017-06-30 00:00:00',32757.80,8151.93,NULL,NULL,NULL,NULL),(637,26,12,'2017-07-30 00:00:00',33281.92,7627.81,NULL,NULL,NULL,NULL),(638,26,13,'2017-08-30 00:00:00',33814.43,7095.30,NULL,NULL,NULL,NULL),(639,26,14,'2017-09-30 00:00:00',34355.47,6554.27,NULL,NULL,NULL,NULL),(640,26,15,'2017-10-30 00:00:00',34905.15,6004.58,NULL,NULL,NULL,NULL),(641,26,16,'2017-11-30 00:00:00',35463.64,5446.10,NULL,NULL,NULL,NULL),(642,26,17,'2017-12-30 00:00:00',36031.05,4878.68,NULL,NULL,NULL,NULL),(643,26,18,'2018-01-30 00:00:00',36607.55,4302.18,NULL,NULL,NULL,NULL),(644,26,19,'2018-02-28 00:00:00',37193.27,3716.46,NULL,NULL,NULL,NULL),(645,26,20,'2018-03-30 00:00:00',37788.36,3121.37,NULL,NULL,NULL,NULL),(646,26,21,'2018-04-30 00:00:00',38392.98,2516.75,118903.04,35876.23,NULL,NULL),(647,26,22,'2018-05-30 00:00:00',39007.27,1902.47,-39006.17,-1902.11,NULL,NULL),(648,26,23,'2018-06-30 00:00:00',39631.38,1278.35,-39631.38,-1278.35,NULL,NULL),(649,26,24,'2018-07-30 00:00:00',40265.48,644.25,-40265.48,-644.25,NULL,NULL),(674,27,1,'2016-10-29 00:00:00',43235.82,20048.00,NULL,NULL,NULL,NULL),(675,27,2,'2016-11-29 00:00:00',43927.59,19356.23,NULL,NULL,NULL,NULL),(676,27,3,'2016-12-29 00:00:00',44630.43,18653.39,NULL,NULL,NULL,NULL),(677,27,4,'2017-01-29 00:00:00',45344.52,17939.30,NULL,NULL,NULL,NULL),(678,27,5,'2017-02-28 00:00:00',46070.03,17213.79,NULL,NULL,NULL,NULL),(679,27,6,'2017-03-29 00:00:00',46807.15,16476.67,NULL,NULL,NULL,NULL),(680,27,7,'2017-04-29 00:00:00',47556.07,15727.75,NULL,NULL,NULL,NULL),(681,27,8,'2017-05-29 00:00:00',48316.96,14966.85,NULL,NULL,NULL,NULL),(682,27,9,'2017-06-29 00:00:00',49090.04,14193.78,NULL,NULL,NULL,NULL),(683,27,10,'2017-07-29 00:00:00',49875.48,13408.34,NULL,NULL,NULL,NULL),(684,27,11,'2017-08-29 00:00:00',50673.48,12610.33,NULL,NULL,NULL,NULL),(685,27,12,'2017-09-29 00:00:00',51484.26,11799.56,NULL,NULL,NULL,NULL),(686,27,13,'2017-10-29 00:00:00',52308.01,10975.81,NULL,NULL,NULL,NULL),(687,27,14,'2017-11-29 00:00:00',53144.94,10138.88,NULL,NULL,NULL,NULL),(688,27,15,'2017-12-29 00:00:00',53995.26,9288.56,NULL,NULL,NULL,NULL),(689,27,16,'2018-01-29 00:00:00',54859.18,8424.64,NULL,NULL,NULL,NULL),(690,27,17,'2018-02-28 00:00:00',55736.93,7546.89,NULL,NULL,NULL,NULL),(691,27,18,'2018-03-29 00:00:00',56628.72,6655.10,NULL,NULL,NULL,NULL),(692,27,19,'2018-04-29 00:00:00',57534.78,5749.04,301779.44,51785.74,NULL,NULL),(693,27,20,'2018-05-29 00:00:00',58455.33,4828.49,-58454.42,-4828.31,NULL,NULL),(694,27,21,'2018-06-29 00:00:00',59390.62,3893.20,-59390.62,-3893.20,NULL,NULL),(695,27,22,'2018-07-29 00:00:00',60340.87,2942.95,-60340.87,-2942.95,NULL,NULL),(696,27,23,'2018-08-29 00:00:00',61306.32,1977.50,-61306.32,-1977.50,NULL,NULL),(697,27,24,'2018-09-29 00:00:00',62287.22,996.60,-62287.22,-996.60,NULL,NULL),(698,28,1,'2016-12-30 00:00:00',32692.62,25200.00,NULL,NULL,NULL,NULL),(699,28,2,'2017-01-30 00:00:00',33215.70,24676.92,NULL,NULL,NULL,NULL),(700,28,3,'2017-02-28 00:00:00',33747.15,24145.47,NULL,NULL,NULL,NULL),(701,28,4,'2017-03-30 00:00:00',34287.11,23605.51,NULL,NULL,NULL,NULL),(702,28,5,'2017-04-30 00:00:00',34835.70,23056.92,NULL,NULL,NULL,NULL),(703,28,6,'2017-05-30 00:00:00',35393.07,22499.55,NULL,NULL,NULL,NULL),(704,28,7,'2017-06-30 00:00:00',35959.36,21933.26,NULL,NULL,NULL,NULL),(705,28,8,'2017-07-30 00:00:00',36534.71,21357.91,NULL,NULL,NULL,NULL),(706,28,9,'2017-08-30 00:00:00',37119.27,20773.35,NULL,NULL,NULL,NULL),(707,28,10,'2017-09-30 00:00:00',37713.17,20179.45,NULL,NULL,NULL,NULL),(708,28,11,'2017-10-30 00:00:00',38316.58,19576.03,NULL,NULL,NULL,NULL),(709,28,12,'2017-11-30 00:00:00',38929.65,18962.97,NULL,NULL,NULL,NULL),(710,28,13,'2017-12-30 00:00:00',39552.52,18340.09,NULL,NULL,NULL,NULL),(711,28,14,'2018-01-30 00:00:00',40185.36,17707.25,NULL,NULL,NULL,NULL),(712,28,15,'2018-02-28 00:00:00',40828.33,17064.29,NULL,NULL,NULL,NULL),(713,28,16,'2018-03-30 00:00:00',41481.58,16411.04,NULL,NULL,NULL,NULL),(714,28,17,'2018-04-30 00:00:00',42145.29,15747.33,942062.42,26397.96,NULL,NULL),(715,28,18,'2018-05-30 00:00:00',42819.61,15073.01,-42819.20,-15072.99,NULL,NULL),(716,28,19,'2018-06-30 00:00:00',43504.73,14387.89,-43504.73,-14387.89,NULL,NULL),(717,28,20,'2018-07-30 00:00:00',44200.80,13691.82,-44200.80,-13691.82,NULL,NULL),(718,28,21,'2018-08-30 00:00:00',44908.02,12984.60,-44908.02,-12984.60,NULL,NULL),(719,28,22,'2018-09-30 00:00:00',45626.54,12266.07,-45626.54,-12266.07,NULL,NULL),(720,28,23,'2018-10-30 00:00:00',46356.57,11536.05,-46356.57,-11536.05,NULL,NULL),(721,28,24,'2018-11-30 00:00:00',47098.27,10794.34,-47098.27,-10794.34,NULL,NULL),(722,28,25,'2018-12-30 00:00:00',47851.85,10040.77,-47851.85,-10040.77,NULL,NULL),(723,28,26,'2019-01-30 00:00:00',48617.48,9275.14,-48617.48,-9275.14,NULL,NULL),(724,28,27,'2019-02-28 00:00:00',49395.36,8497.26,-49395.36,-8497.26,NULL,NULL),(725,28,28,'2019-03-30 00:00:00',50185.68,7706.94,-50185.68,-7706.94,NULL,NULL),(726,28,29,'2019-04-30 00:00:00',50988.65,6903.97,-50988.65,-6903.97,NULL,NULL),(727,28,30,'2019-05-30 00:00:00',51804.47,6088.15,-51804.47,-6088.15,NULL,NULL),(728,28,31,'2019-06-30 00:00:00',52633.34,5259.28,-52633.34,-5259.28,NULL,NULL),(729,28,32,'2019-07-30 00:00:00',53475.48,4417.14,-53475.48,-4417.14,NULL,NULL),(730,28,33,'2019-08-30 00:00:00',54331.08,3561.54,-54331.08,-3561.54,NULL,NULL),(731,28,34,'2019-09-30 00:00:00',55200.38,2692.24,-55200.38,-2692.24,NULL,NULL),(732,28,35,'2019-10-30 00:00:00',56083.59,1809.03,-56083.59,-1809.03,NULL,NULL),(733,28,36,'2019-11-30 00:00:00',56980.92,911.69,-56980.92,-911.69,NULL,NULL),(770,29,1,'2017-02-28 00:00:00',4151.44,3200.00,NULL,NULL,NULL,NULL),(771,29,2,'2017-03-31 00:00:00',4217.87,3133.58,NULL,NULL,NULL,NULL),(772,29,3,'2017-04-30 00:00:00',4285.35,3066.09,NULL,NULL,NULL,NULL),(773,29,4,'2017-05-31 00:00:00',4353.92,2997.53,NULL,NULL,NULL,NULL),(774,29,5,'2017-06-30 00:00:00',4423.58,2927.86,NULL,NULL,NULL,NULL),(775,29,6,'2017-07-31 00:00:00',4494.36,2857.09,NULL,NULL,NULL,NULL),(776,29,7,'2017-08-31 00:00:00',4566.27,2785.18,NULL,NULL,NULL,NULL),(777,29,8,'2017-09-30 00:00:00',4639.33,2712.12,NULL,NULL,NULL,NULL),(778,29,9,'2017-10-31 00:00:00',4713.56,2637.89,NULL,NULL,NULL,NULL),(779,29,10,'2017-11-30 00:00:00',4788.97,2562.47,NULL,NULL,NULL,NULL),(780,29,11,'2017-12-31 00:00:00',4865.60,2485.85,NULL,NULL,NULL,NULL),(781,29,12,'2018-01-31 00:00:00',4943.45,2408.00,NULL,NULL,NULL,NULL),(782,29,13,'2018-02-28 00:00:00',5022.54,2328.90,NULL,NULL,NULL,NULL),(783,29,14,'2018-03-31 00:00:00',5102.90,2248.54,NULL,NULL,NULL,NULL),(784,29,15,'2018-04-30 00:00:00',5184.55,2166.89,130245.90,3017.66,NULL,NULL),(785,29,16,'2018-05-31 00:00:00',5267.50,2083.94,-5267.09,-2083.92,NULL,NULL),(786,29,17,'2018-06-30 00:00:00',5351.78,1999.66,-5351.78,-1999.66,NULL,NULL),(787,29,18,'2018-07-31 00:00:00',5437.41,1914.03,-5437.41,-1914.03,NULL,NULL),(788,29,19,'2018-08-31 00:00:00',5524.41,1827.03,-5524.41,-1827.03,NULL,NULL),(789,29,20,'2018-09-30 00:00:00',5612.80,1738.64,-5612.80,-1738.64,NULL,NULL),(790,29,21,'2018-10-31 00:00:00',5702.61,1648.84,-5702.61,-1648.84,NULL,NULL),(791,29,22,'2018-11-30 00:00:00',5793.85,1557.60,-5793.85,-1557.60,NULL,NULL),(792,29,23,'2018-12-31 00:00:00',5886.55,1464.90,-5886.55,-1464.90,NULL,NULL),(793,29,24,'2019-01-31 00:00:00',5980.73,1370.71,-5980.73,-1370.71,NULL,NULL),(794,29,25,'2019-02-28 00:00:00',6076.42,1275.02,-6076.42,-1275.02,NULL,NULL),(795,29,26,'2019-03-31 00:00:00',6173.65,1177.80,-6173.65,-1177.80,NULL,NULL),(796,29,27,'2019-04-30 00:00:00',6272.43,1079.02,-6272.43,-1079.02,NULL,NULL),(797,29,28,'2019-05-31 00:00:00',6372.78,978.66,-6372.78,-978.66,NULL,NULL),(798,29,29,'2019-06-30 00:00:00',6474.75,876.69,-6474.75,-876.69,NULL,NULL),(799,29,30,'2019-07-31 00:00:00',6578.35,773.10,-6578.35,-773.10,NULL,NULL),(800,29,31,'2019-08-31 00:00:00',6683.60,667.84,-6683.60,-667.84,NULL,NULL),(801,29,32,'2019-09-30 00:00:00',6790.54,560.91,-6790.54,-560.91,NULL,NULL),(802,29,33,'2019-10-31 00:00:00',6899.19,452.26,-6899.19,-452.26,NULL,NULL),(803,29,34,'2019-11-30 00:00:00',7009.57,341.87,-7009.57,-341.87,NULL,NULL),(804,29,35,'2019-12-31 00:00:00',7121.73,229.72,-7121.73,-229.72,NULL,NULL),(805,29,36,'2020-01-31 00:00:00',7235.67,115.77,-7235.67,-115.77,NULL,NULL),(878,30,1,'2017-03-28 00:00:00',44586.50,34368.00,NULL,NULL,NULL,NULL),(879,30,2,'2017-04-28 00:00:00',45299.89,33654.62,NULL,NULL,NULL,NULL),(880,30,3,'2017-05-28 00:00:00',46024.69,32929.82,NULL,NULL,NULL,NULL),(881,30,4,'2017-06-28 00:00:00',46761.08,32193.42,NULL,NULL,NULL,NULL),(882,30,5,'2017-07-28 00:00:00',47509.26,31445.25,NULL,NULL,NULL,NULL),(883,30,6,'2017-08-28 00:00:00',48269.41,30685.10,NULL,NULL,NULL,NULL),(884,30,7,'2017-09-28 00:00:00',49041.72,29912.79,NULL,NULL,NULL,NULL),(885,30,8,'2017-10-28 00:00:00',49826.39,29128.12,NULL,NULL,NULL,NULL),(886,30,9,'2017-11-28 00:00:00',50623.61,28330.90,NULL,NULL,NULL,NULL),(887,30,10,'2017-12-28 00:00:00',51433.59,27520.92,NULL,NULL,NULL,NULL),(888,30,11,'2018-01-28 00:00:00',52256.52,26697.98,NULL,NULL,NULL,NULL),(889,30,12,'2018-02-28 00:00:00',53092.63,25861.88,NULL,NULL,NULL,NULL),(890,30,13,'2018-03-28 00:00:00',53942.11,25012.40,889115.78,28929.71,NULL,NULL),(891,30,14,'2018-04-28 00:00:00',54805.18,24149.32,565389.64,30655.86,NULL,NULL),(892,30,15,'2018-05-28 00:00:00',55682.07,23272.44,-55660.07,-23271.60,NULL,NULL),(893,30,16,'2018-06-28 00:00:00',56572.98,22381.53,-56572.98,-22381.53,NULL,NULL),(894,30,17,'2018-07-28 00:00:00',57478.15,21476.36,-57478.15,-21476.36,NULL,NULL),(895,30,18,'2018-08-28 00:00:00',58397.80,20556.71,-58397.80,-20556.71,NULL,NULL),(896,30,19,'2018-09-28 00:00:00',59332.16,19622.34,-59332.16,-19622.34,NULL,NULL),(897,30,20,'2018-10-28 00:00:00',60281.48,18673.03,-60281.48,-18673.03,NULL,NULL),(898,30,21,'2018-11-28 00:00:00',61245.98,17708.52,-61245.98,-17708.52,NULL,NULL),(899,30,22,'2018-12-28 00:00:00',62225.92,16728.59,-62225.92,-16728.59,NULL,NULL),(900,30,23,'2019-01-28 00:00:00',63221.53,15732.97,-63221.53,-15732.97,NULL,NULL),(901,30,24,'2019-02-28 00:00:00',64233.07,14721.43,-64233.07,-14721.43,NULL,NULL),(902,30,25,'2019-03-28 00:00:00',65260.80,13693.70,-65260.80,-13693.70,NULL,NULL),(903,30,26,'2019-04-28 00:00:00',66304.98,12649.53,-66304.98,-12649.53,NULL,NULL),(904,30,27,'2019-05-28 00:00:00',67365.86,11588.65,-67365.86,-11588.65,NULL,NULL),(905,30,28,'2019-06-28 00:00:00',68443.71,10510.79,-68443.71,-10510.79,NULL,NULL),(906,30,29,'2019-07-28 00:00:00',69538.81,9415.70,-69538.81,-9415.70,NULL,NULL),(907,30,30,'2019-08-28 00:00:00',70651.43,8303.07,-70651.43,-8303.07,NULL,NULL),(908,30,31,'2019-09-28 00:00:00',71781.85,7172.65,-71781.85,-7172.65,NULL,NULL),(909,30,32,'2019-10-28 00:00:00',72930.36,6024.14,-72930.36,-6024.14,NULL,NULL),(910,30,33,'2019-11-28 00:00:00',74097.25,4857.26,-74097.25,-4857.26,NULL,NULL),(911,30,34,'2019-12-28 00:00:00',75282.80,3671.70,-75282.80,-3671.70,NULL,NULL),(912,30,35,'2020-01-28 00:00:00',76487.33,2467.18,-76487.33,-2467.18,NULL,NULL),(913,30,36,'2020-02-28 00:00:00',77711.13,1243.38,-77711.13,-1243.38,NULL,NULL),(914,31,1,'2017-05-11 00:00:00',177728.88,37292.92,NULL,NULL,NULL,NULL),(915,31,2,'2017-06-11 00:00:00',180572.55,34449.26,NULL,NULL,NULL,NULL),(916,31,3,'2017-07-11 00:00:00',183461.71,31560.10,NULL,NULL,NULL,NULL),(917,31,4,'2017-08-11 00:00:00',186397.10,28624.71,NULL,NULL,NULL,NULL),(918,31,5,'2017-09-11 00:00:00',189379.45,25642.36,NULL,NULL,NULL,NULL),(919,31,6,'2017-10-11 00:00:00',192409.52,22612.29,NULL,NULL,NULL,NULL),(920,31,7,'2017-11-11 00:00:00',195488.07,19533.74,NULL,NULL,NULL,NULL),(921,31,8,'2017-12-11 00:00:00',198615.88,16405.93,NULL,NULL,NULL,NULL),(922,31,9,'2018-01-11 00:00:00',201793.74,13228.07,NULL,NULL,NULL,NULL),(923,31,10,'2018-02-11 00:00:00',205022.44,9999.37,NULL,NULL,NULL,NULL),(924,31,11,'2018-03-11 00:00:00',208302.79,6719.01,NULL,NULL,NULL,NULL),(925,31,12,'2018-04-11 00:00:00',211635.64,3386.17,NULL,NULL,NULL,NULL),(926,32,1,'2017-06-25 00:00:00',0.00,80000.00,1000000.00,0.00,NULL,NULL),(927,32,2,'2017-07-25 00:00:00',0.00,80000.00,2000000.00,-16000.00,NULL,NULL),(928,32,3,'2017-08-25 00:00:00',0.00,80000.00,2000000.00,-48000.00,NULL,NULL),(929,32,4,'2017-09-25 00:00:00',0.00,80000.00,0.00,-80000.00,NULL,NULL),(930,32,5,'2017-10-25 00:00:00',0.00,80000.00,0.00,-80000.00,NULL,NULL),(931,32,6,'2017-11-25 00:00:00',0.00,80000.00,0.00,-80000.00,NULL,NULL),(932,32,7,'2017-12-25 00:00:00',0.00,80000.00,0.00,-80000.00,NULL,NULL),(933,32,8,'2018-01-25 00:00:00',0.00,80000.00,0.00,-80000.00,NULL,NULL),(934,32,9,'2018-02-25 00:00:00',0.00,80000.00,0.00,-80000.00,NULL,NULL),(935,32,10,'2018-03-25 00:00:00',0.00,80000.00,0.00,-80000.00,NULL,NULL),(936,32,11,'2018-04-25 00:00:00',0.00,80000.00,0.00,-80000.00,NULL,NULL),(937,32,12,'2018-05-25 00:00:00',5000000.00,80000.00,-5000000.00,-80000.00,NULL,NULL),(974,34,1,'2017-07-30 00:00:00',0.00,56586.25,NULL,NULL,NULL,NULL),(975,34,2,'2017-08-30 00:00:00',0.00,56586.25,NULL,NULL,NULL,NULL),(976,34,3,'2017-09-30 00:00:00',0.00,56586.25,NULL,NULL,NULL,NULL),(977,34,4,'2017-10-30 00:00:00',0.00,56586.25,NULL,NULL,NULL,NULL),(978,34,5,'2017-11-30 00:00:00',0.00,56586.25,NULL,NULL,NULL,NULL),(979,34,6,'2017-12-30 00:00:00',0.00,56586.25,NULL,NULL,NULL,NULL),(980,34,7,'2018-01-30 00:00:00',0.00,56586.25,NULL,NULL,NULL,NULL),(981,34,8,'2018-02-28 00:00:00',0.00,56586.25,NULL,NULL,NULL,NULL),(982,34,9,'2018-03-30 00:00:00',0.00,56586.25,NULL,NULL,NULL,NULL),(983,34,10,'2018-04-30 00:00:00',0.00,56586.25,NULL,NULL,NULL,NULL),(984,34,11,'2018-05-30 00:00:00',0.00,56586.25,NULL,NULL,NULL,NULL),(985,34,12,'2018-06-30 00:00:00',3536640.82,56586.25,NULL,NULL,NULL,NULL),(986,33,1,'2017-06-25 00:00:00',16424.78,7616.00,NULL,NULL,NULL,NULL),(987,33,2,'2017-07-25 00:00:00',16687.58,7353.20,NULL,NULL,NULL,NULL),(988,33,3,'2017-08-25 00:00:00',16954.58,7086.20,NULL,NULL,NULL,NULL),(989,33,4,'2017-09-25 00:00:00',17225.85,6814.93,NULL,NULL,NULL,NULL),(990,33,5,'2017-10-25 00:00:00',17501.46,6539.32,NULL,NULL,NULL,NULL),(991,33,6,'2017-11-25 00:00:00',17781.49,6259.29,NULL,NULL,NULL,NULL),(992,33,7,'2017-12-25 00:00:00',18065.99,5974.79,NULL,NULL,NULL,NULL),(993,33,8,'2018-01-25 00:00:00',18355.05,5685.73,NULL,NULL,NULL,NULL),(994,33,9,'2018-02-25 00:00:00',18648.73,5392.05,NULL,NULL,NULL,NULL),(995,33,10,'2018-03-25 00:00:00',18947.11,5093.67,NULL,NULL,NULL,NULL),(996,33,11,'2018-04-25 00:00:00',19250.26,4790.52,NULL,NULL,NULL,NULL),(997,33,12,'2018-05-25 00:00:00',19558.27,4482.51,NULL,NULL,NULL,NULL),(998,33,13,'2018-06-25 00:00:00',19871.20,4169.58,NULL,NULL,NULL,NULL),(999,33,14,'2018-07-25 00:00:00',20189.14,3851.64,NULL,NULL,NULL,NULL),(1000,33,15,'2018-08-25 00:00:00',20512.16,3528.62,NULL,NULL,NULL,NULL),(1001,33,16,'2018-09-25 00:00:00',20840.36,3200.42,NULL,NULL,NULL,NULL),(1002,33,17,'2018-10-25 00:00:00',21173.80,2866.98,NULL,NULL,NULL,NULL),(1003,33,18,'2018-11-25 00:00:00',21512.59,2528.20,NULL,NULL,NULL,NULL),(1004,33,19,'2018-12-25 00:00:00',21856.79,2183.99,NULL,NULL,NULL,NULL),(1005,33,20,'2019-01-25 00:00:00',22206.50,1834.29,NULL,NULL,NULL,NULL),(1006,33,21,'2019-02-25 00:00:00',22561.80,1478.98,NULL,NULL,NULL,NULL),(1007,33,22,'2019-03-25 00:00:00',22922.79,1117.99,NULL,NULL,NULL,NULL),(1008,33,23,'2019-04-25 00:00:00',23289.55,751.23,NULL,NULL,NULL,NULL),(1009,33,24,'2019-05-25 00:00:00',23662.19,378.59,NULL,NULL,NULL,NULL),(1010,35,1,'2017-08-31 00:00:00',332365.74,89352.00,NULL,NULL,NULL,NULL),(1011,35,2,'2017-09-30 00:00:00',337683.59,84034.15,NULL,NULL,NULL,NULL),(1012,35,3,'2017-10-31 00:00:00',343086.53,78631.21,NULL,NULL,NULL,NULL),(1013,35,4,'2017-11-30 00:00:00',348575.92,73141.83,NULL,NULL,NULL,NULL),(1014,35,5,'2017-12-31 00:00:00',354153.13,67564.61,NULL,NULL,NULL,NULL),(1015,35,6,'2018-01-31 00:00:00',359819.58,61898.16,NULL,NULL,NULL,NULL),(1016,35,7,'2018-02-28 00:00:00',365576.69,56141.05,NULL,NULL,NULL,NULL),(1017,35,8,'2018-03-31 00:00:00',371425.92,50291.82,NULL,NULL,NULL,NULL),(1018,35,9,'2018-04-30 00:00:00',377368.74,44349.01,NULL,NULL,NULL,NULL),(1019,35,10,'2018-05-31 00:00:00',383406.64,38311.11,NULL,NULL,NULL,NULL),(1020,35,11,'2018-06-30 00:00:00',389541.14,32176.60,NULL,NULL,NULL,NULL),(1021,35,12,'2018-07-31 00:00:00',395773.80,25943.94,NULL,NULL,NULL,NULL),(1022,35,13,'2018-08-31 00:00:00',402106.18,19611.56,NULL,NULL,NULL,NULL),(1023,35,14,'2018-09-30 00:00:00',408539.88,13177.86,NULL,NULL,NULL,NULL),(1024,35,15,'2018-10-31 00:00:00',415076.52,6641.22,NULL,NULL,NULL,NULL),(1049,36,1,'2017-12-04 00:00:00',0.00,64000.00,NULL,NULL,NULL,NULL),(1050,36,2,'2018-01-04 00:00:00',0.00,64000.00,NULL,NULL,NULL,NULL),(1051,36,3,'2018-02-04 00:00:00',0.00,64000.00,NULL,NULL,NULL,NULL),(1052,36,4,'2018-03-04 00:00:00',0.00,64000.00,NULL,NULL,NULL,NULL),(1053,36,5,'2018-04-04 00:00:00',0.00,64000.00,NULL,NULL,NULL,NULL),(1054,36,6,'2018-05-04 00:00:00',0.00,64000.00,NULL,NULL,NULL,NULL),(1055,36,7,'2018-06-04 00:00:00',0.00,64000.00,NULL,NULL,NULL,NULL),(1056,36,8,'2018-07-04 00:00:00',0.00,64000.00,NULL,NULL,NULL,NULL),(1057,36,9,'2018-08-04 00:00:00',0.00,64000.00,NULL,NULL,NULL,NULL),(1058,36,10,'2018-09-04 00:00:00',0.00,64000.00,NULL,NULL,NULL,NULL),(1059,36,11,'2018-10-04 00:00:00',0.00,64000.00,NULL,NULL,NULL,NULL),(1060,36,12,'2018-11-04 00:00:00',4000000.00,64000.00,NULL,NULL,NULL,NULL),(1085,37,1,'2018-04-07 00:00:00',663557.94,285000.00,NULL,NULL,NULL,NULL),(1086,37,2,'2018-05-07 00:00:00',673511.31,275046.63,NULL,NULL,NULL,NULL),(1087,37,3,'2018-06-07 00:00:00',683613.98,264943.96,NULL,NULL,NULL,NULL),(1088,37,4,'2018-07-07 00:00:00',693868.19,254689.75,NULL,NULL,NULL,NULL),(1089,37,5,'2018-08-07 00:00:00',704276.21,244281.73,NULL,NULL,NULL,NULL),(1090,37,6,'2018-09-07 00:00:00',714840.35,233717.59,NULL,NULL,NULL,NULL),(1091,37,7,'2018-10-07 00:00:00',725562.96,222994.98,NULL,NULL,NULL,NULL),(1092,37,8,'2018-11-07 00:00:00',736446.40,212111.54,NULL,NULL,NULL,NULL),(1093,37,9,'2018-12-07 00:00:00',747493.10,201064.84,NULL,NULL,NULL,NULL),(1094,37,10,'2019-01-07 00:00:00',758705.49,189852.44,NULL,NULL,NULL,NULL),(1095,37,11,'2019-02-07 00:00:00',770086.08,178471.86,NULL,NULL,NULL,NULL),(1096,37,12,'2019-03-07 00:00:00',781637.37,166920.57,NULL,NULL,NULL,NULL),(1097,37,13,'2019-04-07 00:00:00',793361.93,155196.01,NULL,NULL,NULL,NULL),(1098,37,14,'2019-05-07 00:00:00',805262.36,143295.58,NULL,NULL,NULL,NULL),(1099,37,15,'2019-06-07 00:00:00',817341.29,131216.65,NULL,NULL,NULL,NULL),(1100,37,16,'2019-07-07 00:00:00',829601.41,118956.53,NULL,NULL,NULL,NULL),(1101,37,17,'2019-08-07 00:00:00',842045.43,106512.50,NULL,NULL,NULL,NULL),(1102,37,18,'2019-09-07 00:00:00',854676.11,93881.82,NULL,NULL,NULL,NULL),(1103,37,19,'2019-10-07 00:00:00',867496.26,81061.68,NULL,NULL,NULL,NULL),(1104,37,20,'2019-11-07 00:00:00',880508.70,68049.24,NULL,NULL,NULL,NULL),(1105,37,21,'2019-12-07 00:00:00',893716.33,54841.61,NULL,NULL,NULL,NULL),(1106,37,22,'2020-01-07 00:00:00',907122.08,41435.86,NULL,NULL,NULL,NULL),(1107,37,23,'2020-02-07 00:00:00',920728.91,27829.03,NULL,NULL,NULL,NULL),(1108,37,24,'2020-03-07 00:00:00',934539.84,14018.10,NULL,NULL,NULL,NULL),(1109,38,1,'2018-05-01 00:00:00',0.00,150000.00,NULL,NULL,NULL,NULL),(1110,38,2,'2018-06-01 00:00:00',0.00,150000.00,NULL,NULL,NULL,NULL),(1111,38,3,'2018-07-01 00:00:00',0.00,150000.00,NULL,NULL,NULL,NULL),(1112,38,4,'2018-08-01 00:00:00',0.00,150000.00,NULL,NULL,NULL,NULL),(1113,38,5,'2018-09-01 00:00:00',0.00,150000.00,NULL,NULL,NULL,NULL),(1114,38,6,'2018-10-01 00:00:00',0.00,150000.00,NULL,NULL,NULL,NULL),(1115,38,7,'2018-11-01 00:00:00',0.00,150000.00,NULL,NULL,NULL,NULL),(1116,38,8,'2018-12-01 00:00:00',0.00,150000.00,NULL,NULL,NULL,NULL),(1117,38,9,'2019-01-01 00:00:00',0.00,150000.00,NULL,NULL,NULL,NULL),(1118,38,10,'2019-02-01 00:00:00',0.00,150000.00,NULL,NULL,NULL,NULL),(1119,38,11,'2019-03-01 00:00:00',0.00,150000.00,NULL,NULL,NULL,NULL),(1120,38,12,'2019-04-01 00:00:00',10000000.00,0.00,NULL,NULL,NULL,NULL),(1121,39,1,'2018-08-06 00:00:00',10000000.00,150000.00,NULL,NULL,NULL,NULL),(1122,40,1,'2018-08-03 00:00:00',0.00,225000.00,NULL,NULL,NULL,NULL),(1123,40,2,'2018-09-03 00:00:00',0.00,225000.00,NULL,NULL,NULL,NULL),(1124,40,3,'2018-10-03 00:00:00',0.00,225000.00,NULL,NULL,NULL,NULL),(1125,40,4,'2018-11-03 00:00:00',0.00,225000.00,NULL,NULL,NULL,NULL),(1126,40,5,'2018-12-03 00:00:00',0.00,225000.00,NULL,NULL,NULL,NULL),(1127,40,6,'2019-01-03 00:00:00',0.00,225000.00,NULL,NULL,NULL,NULL),(1128,40,7,'2019-02-03 00:00:00',0.00,225000.00,NULL,NULL,NULL,NULL),(1129,40,8,'2019-03-03 00:00:00',0.00,225000.00,NULL,NULL,NULL,NULL),(1130,40,9,'2019-04-03 00:00:00',0.00,225000.00,NULL,NULL,NULL,NULL),(1131,40,10,'2019-05-03 00:00:00',0.00,225000.00,NULL,NULL,NULL,NULL),(1132,40,11,'2019-06-03 00:00:00',0.00,225000.00,NULL,NULL,NULL,NULL),(1133,40,12,'2019-07-03 00:00:00',15000000.00,0.00,NULL,NULL,NULL,NULL),(1182,41,1,'2018-11-26 00:00:00',0.00,37500.00,NULL,NULL,NULL,NULL),(1183,41,2,'2018-12-26 00:00:00',0.00,37500.00,NULL,NULL,NULL,NULL),(1184,41,3,'2019-01-26 00:00:00',0.00,37500.00,NULL,NULL,NULL,NULL),(1185,41,4,'2019-02-26 00:00:00',0.00,37500.00,NULL,NULL,NULL,NULL),(1186,41,5,'2019-03-26 00:00:00',0.00,37500.00,NULL,NULL,NULL,NULL),(1187,41,6,'2019-04-26 00:00:00',0.00,37500.00,NULL,NULL,NULL,NULL),(1188,41,7,'2019-05-26 00:00:00',0.00,37500.00,NULL,NULL,NULL,NULL),(1189,41,8,'2019-06-26 00:00:00',0.00,37500.00,NULL,NULL,NULL,NULL),(1190,41,9,'2019-07-26 00:00:00',0.00,37500.00,NULL,NULL,NULL,NULL),(1191,41,10,'2019-08-26 00:00:00',0.00,37500.00,NULL,NULL,NULL,NULL),(1192,41,11,'2019-09-26 00:00:00',0.00,37500.00,NULL,NULL,NULL,NULL),(1193,41,12,'2019-10-26 00:00:00',0.00,37500.00,2500000.00,-37500.00,NULL,NULL),(1194,41,13,'2019-11-26 00:00:00',0.00,37500.00,0.00,-37500.00,NULL,NULL),(1195,41,14,'2019-12-26 00:00:00',0.00,37500.00,0.00,-37500.00,NULL,NULL),(1196,41,15,'2020-01-26 00:00:00',0.00,37500.00,0.00,-37500.00,NULL,NULL),(1197,41,16,'2020-02-26 00:00:00',0.00,37500.00,0.00,-37500.00,NULL,NULL),(1198,41,17,'2020-03-26 00:00:00',0.00,37500.00,0.00,-37500.00,NULL,NULL),(1199,41,18,'2020-04-26 00:00:00',0.00,37500.00,0.00,-37500.00,NULL,NULL),(1200,41,19,'2020-05-26 00:00:00',0.00,37500.00,0.00,-37500.00,NULL,NULL),(1201,41,20,'2020-06-26 00:00:00',0.00,37500.00,0.00,-37500.00,NULL,NULL),(1202,41,21,'2020-07-26 00:00:00',0.00,37500.00,0.00,-37500.00,NULL,NULL),(1203,41,22,'2020-08-26 00:00:00',0.00,37500.00,0.00,-37500.00,NULL,NULL),(1204,41,23,'2020-09-26 00:00:00',0.00,37500.00,0.00,-37500.00,NULL,NULL),(1205,41,24,'2020-10-26 00:00:00',2500000.00,0.00,-2500000.00,0.00,NULL,NULL),(1206,42,1,'2018-12-27 00:00:00',0.00,37500.00,NULL,NULL,NULL,NULL),(1207,42,2,'2019-01-27 00:00:00',0.00,37500.00,NULL,NULL,NULL,NULL),(1208,42,3,'2019-02-27 00:00:00',0.00,37500.00,NULL,NULL,NULL,NULL),(1209,42,4,'2019-03-27 00:00:00',0.00,37500.00,NULL,NULL,NULL,NULL),(1210,42,5,'2019-04-27 00:00:00',0.00,37500.00,NULL,NULL,NULL,NULL),(1211,42,6,'2019-05-27 00:00:00',0.00,37500.00,NULL,NULL,NULL,NULL),(1212,42,7,'2019-06-27 00:00:00',0.00,37500.00,NULL,NULL,NULL,NULL),(1213,42,8,'2019-07-27 00:00:00',0.00,37500.00,NULL,NULL,NULL,NULL),(1214,42,9,'2019-08-27 00:00:00',0.00,37500.00,NULL,NULL,NULL,NULL),(1215,42,10,'2019-09-27 00:00:00',0.00,37500.00,NULL,NULL,NULL,NULL),(1216,42,11,'2019-10-27 00:00:00',0.00,37500.00,2500000.00,-37500.00,NULL,NULL),(1217,42,12,'2019-11-27 00:00:00',0.00,37500.00,0.00,-37500.00,NULL,NULL),(1218,42,13,'2019-12-27 00:00:00',0.00,37500.00,0.00,-37500.00,NULL,NULL),(1219,42,14,'2020-01-27 00:00:00',0.00,37500.00,0.00,-37500.00,NULL,NULL),(1220,42,15,'2020-02-27 00:00:00',0.00,37500.00,0.00,-37500.00,NULL,NULL),(1221,42,16,'2020-03-27 00:00:00',0.00,37500.00,0.00,-37500.00,NULL,NULL),(1222,42,17,'2020-04-27 00:00:00',0.00,37500.00,0.00,-37500.00,NULL,NULL),(1223,42,18,'2020-05-27 00:00:00',0.00,37500.00,0.00,-37500.00,NULL,NULL),(1224,42,19,'2020-06-27 00:00:00',0.00,37500.00,0.00,-37500.00,NULL,NULL),(1225,42,20,'2020-07-27 00:00:00',0.00,37500.00,0.00,-37500.00,NULL,NULL),(1226,42,21,'2020-08-27 00:00:00',0.00,37500.00,0.00,-37500.00,NULL,NULL),(1227,42,22,'2020-09-27 00:00:00',0.00,37500.00,0.00,-37500.00,NULL,NULL),(1228,42,23,'2020-10-27 00:00:00',0.00,37500.00,0.00,-37500.00,NULL,NULL),(1229,42,24,'2020-11-27 00:00:00',2500000.00,0.00,-2500000.00,0.00,NULL,NULL),(1230,43,1,'2019-02-04 00:00:00',300152.49,212850.00,NULL,NULL,NULL,NULL),(1231,43,2,'2019-03-04 00:00:00',304654.78,208347.71,NULL,NULL,NULL,NULL),(1232,43,3,'2019-04-04 00:00:00',309224.60,203777.89,NULL,NULL,NULL,NULL),(1233,43,4,'2019-05-04 00:00:00',313862.97,199139.52,NULL,NULL,NULL,NULL),(1234,43,5,'2019-06-04 00:00:00',318570.92,194431.58,NULL,NULL,NULL,NULL),(1235,43,6,'2019-07-04 00:00:00',323349.48,189653.01,NULL,NULL,NULL,NULL),(1236,43,7,'2019-08-04 00:00:00',328199.72,184802.77,NULL,NULL,NULL,NULL),(1237,43,8,'2019-09-04 00:00:00',333122.72,179879.78,NULL,NULL,NULL,NULL),(1238,43,9,'2019-10-04 00:00:00',338119.56,174882.93,NULL,NULL,NULL,NULL),(1239,43,10,'2019-11-04 00:00:00',343191.35,169811.14,NULL,NULL,NULL,NULL),(1240,43,11,'2019-12-04 00:00:00',348339.22,164663.27,NULL,NULL,NULL,NULL),(1241,43,12,'2020-01-04 00:00:00',353564.31,159438.18,NULL,NULL,NULL,NULL),(1242,43,13,'2020-02-04 00:00:00',358867.77,154134.72,NULL,NULL,NULL,NULL),(1243,43,14,'2020-03-04 00:00:00',364250.79,148751.70,NULL,NULL,NULL,NULL),(1244,43,15,'2020-04-04 00:00:00',369714.55,143287.94,NULL,NULL,NULL,NULL),(1245,43,16,'2020-05-04 00:00:00',375260.27,137742.22,NULL,NULL,NULL,NULL),(1246,43,17,'2020-06-04 00:00:00',380889.18,132113.32,NULL,NULL,NULL,NULL),(1247,43,18,'2020-07-04 00:00:00',386602.51,126399.98,NULL,NULL,NULL,NULL),(1248,43,19,'2020-08-04 00:00:00',392401.55,120600.94,NULL,NULL,NULL,NULL),(1249,43,20,'2020-09-04 00:00:00',398287.57,114714.92,NULL,NULL,NULL,NULL),(1250,43,21,'2020-10-04 00:00:00',404261.89,108740.61,NULL,NULL,NULL,NULL),(1251,43,22,'2020-11-04 00:00:00',410325.82,102676.68,NULL,NULL,NULL,NULL),(1252,43,23,'2020-12-04 00:00:00',416480.70,96521.79,NULL,NULL,NULL,NULL),(1253,43,24,'2021-01-04 00:00:00',422727.91,90274.58,NULL,NULL,NULL,NULL),(1254,43,25,'2021-02-04 00:00:00',429068.83,83933.66,NULL,NULL,NULL,NULL),(1255,43,26,'2021-03-04 00:00:00',435504.86,77497.63,NULL,NULL,NULL,NULL),(1256,43,27,'2021-04-04 00:00:00',442037.44,70965.05,NULL,NULL,NULL,NULL),(1257,43,28,'2021-05-04 00:00:00',448668.00,64334.49,NULL,NULL,NULL,NULL),(1258,43,29,'2021-06-04 00:00:00',455398.02,57604.47,NULL,NULL,NULL,NULL),(1259,43,30,'2021-07-04 00:00:00',462228.99,50773.50,NULL,NULL,NULL,NULL),(1260,43,31,'2021-08-04 00:00:00',469162.42,43840.07,NULL,NULL,NULL,NULL),(1261,43,32,'2021-09-04 00:00:00',476199.86,36802.63,NULL,NULL,NULL,NULL),(1262,43,33,'2021-10-04 00:00:00',483342.86,29659.63,NULL,NULL,NULL,NULL),(1263,43,34,'2021-11-04 00:00:00',490593.00,22409.49,NULL,NULL,NULL,NULL),(1264,43,35,'2021-12-04 00:00:00',497951.90,15050.60,NULL,NULL,NULL,NULL),(1265,43,36,'2022-01-04 00:00:00',505421.18,7581.32,NULL,NULL,NULL,NULL),(1266,44,1,'2019-04-09 00:00:00',0.00,150000.00,NULL,NULL,NULL,NULL),(1267,44,2,'2019-05-09 00:00:00',0.00,150000.00,NULL,NULL,NULL,NULL),(1268,44,3,'2019-06-09 00:00:00',0.00,150000.00,NULL,NULL,NULL,NULL),(1269,44,4,'2019-07-09 00:00:00',0.00,150000.00,NULL,NULL,NULL,NULL),(1270,44,5,'2019-08-09 00:00:00',0.00,150000.00,NULL,NULL,NULL,NULL),(1271,44,6,'2019-09-09 00:00:00',0.00,150000.00,NULL,NULL,NULL,NULL),(1272,44,7,'2019-10-09 00:00:00',0.00,150000.00,10000000.00,-150000.00,NULL,NULL),(1273,44,8,'2019-11-09 00:00:00',0.00,150000.00,0.00,-150000.00,NULL,NULL),(1274,44,9,'2019-12-09 00:00:00',0.00,150000.00,0.00,-150000.00,NULL,NULL),(1275,44,10,'2020-01-09 00:00:00',0.00,150000.00,0.00,-150000.00,NULL,NULL),(1276,44,11,'2020-02-09 00:00:00',0.00,150000.00,0.00,-150000.00,NULL,NULL),(1277,44,12,'2020-03-09 00:00:00',10000000.00,0.00,-10000000.00,0.00,NULL,NULL),(1302,45,1,'2019-08-01 00:00:00',345058.41,160000.00,NULL,NULL,NULL,NULL),(1303,45,2,'2019-09-01 00:00:00',350579.34,154479.07,NULL,NULL,NULL,NULL),(1304,45,3,'2019-10-01 00:00:00',356188.61,148869.80,NULL,NULL,NULL,NULL),(1305,45,4,'2019-11-01 00:00:00',361887.63,143170.78,NULL,NULL,NULL,NULL),(1306,45,5,'2019-12-01 00:00:00',367677.83,137380.58,NULL,NULL,NULL,NULL),(1307,45,6,'2020-01-01 00:00:00',373560.68,131497.73,NULL,NULL,NULL,NULL),(1308,45,7,'2020-02-01 00:00:00',379537.65,125520.76,NULL,NULL,NULL,NULL),(1309,45,8,'2020-03-01 00:00:00',385610.25,119448.16,NULL,NULL,NULL,NULL),(1310,45,9,'2020-04-01 00:00:00',391780.02,113278.39,NULL,NULL,NULL,NULL),(1311,45,10,'2020-05-01 00:00:00',398048.50,107009.91,NULL,NULL,NULL,NULL),(1312,45,11,'2020-06-01 00:00:00',404417.27,100641.14,3236756.59,0.00,NULL,NULL),(1313,45,12,'2020-07-01 00:00:00',410887.95,94170.46,-225963.73,-51788.10,NULL,NULL),(1314,45,13,'2020-08-01 00:00:00',417462.16,87596.25,-229579.15,-48172.68,NULL,NULL),(1315,45,14,'2020-09-01 00:00:00',424141.55,80916.86,-233252.41,-44499.42,NULL,NULL),(1316,45,15,'2020-10-01 00:00:00',430927.81,74130.59,-236984.45,-40767.38,NULL,NULL),(1317,45,16,'2020-11-01 00:00:00',437822.66,67235.75,-240776.20,-36975.63,NULL,NULL),(1318,45,17,'2020-12-01 00:00:00',444827.82,60230.59,-244628.62,-33123.21,NULL,NULL),(1319,45,18,'2021-01-01 00:00:00',451945.07,53113.34,-248542.68,-29209.15,NULL,NULL),(1320,45,19,'2021-02-01 00:00:00',459176.19,45882.22,-252519.36,-25232.47,NULL,NULL),(1321,45,20,'2021-03-01 00:00:00',466523.01,38535.40,-256559.68,-21192.16,NULL,NULL),(1322,45,21,'2021-04-01 00:00:00',473987.38,31071.03,-260664.63,-17087.20,NULL,NULL),(1323,45,22,'2021-05-01 00:00:00',481571.17,23487.24,-264835.26,-12916.58,NULL,NULL),(1324,45,23,'2021-06-01 00:00:00',489276.31,15782.10,-269072.62,-8679.21,NULL,NULL),(1325,45,24,'2021-07-01 00:00:00',497104.73,7953.68,-273377.78,-4374.05,NULL,NULL),(1326,46,1,'2019-07-03 00:00:00',0.00,225000.00,NULL,NULL,NULL,NULL),(1327,46,2,'2019-08-03 00:00:00',0.00,225000.00,NULL,NULL,NULL,NULL),(1328,46,3,'2019-09-03 00:00:00',0.00,225000.00,NULL,NULL,NULL,NULL),(1329,46,4,'2019-10-03 00:00:00',0.00,225000.00,NULL,NULL,NULL,NULL),(1330,46,5,'2019-11-03 00:00:00',0.00,225000.00,15000000.00,-225000.00,NULL,NULL),(1331,46,6,'2019-12-03 00:00:00',0.00,225000.00,0.00,-225000.00,NULL,NULL),(1332,46,7,'2020-01-03 00:00:00',0.00,225000.00,0.00,-225000.00,NULL,NULL),(1333,46,8,'2020-02-03 00:00:00',0.00,225000.00,0.00,-225000.00,NULL,NULL),(1334,46,9,'2020-03-03 00:00:00',0.00,225000.00,0.00,-225000.00,NULL,NULL),(1335,46,10,'2020-04-03 00:00:00',0.00,225000.00,0.00,-225000.00,NULL,NULL),(1336,46,11,'2020-05-03 00:00:00',0.00,225000.00,0.00,-225000.00,NULL,NULL),(1337,46,12,'2020-06-03 00:00:00',0.00,225000.00,0.00,-225000.00,NULL,NULL),(1338,46,13,'2020-07-03 00:00:00',0.00,225000.00,0.00,-225000.00,NULL,NULL),(1339,46,14,'2020-08-03 00:00:00',0.00,225000.00,0.00,-225000.00,NULL,NULL),(1340,46,15,'2020-09-03 00:00:00',0.00,225000.00,0.00,-225000.00,NULL,NULL),(1341,46,16,'2020-10-03 00:00:00',0.00,225000.00,0.00,-225000.00,NULL,NULL),(1342,46,17,'2020-11-03 00:00:00',0.00,225000.00,0.00,-225000.00,NULL,NULL),(1343,46,18,'2020-12-03 00:00:00',0.00,225000.00,0.00,-225000.00,NULL,NULL),(1344,46,19,'2021-01-03 00:00:00',0.00,225000.00,0.00,-225000.00,NULL,NULL),(1345,46,20,'2021-02-03 00:00:00',0.00,225000.00,0.00,-225000.00,NULL,NULL),(1346,46,21,'2021-03-03 00:00:00',0.00,225000.00,0.00,-225000.00,NULL,NULL),(1347,46,22,'2021-04-03 00:00:00',0.00,225000.00,0.00,-225000.00,NULL,NULL),(1348,46,23,'2021-05-03 00:00:00',0.00,225000.00,0.00,-225000.00,NULL,NULL),(1349,46,24,'2021-06-03 00:00:00',15000000.00,0.00,-15000000.00,0.00,NULL,NULL),(1377,47,1,'2019-10-03 00:00:00',365280.20,176400.00,NULL,NULL,NULL,NULL),(1378,47,2,'2019-11-03 00:00:00',370649.82,171030.38,NULL,NULL,NULL,NULL),(1379,47,3,'2019-12-03 00:00:00',376098.37,165581.83,NULL,NULL,NULL,NULL),(1380,47,4,'2020-01-03 00:00:00',381627.01,160053.18,NULL,NULL,NULL,NULL),(1381,47,5,'2020-02-03 00:00:00',387236.93,154443.27,NULL,NULL,NULL,NULL),(1382,47,6,'2020-03-03 00:00:00',392929.31,148750.88,NULL,NULL,NULL,NULL),(1383,47,7,'2020-04-03 00:00:00',398705.38,142974.82,NULL,NULL,NULL,NULL),(1384,47,8,'2020-05-03 00:00:00',404566.34,137113.85,NULL,NULL,NULL,NULL),(1385,47,9,'2020-06-03 00:00:00',410513.47,131166.73,8512393.17,0.00,NULL,NULL),(1386,47,10,'2020-07-03 00:00:00',416548.02,125132.18,-416548.02,-125132.18,NULL,NULL),(1387,47,11,'2020-08-03 00:00:00',422671.27,119008.92,-422671.27,-119008.92,NULL,NULL),(1388,47,12,'2020-09-03 00:00:00',428884.54,112795.66,-428884.54,-112795.66,NULL,NULL),(1389,47,13,'2020-10-03 00:00:00',435189.14,106491.05,-435189.14,-106491.05,NULL,NULL),(1390,47,14,'2020-11-03 00:00:00',441586.42,100093.77,-441586.42,-100093.77,NULL,NULL),(1391,47,15,'2020-12-03 00:00:00',448077.75,93602.45,-448077.75,-93602.45,NULL,NULL),(1392,47,16,'2021-01-03 00:00:00',454664.49,87015.71,-454664.49,-87015.71,NULL,NULL),(1393,47,17,'2021-02-03 00:00:00',461348.06,80332.14,-461348.06,-80332.14,NULL,NULL),(1394,47,18,'2021-03-03 00:00:00',468129.87,73550.33,-468129.87,-73550.33,NULL,NULL),(1395,47,19,'2021-04-03 00:00:00',475011.38,66668.82,-475011.38,-66668.82,NULL,NULL),(1396,47,20,'2021-05-03 00:00:00',481994.05,59686.15,-481994.05,-59686.15,NULL,NULL),(1397,47,21,'2021-06-03 00:00:00',489079.36,52600.84,-489079.36,-52600.84,NULL,NULL),(1398,47,22,'2021-07-03 00:00:00',496268.83,45411.37,-496268.83,-45411.37,NULL,NULL),(1399,47,23,'2021-08-03 00:00:00',503563.98,38116.22,-503563.98,-38116.22,NULL,NULL),(1400,47,24,'2021-09-03 00:00:00',510966.37,30713.83,-510966.37,-30713.83,NULL,NULL),(1401,47,25,'2021-10-03 00:00:00',518477.58,23202.62,-518477.58,-23202.62,NULL,NULL),(1402,47,26,'2021-11-03 00:00:00',526099.20,15581.00,-526099.20,-15581.00,NULL,NULL),(1403,47,27,'2021-12-03 00:00:00',533832.85,7847.34,-533832.85,-7847.34,NULL,NULL),(1408,48,1,'2019-10-05 00:00:00',0.00,150000.00,NULL,NULL,NULL,NULL),(1409,48,2,'2019-11-05 00:00:00',0.00,150000.00,NULL,NULL,NULL,NULL),(1410,48,3,'2019-12-05 00:00:00',0.00,150000.00,10000000.00,-150000.00,NULL,NULL),(1411,48,4,'2020-01-05 00:00:00',10000000.00,0.00,-10000000.00,0.00,NULL,NULL),(1412,49,1,'2019-12-27 00:00:00',349241.02,150000.00,NULL,NULL,NULL,NULL),(1413,49,2,'2020-01-27 00:00:00',354479.63,144761.38,NULL,NULL,NULL,NULL),(1414,49,3,'2020-02-27 00:00:00',359796.83,139444.19,NULL,NULL,NULL,NULL),(1415,49,4,'2020-03-27 00:00:00',365193.78,134047.24,NULL,NULL,NULL,NULL),(1416,49,5,'2020-04-27 00:00:00',370671.69,128569.33,NULL,NULL,NULL,NULL),(1417,49,6,'2020-05-27 00:00:00',376231.76,123009.26,NULL,NULL,NULL,NULL),(1418,49,7,'2020-06-27 00:00:00',381875.24,117365.78,NULL,NULL,NULL,NULL),(1419,49,8,'2020-07-27 00:00:00',387603.37,111637.65,NULL,NULL,NULL,NULL),(1420,49,9,'2020-08-27 00:00:00',393417.42,105823.60,NULL,NULL,NULL,NULL),(1421,49,10,'2020-09-27 00:00:00',399318.68,99922.34,NULL,NULL,NULL,NULL),(1422,49,11,'2020-10-27 00:00:00',405308.46,93932.56,NULL,NULL,NULL,NULL),(1423,49,12,'2020-11-27 00:00:00',411388.09,87852.93,NULL,NULL,NULL,NULL),(1424,49,13,'2020-12-27 00:00:00',417558.91,81682.11,NULL,NULL,NULL,NULL),(1425,49,14,'2021-01-27 00:00:00',423822.29,75418.73,NULL,NULL,NULL,NULL),(1426,49,15,'2021-02-27 00:00:00',430179.63,69061.39,NULL,NULL,NULL,NULL),(1427,49,16,'2021-03-27 00:00:00',436632.32,62608.70,NULL,NULL,NULL,NULL),(1428,49,17,'2021-04-27 00:00:00',443181.81,56059.21,NULL,NULL,NULL,NULL),(1429,49,18,'2021-05-27 00:00:00',449829.53,49411.49,NULL,NULL,NULL,NULL),(1430,49,19,'2021-06-27 00:00:00',456576.98,42664.04,NULL,NULL,NULL,NULL),(1431,49,20,'2021-07-27 00:00:00',463425.63,35815.39,NULL,NULL,NULL,NULL),(1432,49,21,'2021-08-27 00:00:00',470377.02,28864.00,NULL,NULL,NULL,NULL),(1433,49,22,'2021-09-27 00:00:00',477432.67,21808.35,NULL,NULL,NULL,NULL),(1434,49,23,'2021-10-27 00:00:00',484594.16,14646.86,NULL,NULL,NULL,NULL),(1435,49,24,'2021-11-27 00:00:00',491863.07,7377.95,NULL,NULL,NULL,NULL),(1437,50,1,'2020-02-07 00:00:00',1156000.00,0.00,NULL,NULL,NULL,NULL),(1461,51,1,'2020-04-01 00:00:00',877711.89,389620.00,NULL,NULL,NULL,NULL),(1462,51,2,'2020-05-01 00:00:00',891843.05,375488.84,NULL,NULL,NULL,NULL),(1463,51,3,'2020-06-01 00:00:00',906201.73,361130.17,NULL,NULL,NULL,NULL),(1464,51,4,'2020-07-01 00:00:00',920791.57,346540.32,NULL,NULL,NULL,NULL),(1465,51,5,'2020-08-01 00:00:00',935616.32,331715.57,NULL,NULL,NULL,NULL),(1466,51,6,'2020-09-01 00:00:00',950679.74,316652.15,NULL,NULL,NULL,NULL),(1467,51,7,'2020-10-01 00:00:00',965985.68,301346.21,NULL,NULL,NULL,NULL),(1468,51,8,'2020-11-01 00:00:00',981538.05,285793.84,NULL,NULL,NULL,NULL),(1469,51,9,'2020-12-01 00:00:00',997340.82,269991.07,NULL,NULL,NULL,NULL),(1470,51,10,'2021-01-01 00:00:00',1013398.00,253933.89,NULL,NULL,NULL,NULL),(1471,51,11,'2021-02-01 00:00:00',1029713.71,237618.18,NULL,NULL,NULL,NULL),(1472,51,12,'2021-03-01 00:00:00',1046292.10,221039.79,NULL,NULL,NULL,NULL),(1473,51,13,'2021-04-01 00:00:00',1063137.41,204194.49,NULL,NULL,NULL,NULL),(1474,51,14,'2021-05-01 00:00:00',1080253.92,187077.97,NULL,NULL,NULL,NULL),(1475,51,15,'2021-06-01 00:00:00',1097646.01,169685.89,NULL,NULL,NULL,NULL),(1476,51,16,'2021-07-01 00:00:00',1115318.11,152013.78,NULL,NULL,NULL,NULL),(1477,51,17,'2021-08-01 00:00:00',1133274.73,134057.16,NULL,NULL,NULL,NULL),(1478,51,18,'2021-09-01 00:00:00',1151520.45,115811.44,NULL,NULL,NULL,NULL),(1479,51,19,'2021-10-01 00:00:00',1170059.93,97271.96,NULL,NULL,NULL,NULL),(1480,51,20,'2021-11-01 00:00:00',1188897.90,78434.00,NULL,NULL,NULL,NULL),(1481,51,21,'2021-12-01 00:00:00',1208039.15,59292.74,NULL,NULL,NULL,NULL),(1482,51,22,'2022-01-01 00:00:00',1227488.58,39843.31,NULL,NULL,NULL,NULL),(1483,51,23,'2022-02-01 00:00:00',1247251.15,20080.74,NULL,NULL,NULL,NULL),(1534,52,1,'2020-05-30 00:00:00',905080.00,312252.60,NULL,NULL,NULL,NULL),(1535,52,2,'2020-06-30 00:00:00',905080.00,299762.50,NULL,NULL,NULL,NULL),(1536,52,3,'2020-07-30 00:00:00',905080.00,287272.39,19911760.00,0.00,NULL,NULL),(1537,52,4,'2020-08-30 00:00:00',0.00,0.00,0.00,NULL,NULL,NULL),(1538,52,5,'2020-09-30 00:00:00',0.00,0.00,0.00,NULL,NULL,NULL),(1539,52,6,'2020-10-30 00:00:00',0.00,0.00,0.00,NULL,NULL,NULL),(1540,52,7,'2020-11-30 00:00:00',0.00,0.00,0.00,NULL,NULL,NULL),(1541,52,8,'2020-12-30 00:00:00',0.00,0.00,0.00,NULL,NULL,NULL),(1542,52,9,'2021-01-30 00:00:00',0.00,0.00,0.00,NULL,NULL,NULL),(1543,52,10,'2021-02-28 00:00:00',0.00,0.00,0.00,NULL,NULL,NULL),(1544,52,11,'2021-03-30 00:00:00',0.00,0.00,0.00,NULL,NULL,NULL),(1545,52,12,'2021-04-30 00:00:00',0.00,0.00,0.00,NULL,NULL,NULL),(1546,52,13,'2021-05-30 00:00:00',0.00,0.00,0.00,NULL,NULL,NULL),(1547,52,14,'2021-06-30 00:00:00',0.00,0.00,0.00,NULL,NULL,NULL),(1548,52,15,'2021-07-30 00:00:00',0.00,0.00,0.00,NULL,NULL,NULL),(1549,52,16,'2021-08-30 00:00:00',0.00,0.00,0.00,NULL,NULL,NULL),(1550,52,17,'2021-09-30 00:00:00',0.00,0.00,0.00,NULL,NULL,NULL),(1551,52,18,'2021-10-30 00:00:00',0.00,0.00,0.00,NULL,NULL,NULL),(1552,52,19,'2021-11-30 00:00:00',0.00,0.00,0.00,NULL,NULL,NULL),(1553,52,20,'2021-12-30 00:00:00',0.00,0.00,0.00,NULL,NULL,NULL),(1554,52,21,'2022-01-30 00:00:00',0.00,0.00,0.00,NULL,NULL,NULL),(1555,52,22,'2022-02-28 00:00:00',0.00,0.00,0.00,NULL,NULL,NULL),(1556,52,23,'2022-03-30 00:00:00',0.00,0.00,0.00,NULL,NULL,NULL),(1557,52,24,'2022-04-30 00:00:00',0.00,0.00,0.00,NULL,NULL,NULL),(1558,52,25,'2022-05-30 00:00:00',0.00,0.00,0.00,NULL,NULL,NULL);
/*!40000 ALTER TABLE `cuota` ENABLE KEYS */;
UNLOCK TABLES;

--
-- Table structure for table `divisioncredito`
--

DROP TABLE IF EXISTS `divisioncredito`;
/*!40101 SET @saved_cs_client     = @@character_set_client */;
/*!40101 SET character_set_client = utf8 */;
CREATE TABLE `divisioncredito` (
  `DivisionCreditoId` int(11) NOT NULL,
  `Nombre` varchar(100) DEFAULT NULL,
  `Estado` tinyint(1) DEFAULT NULL,
  PRIMARY KEY (`DivisionCreditoId`)
) ENGINE=InnoDB DEFAULT CHARSET=utf8;
/*!40101 SET character_set_client = @saved_cs_client */;

--
-- Dumping data for table `divisioncredito`
--

LOCK TABLES `divisioncredito` WRITE;
/*!40000 ALTER TABLE `divisioncredito` DISABLE KEYS */;
INSERT INTO `divisioncredito` VALUES (1,'Dias',1),(7,'Semanas',1),(15,'Quincenas',1),(30,'Meses',1);
/*!40000 ALTER TABLE `divisioncredito` ENABLE KEYS */;
UNLOCK TABLES;

--
-- Table structure for table `empresa`
--

DROP TABLE IF EXISTS `empresa`;
/*!40101 SET @saved_cs_client     = @@character_set_client */;
/*!40101 SET character_set_client = utf8 */;
CREATE TABLE `empresa` (
  `EmpresaId` int(11) NOT NULL AUTO_INCREMENT,
  `Nit` varchar(30) DEFAULT NULL,
  `Nombre` varchar(200) NOT NULL DEFAULT '',
  `Direccion` varchar(500) DEFAULT '',
  `Telefono` varchar(100) DEFAULT '',
  `Estado` bit(1) NOT NULL DEFAULT b'1',
  `CreadoPor` varchar(128) DEFAULT '',
  `FechaCreacion` datetime DEFAULT NULL,
  `ModificadoPor` varchar(128) DEFAULT '',
  `FechaModificacion` datetime DEFAULT NULL,
  `LogoUrl` varchar(500) DEFAULT NULL,
  `EmpEmail` varchar(200) NOT NULL,
  `EmpAnioActual` int(11) DEFAULT NULL,
  `EmpMesActual` int(11) DEFAULT NULL,
  PRIMARY KEY (`EmpresaId`)
) ENGINE=InnoDB AUTO_INCREMENT=45 DEFAULT CHARSET=utf8;
/*!40101 SET character_set_client = @saved_cs_client */;

--
-- Dumping data for table `empresa`
--

LOCK TABLES `empresa` WRITE;
/*!40000 ALTER TABLE `empresa` DISABLE KEYS */;
INSERT INTO `empresa` VALUES (1,'75088866','iCredit','Av 19 nr 7b 140','300 658 72 32',_binary '',NULL,NULL,'97f27fc9-1061-4355-b689-206de7790f54','2020-07-03 23:59:04','LogoUrl1.bmp','sisadisoft@gmail.com',2020,7),(36,'','FGR',NULL,NULL,_binary '',NULL,'2016-02-11 14:09:16',NULL,NULL,NULL,'william.gustavo@gmail.com',2016,2),(37,'','liliana',NULL,NULL,_binary '',NULL,'2016-02-11 14:32:58',NULL,NULL,NULL,'lilalg16@hotmail.com',2016,2),(38,'','horka2000@hotmail.com',NULL,NULL,_binary '',NULL,'2016-02-12 16:00:48',NULL,NULL,NULL,'horka2000@hotmail.com',2016,2),(39,'','asas',NULL,NULL,_binary '',NULL,'2016-02-19 20:00:12',NULL,NULL,NULL,'saske_r@hotmail.com',2016,2),(40,'','Inversiones Padilla y A ',NULL,NULL,_binary '',NULL,'2016-02-21 17:34:42',NULL,NULL,NULL,'vpadillaramirez@gmail.com',2016,2),(41,'','SERVI PRESTAMOS',NULL,NULL,_binary '',NULL,'2016-03-06 20:12:43',NULL,NULL,NULL,'100211829PACF@gmail.com',2016,3),(42,NULL,'SERVI PRESTAMOS','RANCHITO/LA VEGA','849 262 5308',_binary '',NULL,'2016-03-07 00:22:59','7b31884f-1895-4394-bcaa-55a0cbced37e','2016-03-07 00:32:08',NULL,'drfernandez18@gmail.com',2016,3),(43,'','Credi GIO',NULL,NULL,_binary '',NULL,'2016-03-09 23:21:07',NULL,NULL,NULL,'geovanni.almiron@mail.com',2016,3),(44,'','Credi GIO',NULL,NULL,_binary '',NULL,'2016-03-09 23:42:35',NULL,NULL,NULL,'geovanni.almiron@tigo.net.py',2016,3);
/*!40000 ALTER TABLE `empresa` ENABLE KEYS */;
UNLOCK TABLES;

--
-- Table structure for table `loghome`
--

DROP TABLE IF EXISTS `loghome`;
/*!40101 SET @saved_cs_client     = @@character_set_client */;
/*!40101 SET character_set_client = utf8 */;
CREATE TABLE `loghome` (
  `Id` bigint(11) NOT NULL AUTO_INCREMENT,
  `Visitantes` bigint(11) DEFAULT '0',
  PRIMARY KEY (`Id`)
) ENGINE=InnoDB AUTO_INCREMENT=2 DEFAULT CHARSET=utf8;
/*!40101 SET character_set_client = @saved_cs_client */;

--
-- Dumping data for table `loghome`
--

LOCK TABLES `loghome` WRITE;
/*!40000 ALTER TABLE `loghome` DISABLE KEYS */;
INSERT INTO `loghome` VALUES (1,167);
/*!40000 ALTER TABLE `loghome` ENABLE KEYS */;
UNLOCK TABLES;

--
-- Table structure for table `paramcorreo`
--

DROP TABLE IF EXISTS `paramcorreo`;
/*!40101 SET @saved_cs_client     = @@character_set_client */;
/*!40101 SET character_set_client = utf8 */;
CREATE TABLE `paramcorreo` (
  `ParamCorreoId` int(11) NOT NULL AUTO_INCREMENT,
  `Servidor` varchar(100) NOT NULL,
  `Puerto` int(11) NOT NULL,
  `Usuario` varchar(100) DEFAULT NULL,
  `Password` varchar(100) DEFAULT NULL,
  `EmpresaId` int(11) NOT NULL,
  `Estado` tinyint(1) NOT NULL,
  `CreadoPor` longtext,
  `FechaCreacion` datetime DEFAULT NULL,
  `ModificadoPor` longtext,
  `FechaModificacion` datetime DEFAULT NULL,
  PRIMARY KEY (`ParamCorreoId`),
  KEY `IX_EmpresaId` (`EmpresaId`),
  CONSTRAINT `FK_ParamCorreo_Empresa_EmpresaId` FOREIGN KEY (`EmpresaId`) REFERENCES `empresa` (`EmpresaId`) ON DELETE CASCADE ON UPDATE NO ACTION
) ENGINE=InnoDB AUTO_INCREMENT=4 DEFAULT CHARSET=utf8;
/*!40101 SET character_set_client = @saved_cs_client */;

--
-- Dumping data for table `paramcorreo`
--

LOCK TABLES `paramcorreo` WRITE;
/*!40000 ALTER TABLE `paramcorreo` DISABLE KEYS */;
INSERT INTO `paramcorreo` VALUES (3,'smtp.gmail.com',587,'sisadisoft@gmail.com','wg196507',1,0,'97f27fc9-1061-4355-b689-206de7790f54','2016-01-28 15:10:36','97f27fc9-1061-4355-b689-206de7790f54','2016-02-10 08:14:16');
/*!40000 ALTER TABLE `paramcorreo` ENABLE KEYS */;
UNLOCK TABLES;

--
-- Table structure for table `retiro`
--

DROP TABLE IF EXISTS `retiro`;
/*!40101 SET @saved_cs_client     = @@character_set_client */;
/*!40101 SET character_set_client = utf8 */;
CREATE TABLE `retiro` (
  `RetiroId` int(11) NOT NULL AUTO_INCREMENT,
  `Valor` decimal(10,2) DEFAULT NULL,
  `Fecha` datetime NOT NULL,
  `SocioId` int(11) NOT NULL,
  `ConceptoRetiroId` int(11) NOT NULL,
  `Observacion` text,
  `Estado` bit(1) NOT NULL DEFAULT b'1',
  `CreadoPor` varchar(128) DEFAULT '',
  `FechaCreacion` datetime DEFAULT NULL,
  `ModificadoPor` varchar(128) DEFAULT '',
  `FechaModificacion` datetime DEFAULT NULL,
  PRIMARY KEY (`RetiroId`),
  KEY `IX_SocioId` (`SocioId`),
  KEY `IX_ConceptoRetiroId` (`ConceptoRetiroId`),
  CONSTRAINT `FK_Retiro_ConceptoRetiro_ConceptoRetiroId` FOREIGN KEY (`ConceptoRetiroId`) REFERENCES `conceptoretiro` (`ConceptoRetiroId`) ON DELETE CASCADE ON UPDATE NO ACTION,
  CONSTRAINT `FK_Retiro_Socio_SocioId` FOREIGN KEY (`SocioId`) REFERENCES `socio` (`SocioId`) ON DELETE CASCADE ON UPDATE NO ACTION
) ENGINE=InnoDB AUTO_INCREMENT=120 DEFAULT CHARSET=utf8;
/*!40101 SET character_set_client = @saved_cs_client */;

--
-- Dumping data for table `retiro`
--

LOCK TABLES `retiro` WRITE;
/*!40000 ALTER TABLE `retiro` DISABLE KEYS */;
INSERT INTO `retiro` VALUES (9,1000000.00,'2016-02-11 00:00:00',6,33,NULL,_binary '','6efe93b6-f004-4f42-956f-35013aad9140','2016-02-11 14:23:14',NULL,NULL),(10,5000.00,'2016-02-11 00:00:00',7,34,NULL,_binary '','67801670-1198-46d4-b939-f7522f92a5ae','2016-02-11 14:38:04',NULL,NULL),(11,580000.00,'2016-04-13 00:00:00',5,4,'pago tarjeta de credito',_binary '','97f27fc9-1061-4355-b689-206de7790f54','2016-04-13 12:45:23',NULL,NULL),(12,150000.00,'2016-04-13 00:00:00',5,4,'completar pago pasaporte',_binary '','97f27fc9-1061-4355-b689-206de7790f54','2016-04-13 12:45:46',NULL,NULL),(13,14000.00,'2016-05-16 00:00:00',5,4,'pago cuoto manajo tarjeta de credito',_binary '','97f27fc9-1061-4355-b689-206de7790f54','2016-06-14 12:15:23',NULL,NULL),(14,20000.00,'2016-06-20 00:00:00',5,4,'cuota manejo tarjeta de credito',_binary '','97f27fc9-1061-4355-b689-206de7790f54','2016-06-20 09:13:09',NULL,NULL),(15,200000.00,'2016-05-25 00:00:00',5,4,'para comprar botellas de wisky y ultimos gastos del viaje a chile',_binary '','97f27fc9-1061-4355-b689-206de7790f54','2016-07-05 14:03:33',NULL,NULL),(16,100000.00,'2016-07-06 00:00:00',5,4,'se sacan para pagar plata que debo a fgr',_binary '','97f27fc9-1061-4355-b689-206de7790f54','2016-07-06 10:51:47',NULL,NULL),(17,451019.37,'2016-07-07 00:00:00',5,4,'para pagar deudas en colombia, despues de esto quedo un saldo por pagar de 115.000 a fgr 336.000 a citibank',_binary '','97f27fc9-1061-4355-b689-206de7790f54','2016-07-07 17:06:13',NULL,NULL),(18,60415.00,'2016-08-03 00:00:00',5,4,'para pago tarjeta credito citi',_binary '','97f27fc9-1061-4355-b689-206de7790f54','2016-08-03 12:55:19',NULL,NULL),(19,300000.00,'2016-09-07 00:00:00',5,4,'pago declaracion de renta 2015',_binary '','97f27fc9-1061-4355-b689-206de7790f54','2016-09-07 16:19:35',NULL,NULL),(20,300000.00,'2016-09-07 00:00:00',5,4,'pago credito tax la feria credito william',_binary '','97f27fc9-1061-4355-b689-206de7790f54','2016-09-07 16:20:34',NULL,NULL),(21,112000.00,'2016-09-07 00:00:00',5,4,'pago pension agosto 2016. (Es posible que sea la pension de septiembre no estoy seguro)',_binary '','97f27fc9-1061-4355-b689-206de7790f54','2016-09-07 16:21:37',NULL,NULL),(22,150000.00,'2016-09-07 00:00:00',5,4,'pago cuota apto chimenea',_binary '','97f27fc9-1061-4355-b689-206de7790f54','2016-09-07 16:22:49',NULL,NULL),(23,49324.76,'2016-09-07 00:00:00',5,4,'otros gastos ',_binary '','97f27fc9-1061-4355-b689-206de7790f54','2016-09-07 16:24:13',NULL,NULL),(24,100000.00,'2016-09-16 00:00:00',5,4,'Pago tarjeta de credito Citi Visa',_binary '','97f27fc9-1061-4355-b689-206de7790f54','2016-09-16 15:04:52',NULL,NULL),(25,50000.00,'2016-09-29 00:00:00',5,4,'para regalar plat a la abuelita',_binary '','97f27fc9-1061-4355-b689-206de7790f54','2016-09-29 07:37:06',NULL,NULL),(26,8324.75,'2016-10-11 00:00:00',5,42,'ajuste',_binary '','97f27fc9-1061-4355-b689-206de7790f54','2016-10-11 14:14:52',NULL,NULL),(27,374217.13,'2016-12-08 00:00:00',5,42,NULL,_binary '','97f27fc9-1061-4355-b689-206de7790f54','2016-12-08 10:36:19',NULL,NULL),(28,374217.13,'2016-12-19 00:00:00',5,42,'gastos colombia',_binary '\0','97f27fc9-1061-4355-b689-206de7790f54','2016-12-19 19:18:04','97f27fc9-1061-4355-b689-206de7790f54','2016-12-19 19:18:35'),(29,702189.82,'2016-12-24 00:00:00',5,4,'gastos en colombia',_binary '','97f27fc9-1061-4355-b689-206de7790f54','2016-12-24 12:01:27',NULL,NULL),(30,251074.49,'2016-12-31 00:00:00',5,4,'para pagar deudas en colombia',_binary '','97f27fc9-1061-4355-b689-206de7790f54','2017-01-03 21:38:21',NULL,NULL),(31,1032501.19,'2017-02-04 00:00:00',5,42,'Pagar deudas en colombia',_binary '','97f27fc9-1061-4355-b689-206de7790f54','2017-02-04 18:54:09',NULL,NULL),(32,80852.00,'2017-03-27 00:00:00',5,42,'se ajusto porq se cambio el valor del ultimo credito',_binary '','97f27fc9-1061-4355-b689-206de7790f54','2017-03-27 19:58:26',NULL,NULL),(33,284000.00,'2017-04-11 00:00:00',5,4,'para pagar cuota a tax la feria',_binary '','97f27fc9-1061-4355-b689-206de7790f54','2017-04-11 01:38:25',NULL,NULL),(34,1871000.00,'2017-05-06 00:00:00',5,4,'para pagar credito de william en tax la feria',_binary '','97f27fc9-1061-4355-b689-206de7790f54','2017-05-06 11:51:33','97f27fc9-1061-4355-b689-206de7790f54','2017-05-06 12:02:14'),(35,110000.00,'2017-05-06 00:00:00',5,4,'para regalo de martha del dia de la madre',_binary '','97f27fc9-1061-4355-b689-206de7790f54','2017-05-06 12:02:40',NULL,NULL),(36,1301928.00,'2017-08-12 00:00:00',5,4,'pago creditos icredit',_binary '','97f27fc9-1061-4355-b689-206de7790f54','2017-08-12 02:07:05',NULL,NULL),(37,250000.00,'2017-08-31 00:00:00',5,4,'para ajustar a lo que hay en caja pero pagando los 400.000 mensales para mama',_binary '','97f27fc9-1061-4355-b689-206de7790f54','2017-09-24 08:51:11','97f27fc9-1061-4355-b689-206de7790f54','2017-09-24 08:52:04'),(38,788000.00,'2017-09-24 00:00:00',5,42,'con esta plata se pagaron los creditos que s tienen aca a nombre de william giraldo',_binary '','97f27fc9-1061-4355-b689-206de7790f54','2017-09-24 09:01:16',NULL,NULL),(39,1521640.00,'2017-10-11 00:00:00',5,4,'para pagar cuotas de icredit y ayuda a mama',_binary '','97f27fc9-1061-4355-b689-206de7790f54','2017-10-11 13:01:09',NULL,NULL),(40,50000.00,'2017-11-04 00:00:00',5,4,'para los nios',_binary '','97f27fc9-1061-4355-b689-206de7790f54','2017-11-04 19:51:55',NULL,NULL),(41,100000.00,'2017-11-10 00:00:00',5,4,'para cuota del depto de laureles, se elimino porq sacaron la plata de un taxi',_binary '\0','97f27fc9-1061-4355-b689-206de7790f54','2017-11-10 11:06:52','97f27fc9-1061-4355-b689-206de7790f54','2017-12-04 14:14:23'),(42,100000.00,'2017-12-21 00:00:00',5,4,'para daniel del formulario de la u',_binary '','97f27fc9-1061-4355-b689-206de7790f54','2017-12-21 16:31:37',NULL,NULL),(43,1499481.00,'2018-02-05 00:00:00',5,42,'para localizar error en el credito de 4 millones q le hice a mi mama',_binary '','97f27fc9-1061-4355-b689-206de7790f54','2018-02-05 13:11:28','97f27fc9-1061-4355-b689-206de7790f54','2018-02-05 15:27:17'),(44,200000.00,'2018-03-07 00:00:00',5,42,'yo iba a enviar eta plata para completar los 20 millones pero como a la final solo prestaron 19 ya no es necesario el envio',_binary '','97f27fc9-1061-4355-b689-206de7790f54','2018-03-07 09:47:39',NULL,NULL),(45,838486.00,'2018-05-02 00:00:00',9,4,'se le pago esta plata a mi mama de la plata que dejo el 525',_binary '','97f27fc9-1061-4355-b689-206de7790f54','2018-05-02 21:34:14',NULL,NULL),(46,541637.00,'2018-05-02 00:00:00',5,4,'400 para mama, y 140 pa los chinos',_binary '','97f27fc9-1061-4355-b689-206de7790f54','2018-05-02 21:50:44','97f27fc9-1061-4355-b689-206de7790f54','2018-05-02 21:51:07'),(47,4763113.00,'2018-07-03 00:00:00',5,4,'vacaciones colombia',_binary '','97f27fc9-1061-4355-b689-206de7790f54','2018-07-03 17:43:05',NULL,NULL),(48,150000.00,'2018-07-04 00:00:00',5,4,'pago pension',_binary '','97f27fc9-1061-4355-b689-206de7790f54','2018-07-04 13:07:54',NULL,NULL),(49,1390.39,'2018-07-25 00:00:00',5,42,NULL,_binary '','97f27fc9-1061-4355-b689-206de7790f54','2018-07-25 16:41:27',NULL,NULL),(50,1075000.00,'2018-08-06 00:00:00',9,4,'se le pago con las utilidades del 525 y los pagos de creditos',_binary '','97f27fc9-1061-4355-b689-206de7790f54','2018-08-06 10:38:19',NULL,NULL),(51,400000.00,'2018-08-06 00:00:00',5,4,'para cuota mama',_binary '','97f27fc9-1061-4355-b689-206de7790f54','2018-08-06 10:40:13',NULL,NULL),(52,259950.38,'2018-08-06 00:00:00',5,4,'para pagar cuota en fgr',_binary '','97f27fc9-1061-4355-b689-206de7790f54','2018-08-06 10:44:44',NULL,NULL),(53,885369.68,'2018-08-06 00:00:00',5,4,'para hacer abono a capital',_binary '\0','97f27fc9-1061-4355-b689-206de7790f54','2018-08-06 10:46:48','97f27fc9-1061-4355-b689-206de7790f54','2018-08-06 10:48:45'),(54,185369.68,'2018-08-06 00:00:00',5,4,'para los sobrinos',_binary '','97f27fc9-1061-4355-b689-206de7790f54','2018-08-06 11:12:37',NULL,NULL),(55,170000.00,'2018-08-30 00:00:00',5,4,'pago de declaracion de impuestos colombia',_binary '','97f27fc9-1061-4355-b689-206de7790f54','2018-08-30 11:15:16',NULL,NULL),(56,100000.00,'2018-09-02 00:00:00',5,42,'regalo pa los chicos. ',_binary '','97f27fc9-1061-4355-b689-206de7790f54','2018-09-02 11:09:28',NULL,NULL),(57,400000.00,'2018-09-02 00:00:00',5,4,'ayuda mama',_binary '','97f27fc9-1061-4355-b689-206de7790f54','2018-09-02 11:13:27',NULL,NULL),(58,130000.00,'2018-09-05 00:00:00',5,4,'pension',_binary '','97f27fc9-1061-4355-b689-206de7790f54','2018-09-05 09:42:12',NULL,NULL),(59,260000.00,'2018-09-05 00:00:00',5,4,'esta plata esta en davivienda',_binary '','97f27fc9-1061-4355-b689-206de7790f54','2018-09-05 19:45:30','97f27fc9-1061-4355-b689-206de7790f54','2018-09-26 22:09:44'),(60,375000.00,'2018-10-02 00:00:00',5,4,'se le dio a daniel para consignar en davivienda',_binary '\0','97f27fc9-1061-4355-b689-206de7790f54','2018-10-02 16:25:09','97f27fc9-1061-4355-b689-206de7790f54','2018-10-02 16:27:33'),(61,400000.00,'2018-10-11 00:00:00',5,4,'para arriendo de mama',_binary '','97f27fc9-1061-4355-b689-206de7790f54','2018-10-11 16:07:28',NULL,NULL),(62,8000.00,'2018-10-12 00:00:00',5,42,NULL,_binary '','97f27fc9-1061-4355-b689-206de7790f54','2018-10-12 23:46:42',NULL,NULL),(63,400000.00,'2018-11-11 00:00:00',5,4,'arriendo mama, se hizo el 26 de nov pero en realidad se pago el 11 de nov',_binary '','97f27fc9-1061-4355-b689-206de7790f54','2018-11-26 11:22:14','97f27fc9-1061-4355-b689-206de7790f54','2018-11-26 11:32:33'),(64,130000.00,'2018-12-03 00:00:00',5,4,'pension colombia',_binary '','97f27fc9-1061-4355-b689-206de7790f54','2018-12-03 17:12:38',NULL,NULL),(65,5000.00,'2018-12-03 00:00:00',5,42,'ajuste por pago pension',_binary '','97f27fc9-1061-4355-b689-206de7790f54','2018-12-03 17:13:29',NULL,NULL),(66,450000.00,'2019-02-05 00:00:00',5,4,'este retiro se debio hacer el 05/01/2019',_binary '','97f27fc9-1061-4355-b689-206de7790f54','2019-02-05 20:31:54',NULL,NULL),(67,268000.00,'2019-02-05 00:00:00',5,4,'para pago credito de tax la feria, pagando la plata que me gaste de exopetrol',_binary '','97f27fc9-1061-4355-b689-206de7790f54','2019-02-05 20:36:22',NULL,NULL),(68,268000.00,'2019-02-11 00:00:00',5,4,'para pagar la cuota de tax la feria de diciembre',_binary '','97f27fc9-1061-4355-b689-206de7790f54','2019-03-05 22:00:53',NULL,NULL),(69,450000.00,'2019-03-05 00:00:00',5,4,'Pension, regalo chicos, y ahorro',_binary '','97f27fc9-1061-4355-b689-206de7790f54','2019-03-05 22:04:27',NULL,NULL),(70,132000.00,'2019-03-05 00:00:00',5,4,'pension',_binary '','97f27fc9-1061-4355-b689-206de7790f54','2019-03-05 22:05:32','97f27fc9-1061-4355-b689-206de7790f54','2019-03-05 22:06:23'),(71,160000.00,'2019-03-05 00:00:00',5,4,'para los nios y la abuela. de a 40',_binary '','97f27fc9-1061-4355-b689-206de7790f54','2019-03-05 22:06:08',NULL,NULL),(72,8000.00,'2019-03-05 00:00:00',5,42,'cuota manejo davivienda',_binary '','97f27fc9-1061-4355-b689-206de7790f54','2019-03-05 22:08:09','97f27fc9-1061-4355-b689-206de7790f54','2019-03-05 22:08:36'),(73,400000.00,'2019-03-05 00:00:00',5,4,'depto mama',_binary '','97f27fc9-1061-4355-b689-206de7790f54','2019-03-05 22:55:40',NULL,NULL),(74,268000.00,'2019-03-05 00:00:00',5,4,'credito tax la feria',_binary '','97f27fc9-1061-4355-b689-206de7790f54','2019-03-05 22:56:03',NULL,NULL),(75,130000.00,'2019-04-09 00:00:00',5,4,'pension',_binary '','97f27fc9-1061-4355-b689-206de7790f54','2019-04-09 00:21:36',NULL,NULL),(76,200000.00,'2019-04-09 00:00:00',5,4,'regalo pa los chicos y mama',_binary '','97f27fc9-1061-4355-b689-206de7790f54','2019-04-09 00:21:54',NULL,NULL),(77,100000.00,'2019-04-09 00:00:00',5,4,'para mi papa',_binary '','97f27fc9-1061-4355-b689-206de7790f54','2019-04-09 00:22:23',NULL,NULL),(78,20000.00,'2019-04-09 00:00:00',5,42,'davivienda',_binary '','97f27fc9-1061-4355-b689-206de7790f54','2019-04-09 00:22:43',NULL,NULL),(79,400000.00,'2019-04-09 00:00:00',5,4,'arriendo mama',_binary '','97f27fc9-1061-4355-b689-206de7790f54','2019-04-09 00:30:57',NULL,NULL),(80,268000.00,'2019-04-09 00:00:00',5,4,'credito taxla feria',_binary '','97f27fc9-1061-4355-b689-206de7790f54','2019-04-09 00:31:12',NULL,NULL),(81,968000.00,'2019-05-04 00:00:00',5,4,'400.000 (arriendo depto palermo) + 300.000(sus medicinas) + 268.000 (para martha pagar credito mio en tax la feria)=968.000',_binary '','97f27fc9-1061-4355-b689-206de7790f54','2019-05-04 15:52:22','97f27fc9-1061-4355-b689-206de7790f54','2019-05-04 15:53:49'),(82,451000.00,'2019-06-03 00:00:00',5,4,'130.000 pension + 180.000  dias de madres + 90.000 sobrinos',_binary '','97f27fc9-1061-4355-b689-206de7790f54','2019-06-03 14:32:12','97f27fc9-1061-4355-b689-206de7790f54','2019-06-03 14:32:30'),(83,668000.00,'2019-06-03 00:00:00',5,4,'400 arriendo depto palermo 268 credito tax la feria',_binary '','97f27fc9-1061-4355-b689-206de7790f54','2019-06-03 14:36:24',NULL,NULL),(84,450000.00,'2019-07-03 00:00:00',5,4,'gastos viaje en colombia',_binary '','97f27fc9-1061-4355-b689-206de7790f54','2019-07-03 15:25:29',NULL,NULL),(85,210000.00,'2019-07-16 00:00:00',5,4,'aceite, lavada gol vacaciones colombia',_binary '','97f27fc9-1061-4355-b689-206de7790f54','2019-07-16 20:58:44',NULL,NULL),(86,133000.00,'2019-08-04 00:00:00',5,4,'pension',_binary '','97f27fc9-1061-4355-b689-206de7790f54','2019-08-04 20:28:27',NULL,NULL),(87,120000.00,'2019-08-04 00:00:00',5,4,'sobrinos',_binary '','97f27fc9-1061-4355-b689-206de7790f54','2019-08-04 20:28:44',NULL,NULL),(88,150000.00,'2019-08-04 00:00:00',5,4,'cumple papa',_binary '','97f27fc9-1061-4355-b689-206de7790f54','2019-08-04 20:29:01',NULL,NULL),(89,7000.00,'2019-08-04 00:00:00',5,42,'davivienda',_binary '','97f27fc9-1061-4355-b689-206de7790f54','2019-08-04 20:29:49',NULL,NULL),(90,868000.00,'2019-08-04 00:00:00',5,4,'arriendo palermo+cumple mama+credito tax la feria',_binary '','97f27fc9-1061-4355-b689-206de7790f54','2019-08-04 20:39:18',NULL,NULL),(91,450000.00,'2019-09-03 00:00:00',5,4,'130.000 pension, 300.000 sobrinos y mama 20.000 ajustes bancarios',_binary '','97f27fc9-1061-4355-b689-206de7790f54','2019-09-03 14:09:49',NULL,NULL),(92,400000.00,'2019-09-03 00:00:00',5,4,'depto palermo',_binary '','97f27fc9-1061-4355-b689-206de7790f54','2019-09-03 20:56:10',NULL,NULL),(93,268000.00,'2019-09-03 00:00:00',5,4,'credito tax la feria',_binary '','97f27fc9-1061-4355-b689-206de7790f54','2019-09-03 20:58:19',NULL,NULL),(94,150000.00,'2019-09-03 00:00:00',5,4,'declaracion de renta',_binary '','97f27fc9-1061-4355-b689-206de7790f54','2019-09-03 20:58:44',NULL,NULL),(95,1000.00,'2019-09-03 00:00:00',5,42,NULL,_binary '','97f27fc9-1061-4355-b689-206de7790f54','2019-09-03 21:06:24',NULL,NULL),(96,230000.00,'2019-10-10 00:00:00',5,4,'pensiono y sobrinos',_binary '','97f27fc9-1061-4355-b689-206de7790f54','2019-10-10 00:52:40',NULL,NULL),(97,800000.00,'2019-10-10 00:00:00',5,4,'para mama',_binary '','97f27fc9-1061-4355-b689-206de7790f54','2019-10-10 00:53:16',NULL,NULL),(98,268000.00,'2019-10-10 00:00:00',5,4,'credito tax la feria',_binary '','97f27fc9-1061-4355-b689-206de7790f54','2019-10-10 00:53:40',NULL,NULL),(99,100000.00,'2019-10-28 00:00:00',5,4,'para david mexico',_binary '','97f27fc9-1061-4355-b689-206de7790f54','2019-10-28 20:57:36',NULL,NULL),(100,28000000.00,'2019-12-21 00:00:00',5,4,'para comprar ford fiesta',_binary '','97f27fc9-1061-4355-b689-206de7790f54','2019-12-21 20:22:29',NULL,NULL),(101,162000.00,'2019-12-27 00:00:00',5,4,'gastos en manizales',_binary '','97f27fc9-1061-4355-b689-206de7790f54','2019-12-27 19:10:42',NULL,NULL),(102,1200000.00,'2020-01-07 00:00:00',5,4,'lavadora',_binary '','97f27fc9-1061-4355-b689-206de7790f54','2020-01-07 08:08:38',NULL,NULL),(103,500000.00,'2020-01-07 00:00:00',5,4,'arriendo armenia',_binary '','97f27fc9-1061-4355-b689-206de7790f54','2020-01-07 08:08:58',NULL,NULL),(104,1600000.00,'2020-01-07 00:00:00',5,4,'cama',_binary '','97f27fc9-1061-4355-b689-206de7790f54','2020-01-07 08:09:21',NULL,NULL),(105,400000.00,'2020-01-07 00:00:00',5,4,'cuota mama',_binary '','97f27fc9-1061-4355-b689-206de7790f54','2020-01-07 08:09:53',NULL,NULL),(106,268000.00,'2020-01-07 00:00:00',5,4,'credito tax la feria',_binary '','97f27fc9-1061-4355-b689-206de7790f54','2020-01-07 08:10:05',NULL,NULL),(107,1800000.00,'2020-01-07 00:00:00',5,4,'tv 55',_binary '','97f27fc9-1061-4355-b689-206de7790f54','2020-01-07 08:12:08',NULL,NULL),(108,2483675.00,'2020-01-13 00:00:00',5,4,'gastos nueva vida en armenia',_binary '','97f27fc9-1061-4355-b689-206de7790f54','2020-01-13 09:28:17',NULL,NULL),(109,100000.00,'2020-02-02 00:00:00',5,4,'le pago 100 a mi mama que me presto para la ropa donde uriel',_binary '','97f27fc9-1061-4355-b689-206de7790f54','2020-02-02 11:04:30',NULL,NULL),(110,1156000.00,'2020-02-08 00:00:00',5,4,'gastos febrero, seguro ford a alex. De la plata q me paso martha por bancolombia',_binary '','97f27fc9-1061-4355-b689-206de7790f54','2020-02-08 15:06:40',NULL,NULL),(111,268000.00,'2020-02-08 00:00:00',5,4,'para pagar a tax la feria',_binary '','97f27fc9-1061-4355-b689-206de7790f54','2020-02-08 15:34:38',NULL,NULL),(112,235000.00,'2020-04-24 00:00:00',5,4,'para dulces de william',_binary '','97f27fc9-1061-4355-b689-206de7790f54','2020-04-24 21:28:04',NULL,NULL),(113,92390.00,'2020-05-05 00:00:00',5,42,'para completar cuota apto palermo',_binary '','97f27fc9-1061-4355-b689-206de7790f54','2020-05-05 01:46:06',NULL,NULL),(114,267000.00,'2020-06-02 00:00:00',5,4,'para pagar el credito de tax la feria',_binary '','97f27fc9-1061-4355-b689-206de7790f54','2020-06-02 22:26:15',NULL,NULL),(115,2345.00,'2020-06-02 00:00:00',5,42,NULL,_binary '','97f27fc9-1061-4355-b689-206de7790f54','2020-06-02 22:41:21',NULL,NULL),(116,400000.00,'2020-06-02 00:00:00',5,4,'arriendo punta del este',_binary '','97f27fc9-1061-4355-b689-206de7790f54','2020-06-02 22:45:10',NULL,NULL),(117,267000.00,'2020-07-04 00:00:00',5,4,'para pagar credtio tax la feria. osea lo de los aports de ecopetrol',_binary '','97f27fc9-1061-4355-b689-206de7790f54','2020-07-04 00:03:24',NULL,NULL),(118,400000.00,'2020-07-04 00:00:00',5,4,'arriendo punta del este',_binary '','97f27fc9-1061-4355-b689-206de7790f54','2020-07-04 00:12:13',NULL,NULL),(119,33900000.00,'2020-07-29 00:00:00',5,4,'para comprar el 30% del 525',_binary '','97f27fc9-1061-4355-b689-206de7790f54','2020-07-29 15:06:59',NULL,NULL);
/*!40000 ALTER TABLE `retiro` ENABLE KEYS */;
UNLOCK TABLES;

--
-- Table structure for table `retirointeres`
--

DROP TABLE IF EXISTS `retirointeres`;
/*!40101 SET @saved_cs_client     = @@character_set_client */;
/*!40101 SET character_set_client = utf8 */;
CREATE TABLE `retirointeres` (
  `RetiroInteresId` int(11) NOT NULL AUTO_INCREMENT,
  `Valor` decimal(10,2) DEFAULT NULL,
  `Fecha` datetime NOT NULL,
  `EmpresaId` int(11) NOT NULL,
  `Observacion` text,
  `CreadoPor` varchar(128) DEFAULT NULL,
  `FechaCreacion` datetime DEFAULT NULL,
  `ModificadoPor` varchar(128) DEFAULT NULL,
  `FechaModificacion` datetime DEFAULT NULL,
  `Estado` bit(1) NOT NULL DEFAULT b'1',
  `RetiroInteresNro` int(11) DEFAULT NULL,
  PRIMARY KEY (`RetiroInteresId`),
  KEY `IX_EmpresaId` (`EmpresaId`),
  CONSTRAINT `FK_RetiroInteres_Empresa_EmpresaId` FOREIGN KEY (`EmpresaId`) REFERENCES `empresa` (`EmpresaId`) ON DELETE CASCADE ON UPDATE NO ACTION
) ENGINE=InnoDB AUTO_INCREMENT=31 DEFAULT CHARSET=utf8;
/*!40101 SET character_set_client = @saved_cs_client */;

--
-- Dumping data for table `retirointeres`
--

LOCK TABLES `retirointeres` WRITE;
/*!40000 ALTER TABLE `retirointeres` DISABLE KEYS */;
INSERT INTO `retirointeres` VALUES (3,3000.00,'2016-02-10 00:00:00',39,NULL,'db856a4c-88dd-4888-8eb6-59171ad9ac17','2016-02-19 20:07:25',NULL,NULL,_binary '',1),(4,7000.00,'2016-05-16 00:00:00',1,'se saca esta utilidad para pagar cuota de manejo de tarjeta de credito. Deberian ser 14000 pero habian 7000 de mas en la cuent de ahorros','97f27fc9-1061-4355-b689-206de7790f54','2016-05-22 09:38:02',NULL,NULL,_binary '',3),(5,57000.00,'2016-05-23 00:00:00',1,'para ajustar descuadre en fgr,','97f27fc9-1061-4355-b689-206de7790f54','2016-05-23 15:17:14',NULL,NULL,_binary '',4),(6,100000.00,'2016-05-24 00:00:00',1,'pa gastar','97f27fc9-1061-4355-b689-206de7790f54','2016-05-24 15:39:01',NULL,NULL,_binary '',5),(7,312687.44,'2016-05-25 00:00:00',1,'utilidad del mes de mayo. Esto se aporta de nuevo','97f27fc9-1061-4355-b689-206de7790f54','2016-05-25 14:04:13',NULL,NULL,_binary '',6),(8,291534.34,'2016-07-06 00:00:00',1,'se retiran para acabar de pagar gastos viaje chile','97f27fc9-1061-4355-b689-206de7790f54','2016-07-06 09:01:59',NULL,NULL,_binary '',7),(9,376758.02,'2016-08-03 00:00:00',1,NULL,'97f27fc9-1061-4355-b689-206de7790f54','2016-08-03 12:37:09',NULL,NULL,_binary '',8),(10,382134.84,'2016-09-07 00:00:00',1,'retiro utilidades mes agosto 2016','97f27fc9-1061-4355-b689-206de7790f54','2016-09-07 16:17:09',NULL,NULL,_binary '',9),(11,373983.14,'2016-10-04 00:00:00',1,'retiro utilidades septiembre 2016',NULL,NULL,'97f27fc9-1061-4355-b689-206de7790f54','2016-10-04 10:32:13',_binary '',10),(12,762391.58,'2016-12-08 00:00:00',1,'retiro de utilidades de noviembre','97f27fc9-1061-4355-b689-206de7790f54','2016-12-08 10:21:43',NULL,NULL,_binary '',11),(13,313353.57,'2016-12-24 00:00:00',1,'parte de utilidades de diciembre','97f27fc9-1061-4355-b689-206de7790f54','2016-12-24 11:59:55',NULL,NULL,_binary '',12),(14,79236.90,'2016-12-31 00:00:00',1,NULL,'97f27fc9-1061-4355-b689-206de7790f54','2017-01-03 21:37:18',NULL,NULL,_binary '',13),(15,382667.22,'2017-02-04 00:00:00',1,'utilidades enero 2017','97f27fc9-1061-4355-b689-206de7790f54','2017-02-04 18:51:35',NULL,NULL,_binary '',14),(16,100000.00,'2017-05-16 00:00:00',1,'para completar cuota apto mama','97f27fc9-1061-4355-b689-206de7790f54','2017-05-16 07:37:09',NULL,NULL,_binary '',15),(17,1966669.90,'2017-07-03 00:00:00',1,NULL,'97f27fc9-1061-4355-b689-206de7790f54','2017-07-03 21:19:43',NULL,NULL,_binary '',16),(18,150000.00,'2018-08-02 00:00:00',1,'pago pension','97f27fc9-1061-4355-b689-206de7790f54','2018-08-02 15:03:50',NULL,NULL,_binary '',17),(19,225003.41,'2018-08-03 00:00:00',1,'regalo de cumpleaos papa','97f27fc9-1061-4355-b689-206de7790f54','2018-08-03 12:42:45',NULL,NULL,_binary '',18),(20,1330000.00,'2018-09-02 00:00:00',1,NULL,'97f27fc9-1061-4355-b689-206de7790f54','2018-09-02 11:44:51',NULL,NULL,_binary '',19),(21,1705000.00,'2018-09-05 00:00:00',1,NULL,'97f27fc9-1061-4355-b689-206de7790f54','2018-09-05 09:40:18',NULL,NULL,_binary '',20),(22,4856769.00,'2018-09-05 00:00:00',1,NULL,'97f27fc9-1061-4355-b689-206de7790f54','2018-09-05 19:56:03',NULL,NULL,_binary '',21),(23,90000.00,'2018-10-02 00:00:00',1,'para consignar pagar pignoracion tio','97f27fc9-1061-4355-b689-206de7790f54','2018-10-02 16:27:49','97f27fc9-1061-4355-b689-206de7790f54','2018-10-02 17:40:40',_binary '',22),(24,285000.00,'2018-10-02 00:00:00',1,'para consignar a davivienda','97f27fc9-1061-4355-b689-206de7790f54','2018-10-02 17:40:56',NULL,NULL,_binary '',23),(25,150000.00,'2018-11-05 00:00:00',1,'Para las chachos','97f27fc9-1061-4355-b689-206de7790f54','2018-11-05 10:00:50',NULL,NULL,_binary '',24),(26,130000.00,'2018-11-05 00:00:00',1,'para pension','97f27fc9-1061-4355-b689-206de7790f54','2018-11-05 10:01:03',NULL,NULL,_binary '',25),(27,15000.00,'2018-11-05 00:00:00',1,'gastos bancarios davivienda','97f27fc9-1061-4355-b689-206de7790f54','2018-11-05 10:05:18',NULL,NULL,_binary '',26),(28,80000.00,'2018-11-06 00:00:00',1,'para mama','97f27fc9-1061-4355-b689-206de7790f54','2018-11-06 20:39:11',NULL,NULL,_binary '',27),(29,37500.00,'2018-11-26 00:00:00',1,'se regalo a mi papa los primero interese del credito 33','97f27fc9-1061-4355-b689-206de7790f54','2018-12-16 17:26:06',NULL,NULL,_binary '',28),(30,11842827.00,'2020-02-18 00:00:00',1,NULL,'97f27fc9-1061-4355-b689-206de7790f54','2020-02-18 09:12:31',NULL,NULL,_binary '',29);
/*!40000 ALTER TABLE `retirointeres` ENABLE KEYS */;
UNLOCK TABLES;

--
-- Table structure for table `socio`
--

DROP TABLE IF EXISTS `socio`;
/*!40101 SET @saved_cs_client     = @@character_set_client */;
/*!40101 SET character_set_client = utf8 */;
CREATE TABLE `socio` (
  `SocioId` int(11) NOT NULL AUTO_INCREMENT,
  `Nit` varchar(100) NOT NULL DEFAULT '',
  `Nombre` varchar(100) NOT NULL,
  `EmpresaId` int(11) NOT NULL,
  `Estado` bit(1) NOT NULL DEFAULT b'1',
  `CreadoPor` varchar(128) DEFAULT '',
  `FechaCreacion` datetime DEFAULT NULL,
  `ModificadoPor` varchar(128) DEFAULT '',
  `FechaModificacion` datetime DEFAULT NULL,
  PRIMARY KEY (`SocioId`),
  KEY `IX_EmpresaId` (`EmpresaId`),
  CONSTRAINT `FK_Socio_Empresa_EmpresaId` FOREIGN KEY (`EmpresaId`) REFERENCES `empresa` (`EmpresaId`) ON DELETE CASCADE ON UPDATE NO ACTION
) ENGINE=InnoDB AUTO_INCREMENT=11 DEFAULT CHARSET=utf8;
/*!40101 SET character_set_client = @saved_cs_client */;

--
-- Dumping data for table `socio`
--

LOCK TABLES `socio` WRITE;
/*!40000 ALTER TABLE `socio` DISABLE KEYS */;
INSERT INTO `socio` VALUES (5,'75088866','William Gustavo Giraldo Restrepo',1,_binary '','97f27fc9-1061-4355-b689-206de7790f54','2016-02-01 13:45:00','97f27fc9-1061-4355-b689-206de7790f54','2016-04-08 09:51:56'),(6,'1311968','Frg',36,_binary '','6efe93b6-f004-4f42-956f-35013aad9140','2016-02-11 14:15:35',NULL,NULL),(7,'12345','lilia',37,_binary '','67801670-1198-46d4-b939-f7522f92a5ae','2016-02-11 14:36:15',NULL,NULL),(8,'1311968','Creditos FGR',1,_binary '','97f27fc9-1061-4355-b689-206de7790f54','2017-11-03 18:49:30','97f27fc9-1061-4355-b689-206de7790f54','2017-12-21 16:32:02'),(9,'24784587','Emma Restrepo',1,_binary '','97f27fc9-1061-4355-b689-206de7790f54','2018-04-28 13:01:20',NULL,NULL),(10,'1111111','Acciones ecopetrol',1,_binary '','97f27fc9-1061-4355-b689-206de7790f54','2018-07-03 17:44:35',NULL,NULL);
/*!40000 ALTER TABLE `socio` ENABLE KEYS */;
UNLOCK TABLES;

--
-- Table structure for table `tipocuota`
--

DROP TABLE IF EXISTS `tipocuota`;
/*!40101 SET @saved_cs_client     = @@character_set_client */;
/*!40101 SET character_set_client = utf8 */;
CREATE TABLE `tipocuota` (
  `TipoCuotaId` varchar(128) NOT NULL,
  `Nombre` varchar(100) DEFAULT NULL,
  `Estado` tinyint(1) DEFAULT NULL,
  PRIMARY KEY (`TipoCuotaId`)
) ENGINE=InnoDB DEFAULT CHARSET=utf8;
/*!40101 SET character_set_client = @saved_cs_client */;

--
-- Dumping data for table `tipocuota`
--

LOCK TABLES `tipocuota` WRITE;
/*!40000 ALTER TABLE `tipocuota` DISABLE KEYS */;
INSERT INTO `tipocuota` VALUES ('CI','CUOTA INTERES COBRANDO CAPITAL AL FINAL',1),('FI','CUOTA FIJA CALCULANDO INTERESES SOBRE SALDO',1),('IM','CUOTA FIJA CALCULANDO INTERESES POR MES',0),('VA','CUOTA VARIABLE CALCULANDO INTERESES SOBRE SALDO',1);
/*!40000 ALTER TABLE `tipocuota` ENABLE KEYS */;
UNLOCK TABLES;

--
-- Table structure for table `usuario`
--

DROP TABLE IF EXISTS `usuario`;
/*!40101 SET @saved_cs_client     = @@character_set_client */;
/*!40101 SET character_set_client = utf8 */;
CREATE TABLE `usuario` (
  `UsuarioId` int(11) NOT NULL AUTO_INCREMENT,
  `UsuDocumento` varchar(100) DEFAULT NULL,
  `UsuNombre` varchar(255) DEFAULT NULL,
  `UsuTelefono` varchar(255) DEFAULT NULL,
  `aspnetusersId` varchar(128) NOT NULL DEFAULT '',
  `EmpresaId` int(11) NOT NULL,
  `CreadoPor` varchar(128) DEFAULT NULL,
  `FechaCreacion` datetime DEFAULT NULL,
  `ModificadoPor` varchar(128) DEFAULT NULL,
  `FechaModificacion` datetime DEFAULT NULL,
  `Estado` bit(1) NOT NULL DEFAULT b'1',
  `UsuEmail` varchar(200) DEFAULT NULL,
  PRIMARY KEY (`UsuarioId`),
  KEY `usuario_empresa` (`EmpresaId`),
  CONSTRAINT `usuario_empresa` FOREIGN KEY (`EmpresaId`) REFERENCES `empresa` (`EmpresaId`)
) ENGINE=InnoDB AUTO_INCREMENT=45 DEFAULT CHARSET=utf8;
/*!40101 SET character_set_client = @saved_cs_client */;

--
-- Dumping data for table `usuario`
--

LOCK TABLES `usuario` WRITE;
/*!40000 ALTER TABLE `usuario` DISABLE KEYS */;
INSERT INTO `usuario` VALUES (1,'75088866','William Gustavo Giraldo',NULL,'97f27fc9-1061-4355-b689-206de7790f54',1,NULL,NULL,'0c6d9e5b-f0bf-4aa6-b98b-4f95c63631c1','2016-02-03 11:37:06',_binary '','williamgustavo@gmail.com'),(36,NULL,'FGR',NULL,'6efe93b6-f004-4f42-956f-35013aad9140',36,NULL,'2016-02-11 14:09:16',NULL,NULL,_binary '','william.gustavo@gmail.com'),(37,NULL,'liliana',NULL,'67801670-1198-46d4-b939-f7522f92a5ae',37,NULL,'2016-02-11 14:32:58',NULL,NULL,_binary '','lilalg16@hotmail.com'),(38,NULL,'horka2000@hotmail.com',NULL,'b8502b83-ada2-4dda-a1f9-28fc2f8b35ad',38,NULL,'2016-02-12 16:00:48',NULL,NULL,_binary '','horka2000@hotmail.com'),(39,NULL,'asas',NULL,'db856a4c-88dd-4888-8eb6-59171ad9ac17',39,NULL,'2016-02-19 20:00:12',NULL,NULL,_binary '','saske_r@hotmail.com'),(40,NULL,'Inversiones Padilla y A ',NULL,'c10563cf-c8f1-4e23-b9c1-e773f58db58f',40,NULL,'2016-02-21 17:34:42',NULL,NULL,_binary '','vpadillaramirez@gmail.com'),(41,NULL,'SERVI PRESTAMOS',NULL,'87b4e46f-a94f-4f31-849f-105128047b89',41,NULL,'2016-03-06 20:12:43',NULL,NULL,_binary '','100211829PACF@gmail.com'),(42,NULL,'SERVI PRESTAMOS',NULL,'7b31884f-1895-4394-bcaa-55a0cbced37e',42,NULL,'2016-03-07 00:22:59',NULL,NULL,_binary '','drfernandez18@gmail.com'),(43,NULL,'Credi GIO',NULL,'437ac981-2694-48af-be1e-d2c6b9697065',43,NULL,'2016-03-09 23:21:07',NULL,NULL,_binary '','geovanni.almiron@mail.com'),(44,NULL,'Credi GIO',NULL,'1d401696-e6fa-4843-88ee-5a2df8f484ec',44,NULL,'2016-03-09 23:42:35',NULL,NULL,_binary '','geovanni.almiron@tigo.net.py');
/*!40000 ALTER TABLE `usuario` ENABLE KEYS */;
UNLOCK TABLES;
/*!40103 SET TIME_ZONE=@OLD_TIME_ZONE */;

/*!40101 SET SQL_MODE=@OLD_SQL_MODE */;
/*!40014 SET FOREIGN_KEY_CHECKS=@OLD_FOREIGN_KEY_CHECKS */;
/*!40014 SET UNIQUE_CHECKS=@OLD_UNIQUE_CHECKS */;
/*!40101 SET CHARACTER_SET_CLIENT=@OLD_CHARACTER_SET_CLIENT */;
/*!40101 SET CHARACTER_SET_RESULTS=@OLD_CHARACTER_SET_RESULTS */;
/*!40101 SET COLLATION_CONNECTION=@OLD_COLLATION_CONNECTION */;
/*!40111 SET SQL_NOTES=@OLD_SQL_NOTES */;

-- Dump completed on 2020-07-29 15:13:04
